ID;REQ;TIPO;SISTEMA/ CANAL;USUARIO;ACCIÓN;FECHA;HORAS;ESTADO
;REQ 2024-022552;PRY;MAC;CRODRIGUEZ;04_Desarrollo;02/01/2026;09:30:00;Cerrada
;INC 2026-000053;INC;APP/ WEB;JROSALES;02_Analizado;02/01/2026;00:45:00;Cerrada
;INC 2026-000080;INC;APP/ WEB;JROSALES;02_Analisis;02/01/2026;00:45:00;Cerrada
;INC 2026-000092;INC;APP/ WEB;JROSALES;02_Analisis;02/01/2026;00:45:00;Cerrada
;INC 2026-000113;INC;APP/ WEB;JROSALES;02_Analisis;02/01/2026;00:45:00;Cerrada
;INC 2026-000130;INC;APP/ WEB;JROSALES;02_Analisis;02/01/2026;01:30:00;Cerrada
;INC 2026-000277;INC;SIC;JROSALES;02_Analisis;02/01/2026;00:40:00;Cerrada
;REQ 2026-000343;EXP;SIC;JROSALES;02_Analisis;02/01/2026;01:30:00;Cerrada
;INC 2026-000058;INC;AGENDA CITAS;JROSALES;02_Analisis;02/01/2026;00:30:00;Cerrada
;INC 2026-000177;INC;APP/ WEB;JROSALES;02_Analisis;02/01/2026;00:30:00;Cerrada
;REQ 2026-000166;REQ;MAC;JROSALES;02_Analisis;02/01/2026;00:20:00;Cerrada
;REQ 2026-000167;REQ;MAC;JROSALES;02_Analisis;02/01/2026;00:20:00;Cerrada
;REQ 2026-000168;REQ;MAC;JROSALES;02_Analisis;02/01/2026;00:20:00;Cerrada
;REQ 2026-000169;REQ;MAC;JROSALES;02_Analisis;02/01/2026;00:20:00;Cerrada
;INC 2026-000348;INC;APP/ WEB;JROSALES;02_Analisis;02/01/2026;01:00:00;Cerrada
;INC 2025-045936;INC;APP/ WEB;JROSALES;02_Analisis;02/01/2026;00:45:00;Cerrada
;INC 2025-046006;INC;APP/ WEB;JROSALES;02_Analisis;02/01/2026;00:45:00;Cerrada
;REQ 2024-022552;PRY;MAC;AMOROMISATO;04_Desarrollo;02/01/2026;09:30:00;Cerrada
;INC 2025-045805;INC;SIC;JREBAZA;02_Analizado;02/01/2026;00:30:00;Cerrada
;INC 2025-045813;INC;SIC;JREBAZA;02_Analisis;02/01/2026;00:30:00;Cerrada
;INC 2026-000040;INC;AGENDA CITAS;JREBAZA;02_Analisis;02/01/2026;00:30:00;Cerrada
;INC 2026-000049;INC;AGENDA CITAS;JREBAZA;02_Analisis;02/01/2026;00:30:00;Cerrada
;INC 2026-000101;INC;SIC;JREBAZA;02_Analisis;02/01/2026;00:50:00;Cerrada
;INC 2026-000110;INC;SIC;JREBAZA;02_Analisis;02/01/2026;00:30:00;Cerrada
;INC 2026-000135;INC;SIC;JREBAZA;02_Analisis;02/01/2026;00:30:00;Cerrada
;INC 2026-000185;INC;SIC;JREBAZA;02_Analisis;02/01/2026;00:30:00;Cerrada
;REQ 2025-043550;REQ;HIS;JREBAZA;02_Analisis;02/01/2026;01:00:00;Cerrada
;REQ 2025-044080;REQ;SIC;JREBAZA;02_Analisis;02/01/2026;00:30:00;Cerrada
;REQ 2025-045832;REQ;MAC;JREBAZA;02_Analisis;02/01/2026;00:30:00;Cerrada
;REQ 2025-045913;EXP;SIC;JREBAZA;02_Analisis;02/01/2026;01:00:00;Cerrada
;REQ 2025-045958;EXP;SIC;JREBAZA;02_Analisis;02/01/2026;00:30:00;Cerrada
;REQ 2025-045973;REQ;MAC;JREBAZA;02_Analisis;02/01/2026;00:30:00;Cerrada
;REQ 2026-000042;REQ;MAC;JREBAZA;02_Analisis;02/01/2026;00:30:00;Cerrada
;REQ 2026-000099;REQ;SAP;JREBAZA;02_Analisis;02/01/2026;00:30:00;Cerrada
;REQ 2026-000102;REQ;SIC;JREBAZA;02_Analisis;02/01/2026;00:50:00;Cerrada
;INC 2025-045727;INC;SAP;PBARDALES;02_Analisis;02/01/2026;00:30:00;Cerrada
;INC 2025-045492;INC;PORTAL PROVEEDORES;PBARDALES;02_Analizado;02/01/2026;00:50:00;Cerrada
;REQ 2025-045449;REQ;PORTAL PROVEEDORES;PBARDALES;02_Analisis;02/01/2026;00:40:00;Cerrada
;REQ 2024-022552;PRY;MAC;YSUYCO;02_Analisis;02/01/2026;14:00:00;Cerrada
;REQ 2025-041278;REQ;HCE;RGREY;04_Desarrollo;02/01/2026;09:30:00;Cerrada
;REQ 2024-022552;PRY;MAC;TMACASSI;04_Desarrollo;02/01/2026;16:00:00;Cerrada
;REQ 2025-025291;REQ;SIC;JGUILLEN;04_Desarrollo;02/01/2026;09:30:00;Cerrada
;REQ 2024-022552;PRY;MAC;PBARDALES;04_Desarrollo;02/01/2026;03:00:00;Cerrada
;INC 2025-045893;EXP;AGENDA CITAS;PBARDALES;04_Desarrollo;02/01/2026;01:00:00;Cerrada
;REQ 2025-020052;REQ;SAP;PBARDALES;04_Desarrollo;02/01/2026;03:50:00;Cerrado
;REQ 2024-022552;PRY;MAC;YSUYCO;02_Analisis;03/01/2026;16:00:00;Cerrado
;REQ 2024-022552;PRY;MAC;TMACASSI;04_Desarrollo;03/01/2026;10:00:00;Cerrado
;REQ 2024-022552;PRY;MAC;YSUYCO;02_Analisis;04/01/2026;04:00:00;Cerrado
;REQ 2024-022552;PRY;MAC;TMACASSI;04_Desarrollo;04/01/2026;04:00:00;Cerrada
;REQ 2024-022552;PRY;MAC;CRODRIGUEZ;04_Desarrollo;05/01/2026;09:30:00;Cerrada
;INC 2026-000513;INC;APP/ WEB;JROSALES;02_Analisis;05/01/2026;00:45:00;Cerrado
;INC 2026-000515;INC;AGENDA CITAS;JROSALES;02_Analisis;05/01/2026;00:30:00;Cerrada
;INC 2025-045544;INC;APP/ WEB;JROSALES;02_Analisis;05/01/2026;01:20:00;Cerrada
;INC 2025-045544;INC;APP/ WEB;JROSALES;02_Analisis;05/01/2026;00:30:00;Cerrada
;INC 2026-000472;INC;MAC;JROSALES;02_Analisis;05/01/2026;00:40:00;Cerrada
;INC 2026-001125;INC;SIC;JROSALES;02_Analisis;05/01/2026;00:20:00;Cerrada
;INC 2026-000435;INC;HCE;JROSALES;02_Analisis;05/01/2026;00:25:00;Cerrada
;INC 2026-000444;INC;SIL;JROSALES;02_Analisis;05/01/2026;01:30:00;Cerrada
;REQ 2026-000914;REQ;MAC;JROSALES;02_Analisis;05/01/2026;00:30:00;Cerrada
;INC 2026-000301;INC;SIC;JROSALES;02_Analisis;05/01/2026;01:30:00;Cerrada
;INC 2026-000334;INC;APP/ WEB;JROSALES;02_Analisis;05/01/2026;00:40:00;Cerrada
;REQ 2026-000361;REQ;MAC;JROSALES;02_Analisis;05/01/2026;00:30:00;Cerrada
;REQ 2026-000367;REQ;MAC;JROSALES;02_Analisis;05/01/2026;00:30:00;Cerrada
;REQ 2026-000916;REQ;MAC;JROSALES;02_Analisis;05/01/2026;00:20:00;Cerrada
;INC 2026-000908;INC;HCE;JROSALES;02_Analisis;05/01/2026;00:20:00;Cerrada
;INC 2025-044259;INC;SIL;JROSALES;02_Analizado;05/01/2026;00:20:00;Cerrada
;INC 2026-000315;INC;AGENDA CITAS;JROSALES;02_Analisis;05/01/2026;00:30:00;Cerrada
;REQ 2024-022552;PRY;MAC;AMOROMISATO;04_Desarrollo;05/01/2026;09:30:00;Cerrada
;REQ 2025-043267;EXP;HIS;RGREY;02_Analisis;05/01/2026;02:00:00;Cerrada
;INC 2025-044627;INC;HCE;JREBAZA;02_Analisis;05/01/2026;00:30:00;Cerrada
;INC 2025-045120;INC;SIC;JREBAZA;02_Analisis;05/01/2026;00:50:00;Cerrada
;INC 2025-045122;INC;SIC;JREBAZA;02_Analisis;05/01/2026;00:30:00;Cerrada
;INC 2025-045752;INC;SIC;JREBAZA;02_Analisis;05/01/2026;00:50:00;Cerrada
;INC 2026-000181;INC;SIC;JREBAZA;02_Analisis;05/01/2026;00:50:00;Cerrada
;INC 2026-000277;INC;SIC;JREBAZA;02_Analisis;05/01/2026;01:50:00;Cerrada
;INC 2026-000323;INC;SIC;JREBAZA;02_Analisis;05/01/2026;00:50:00;Cerrada
;REQ 2025-045289;REQ;SIC;JREBAZA;02_Analisis;05/01/2026;00:50:00;Cerrada
;REQ 2026-000313;REQ;MAC;JREBAZA;02_Analisis;05/01/2026;00:30:00;Cerrada
;REQ 2026-000341;EXP;SIC;JREBAZA;02_Analisis;05/01/2026;00:50:00;Cerrada
;REQ 2026-000343;EXP;SIC;JREBAZA;02_Analisis;05/01/2026;00:30:00;Cerrada
;REQ 2026-000386;EXP;SIC;JREBAZA;02_Analisis;05/01/2026;00:50:00;Cerrada
;INC 2025-045935;INC;SAP;PBARDALES;02_Analisis;05/01/2026;00:40:00;Cerrada
;INC 2025-045673;INC;HCE;PBARDALES;02_Analisis;05/01/2026;00:30:00;Cerrada
;REQ 2024-022552;PRY;MAC;YSUYCO;02_Analisis;05/01/2026;12:00:00;Cerrada
;REQ 2025-043267;EXP;HIS;RGREY;04_Desarrollo;05/01/2026;07:30:00;Cerrada
;REQ 2024-022552;PRY;MAC;TMACASSI;04_Desarrollo;05/01/2026;12:00:00;Cerrada
;REQ 2025-025291;REQ;SIC;JGUILLEN;04_Desarrollo;05/01/2026;09:30:00;Cerrada
;REQ 2025-042705;REQ;SIC;FGONZALES;04_Desarrollo;05/01/2026;02:30:00;Cerrada
;INC 2025-045926;EXP;AGENDA CITAS;PBARDALES;04_Desarrollo;05/01/2026;01:00:00;Cerrada
;REQ 2025-045963;EXP;AGENDA CITAS;PBARDALES;04_Desarrollo;05/01/2026;01:00:00;Cerrada
;REQ 2025-020052;REQ;SAP;PBARDALES;04_Desarrollo;05/01/2026;03:30:00;Cerrada
;INC 2025-045954;EXP;AGENDA CITAS;PBARDALES;04_Desarrollo;05/01/2026;01:00:00;Cerrada
;REQ 2025-043993;REQ;SAP;PBARDALES;04_Desarrollo;05/01/2026;02:00:00;Cerrada
;REQ 2025-042705;REQ;SIC;FGONZALES;07_Documentación;05/01/2026;03:00:00;Cerrada
;REQ 2024-022552;PRY;MAC;CRODRIGUEZ;04_Desarrollo;06/01/2026;05:00:00;Cerrada
;REQ 2025-042069;REQ;APP/ WEB;CRODRIGUEZ;04_Desarrollo;06/01/2026;04:30:00;Cerrada
;INC 2026-000782;INC;HCE;JROSALES;02_Analisis;06/01/2026;00:30:00;Cerrada
;INC 2026-000773;INC;HCE;JROSALES;02_Analisis;06/01/2026;00:30:00;Cerrada
;INC 2026-000450;INC;APP/ WEB;JROSALES;02_Analisis;06/01/2026;00:50:00;Cerrada
;INC 2026-000728;INC;HCE;JROSALES;02_Analisis;06/01/2026;01:30:00;Cerrada
;INC 2026-000520;INC;APP/ WEB;JROSALES;02_Analisis;06/01/2026;00:45:00;Cerrada
;INC 2026-000599;INC;MAC;JROSALES;02_Analisis;06/01/2026;00:30:00;Cerrada
;REQ 2026-000626;REQ;MAC;JROSALES;02_Analisis;06/01/2026;00:50:00;Cerrada
;INC 2026-000647;INC;HCE;JROSALES;02_Analisis;06/01/2026;00:15:00;Cerrado
;INC 2026-000663;INC;HCE;JROSALES;02_Analisis;06/01/2026;00:30:00;Cerrada
;INC 2026-000693;INC;HCE;JROSALES;02_Analisis;06/01/2026;00:30:00;Cerrada
;INC 2026-000638;INC;HCE;JROSALES;02_Analisis;06/01/2026;00:20:00;Cerrada
;INC 2026-000587;EXP;HCE;JROSALES;02_Analisis;06/01/2026;00:25:00;Cerrada
;INC 2026-000575;INC;HCE;JROSALES;02_Analisis;06/01/2026;00:25:00;Cerrada
;INC 2026-000410;INC;APP/ WEB;JROSALES;02_Analisis;06/01/2026;00:50:00;Cerrada
;INC 2026-001129;INC;SIC;JROSALES;02_Analisis;06/01/2026;00:45:00;Cerrada
;INC 2026-000510;INC;APP/ WEB;JROSALES;02_Analisis;06/01/2026;00:40:00;Cerrada
;REQ 2026-000491;REQ;MAC;JROSALES;02_Analisis;06/01/2026;00:20:00;Cerrada
;REQ 2024-022552;PRY;MAC;AMOROMISATO;04_Desarrollo;06/01/2026;09:30:00;Cerrada
;REQ 2024-017864;PRY;PORTAL PROVEEDORES;PBARDALES;01_Reunion de Entendimiento;06/01/2026;01:00:00;Cerrada
;INC 2026-000541;INC;HCE;JREBAZA;02_Analisis;06/01/2026;01:20:00;Cerrada
;INC 2026-000562;INC;HCE;JREBAZA;02_Analisis;06/01/2026;01:20:00;Cerrada
;INC 2026-000569;INC;SIC;JREBAZA;02_Analisis;06/01/2026;00:30:00;Cerrada
;INC 2026-000582;INC;HCE;JREBAZA;02_Analisis;06/01/2026;00:30:00;Cerrada
;INC 2026-000636;INC;HCE;JREBAZA;02_Analisis;06/01/2026;01:20:00;Cerrada
;REQ 2025-040103;REQ;HCE;FGONZALES;02_Analisis;06/01/2026;03:00:00;Cerrada
;REQ 2025-044666;REQ;SIC;JREBAZA;02_Analisis;06/01/2026;01:30:00;Cerrada
;REQ 2026-000342;REQ;SIC;JREBAZA;02_Analisis;06/01/2026;01:50:00;Cerrada
;REQ 2026-000549;REQ;SIC;JREBAZA;02_Analisis;06/01/2026;01:30:00;Cerrada
;REQ 2024-022552;PRY;MAC;YSUYCO;02_Analisis;06/01/2026;12:00:00;Cerrada
;REQ 2025-043267;EXP;HIS;RGREY;04_Desarrollo;06/01/2026;03:00:00;Cerrada
;REQ 2024-022552;PRY;MAC;TMACASSI;04_Desarrollo;06/01/2026;11:00:00;Cerrada
;REQ 2024-022552;PRY;MAC;FGONZALES;04_Desarrollo;06/01/2026;06:30:00;Cerrada
;REQ 2025-043902;EXP;PORTAL PROVEEDORES;JGUILLEN;04_Desarrollo;06/01/2026;02:00:00;Cerrada
;REQ 2024-017864;PRY;PORTAL PROVEEDORES;JGUILLEN;04_Desarrollo;06/01/2026;07:30:00;Cerrada
;REQ 2025-046020;REQ;SAP;PBARDALES;04_Desarrollo;06/01/2026;02:00:00;Cerrada
;REQ 2025-046054;EXP;SIC;PBARDALES;04_Desarrollo;06/01/2026;01:00:00;Cerrada
;REQ 2025-044603;EXP;SIC;PBARDALES;04_Desarrollo;06/01/2026;01:00:00;Cerrada
;INC 2025-046003;INC;SAP;PBARDALES;04_Desarrollo;06/01/2026;00:40:00;Cerrada
;REQ 2025-020052;REQ;SAP;PBARDALES;04_Desarrollo;06/01/2026;03:00:00;Cerrado
;REQ 2024-018390;PRY;SIL;RGREY;07_Documentación;06/01/2026;06:30:00;Cerrado
;REQ 2024-017864;PRY;PORTAL PROVEEDORES;PBARDALES;20_Reunion Seguimiento;06/01/2026;01:00:00;Cerrado
;REQ 2024-022552;PRY;MAC;CRODRIGUEZ;04_Desarrollo;07/01/2026;05:00:00;Cerrado
;REQ 2024-022552;PRY;MAC;CRODRIGUEZ;04_Desarrollo;07/01/2026;04:30:00;Cerrada
;REQ 2026-000995;REQ;HCE;JROSALES;02_Analisis;07/01/2026;00:30:00;Cerrada
;REQ 2026-000559;REQ;MAC;JROSALES;02_Analizado;07/01/2026;00:30:00;Cerrada
;INC 2026-000534;INC;APP/ WEB;JROSALES;02_Analisis;07/01/2026;01:30:00;Cerrada
;INC 2026-000845;INC;APP/ WEB;JROSALES;02_Analisis;07/01/2026;00:30:00;Cerrada
;REQ 2026-000924;REQ;MAC;JROSALES;02_Analisis;07/01/2026;00:30:00;Cerrada
;REQ 2026-000935;REQ;HCE;JROSALES;02_Analisis;07/01/2026;00:30:00;Cerrada
;REQ 2026-000869;REQ;MAC;JROSALES;02_Analisis;07/01/2026;00:30:00;Cerrada
;INC 2026-000882;EXP;HCE;JROSALES;02_Analisis;07/01/2026;00:30:00;Cerrada
;INC 2026-000942;INC;MAC;JROSALES;02_Analisis;07/01/2026;00:30:00;Cerrada
;INC 2026-000948;INC;HCE;JROSALES;02_Analisis;07/01/2026;00:30:00;Cerrada
;INC 2026-000879;INC;HCE;JROSALES;02_Analisis;07/01/2026;00:30:00;Cerrada
;INC 2026-000880;INC;HCE;JROSALES;02_Analisis;07/01/2026;00:30:00;Cerrada
;INC 2026-000761;INC;SIC;JROSALES;02_Analisis;07/01/2026;01:30:00;Cerrada
;INC 2026-000839;INC;HCE;JROSALES;02_Analisis;07/01/2026;00:30:00;Cerrada
;INC 2026-000671;INC;MAC;JROSALES;02_Analisis;07/01/2026;01:00:00;Cerrada
;INC 2026-000838;INC;APP/ WEB;JROSALES;02_Analisis;07/01/2026;00:30:00;Cerrada
;REQ 2024-022552;PRY;MAC;AMOROMISATO;04_Desarrollo;07/01/2026;09:30:00;Cerrada
;REQ 2025-041530;EXP;SIC;RGREY;01_Reunion de Entendimiento;07/01/2026;01:00:00;Cerrada
;REQ 2026-000865;REQ;MAC;JREBAZA;01_Reunion de Entendimiento;07/01/2026;14:00:00;Cerrada
;REQ 2025-040296;REQ;SIC;PBARDALES;01_Reunion de Entendimiento;07/01/2026;01:00:00;Cerrada
;INC 2026-000965;INC;SIC;JREBAZA;02_Analisis;07/01/2026;00:20:00;Cerrada
;REQ 2025-044527;REQ;MAC;JREBAZA;02_Analisis;07/01/2026;00:20:00;Cerrada
;REQ 2026-000137;REQ;MAC;JREBAZA;02_Analisis;07/01/2026;00:20:00;Cerrada
;REQ 2025-046058;REQ;SIC;PBARDALES;02_Analisis;07/01/2026;00:40:00;Cerrada
;REQ 2024-022552;PRY;MAC;YSUYCO;02_Analisis;07/01/2026;13:00:00;Cerrada
;REQ 2025-041530;EXP;SIC;RGREY;04_Desarrollo;07/01/2026;06:00:00;Cerrada
;REQ 2025-042992;REQ;SIC;RGREY;04_Desarrollo;07/01/2026;03:00:00;Cerrada
;REQ 2024-022552;PRY;MAC;TMACASSI;04_Desarrollo;07/01/2026;10:00:00;Cerrada
;REQ 2024-022552;PRY;MAC;FGONZALES;04_Desarrollo;07/01/2026;15:00:00;Cerrada
;REQ 2025-025291;REQ;SIC;JGUILLEN;04_Desarrollo;07/01/2026;09:30:00;Cerrada
;REQ 2025-020052;REQ;SAP;PBARDALES;04_Desarrollo;07/01/2026;03:00:00;Cerrada
;REQ 2025-040296;REQ;SIC;PBARDALES;04_Desarrollo;07/01/2026;04:30:00;Cerrada
;REQ 2025-043710;REQ;SAP;PBARDALES;04_Desarrollo;07/01/2026;00:30:00;Cerrada
;REQ 2024-022552;PRY;MAC;CRODRIGUEZ;04_Desarrollo;08/01/2026;09:30:00;Cerrada
;REQ 2026-001099;REQ;HIS;JROSALES;02_Analisis;08/01/2026;00:50:00;Cerrada
;INC 2026-001054;INC;HCE;JROSALES;02_Analisis;08/01/2026;01:45:00;Cerrada
;INC 2026-001021;INC;SIC;JROSALES;02_Analisis;08/01/2026;01:30:00;Cerrada
;INC 2026-001084;INC;APP/ WEB;JROSALES;02_Analisis;08/01/2026;00:50:00;Cerrada
;INC 2026-000673;INC;APP/ WEB;JROSALES;02_Analisis;08/01/2026;01:00:00;Cerrada
;INC 2026-001118;INC;HCE;JROSALES;02_Analisis;08/01/2026;00:45:00;Cerrada
;INC 2026-001116;INC;HCE;JROSALES;02_Analisis;08/01/2026;00:45:00;Cerrada
;INC 2026-000890;INC;SIC;JROSALES;02_Analisis;08/01/2026;00:50:00;Cerrada
;INC 2026-001106;INC;HCE;JROSALES;02_Analisis;08/01/2026;00:45:00;Cerrada
;INC 2026-001159;INC;APP/ WEB;JROSALES;02_Analisis;08/01/2026;00:40:00;Cerrada
;INC 2026-001207;INC;HCE;JROSALES;02_Analisis;08/01/2026;00:20:00;Cerrada
;REQ 2024-022552;PRY;MAC;AMOROMISATO;04_Desarrollo;08/01/2026;09:30:00;Cerrado
;REQ 2024-017864;PRY;PORTAL PROVEEDORES;JGUILLEN;01_Reunion de Entendimiento;08/01/2026;03:30:00;Cerrado
;REQ 2026-000631;REQ;SIC;JGUILLEN;01_Reunion de Entendimiento;08/01/2026;00:30:00;Cerrado
;REQ 2025-043386;EXP;SIC;RGREY;02_Analisis;08/01/2026;03:00:00;Cerrada
;REQ 2024-022552;PRY;MAC;TMACASSI;02_Analizado;08/01/2026;10:30:00;Cerrada
;REQ 2024-022552;PRY;MAC;YSUYCO;02_Analisis;08/01/2026;12:00:00;Cerrado
;REQ 2025-043386;EXP;SIC;RGREY;04_Desarrollo;08/01/2026;02:00:00;Cerrada
;REQ 2025-041278;REQ;HCE;RGREY;04_Desarrollo;08/01/2026;02:30:00;Cerrada
;REQ 2024-022552;PRY;MAC;FGONZALES;04_Desarrollo;08/01/2026;03:30:00;Cerrada
;REQ 2024-022552;PRY;MAC;FGONZALES;04_Desarrollo;08/01/2026;02:00:00;Cerrada
;REQ 2025-040103;REQ;HCE;FGONZALES;04_Desarrollo;08/01/2026;03:00:00;Cerrada
;REQ 2025-041278;REQ;HCE;FGONZALES;04_Desarrollo;08/01/2026;00:30:00;Cerrada
;REQ 2025-041445;EXP;SIC;JGUILLEN;04_Desarrollo;08/01/2026;06:00:00;Cerrada
;REQ 2025-042992;REQ;SIC;RGREY;07_Documentación;08/01/2026;03:00:00;Cerrada
;REQ 2024-022552;PRY;MAC;FGONZALES;10_Acompañamiento PRD;08/01/2026;01:00:00;Cerrada
;INC 2025-045232;EXP;SAP;PBARDALES;04_Desarrollo;08/01/2026;01:00:00;Cerrada
;REQ 2025-045638;EXP;SIC;PBARDALES;04_Desarrollo;08/01/2026;01:00:00;Cerrada
;INC 2025-044900;INC;SIC;PBARDALES;02_Analisis;08/01/2026;00:30:00;Cerrada
;INC 2025-045623;INC;SAP;PBARDALES;02_Analisis;08/01/2026;00:30:00;Cerrada
;INC 2025-045675;INC;SAP;PBARDALES;02_Analisis;08/01/2026;00:30:00;Cerrada
;REQ 2025-045771;REQ;SAP;PBARDALES;04_Desarrollo;08/01/2026;01:30:00;Cerrada
;INC 2025-045505;INC;SIC;PBARDALES;02_Analisis;08/01/2026;02:00:00;Cerrada
;REQ 2025-045807;REQ;SAP;PBARDALES;02_Analisis;08/01/2026;00:40:00;Cerrada
;REQ 2025-045450;REQ;PORTAL PROVEEDORES;PBARDALES;02_Analisis;08/01/2026;00:30:00;Cerrada
;INC 2025-045815;EXP;SAP;PBARDALES;04_Desarrollo;08/01/2026;01:00:00;Cerrada
;INC 2025-026026;INC;SIC;PBARDALES;19_Reunion Proveedores;08/01/2026;01:00:00;Cerrada
;REQ 2024-022552;PRY;MAC;CRODRIGUEZ;04_Desarrollo;09/01/2026;09:30:00;Cerrada
;REQ 2026-001311;REQ;HCE;JROSALES;02_Analisis;09/01/2026;00:30:00;Cerrada
;INC 2026-001304;INC;MAC;JROSALES;02_Analisis;09/01/2026;00:30:00;Cerrada
;REQ 2026-001300;REQ;MAC;JROSALES;02_Analisis;09/01/2026;00:30:00;Cerrada
;REQ 2026-001329;REQ;HCE;JROSALES;02_Analisis;09/01/2026;00:30:00;Cerrada
;INC 2026-001152;INC;AGENDA CITAS;JROSALES;02_Analisis;09/01/2026;01:30:00;Cerrada
;INC 2026-001097;INC;HCE;JROSALES;02_Analisis;09/01/2026;00:45:00;Cerrada
;INC 2026-001363;INC;HCE;JROSALES;02_Analisis;09/01/2026;01:30:00;Cerrada
;INC 2026-001259;INC;HCE;JROSALES;02_Analisis;09/01/2026;01:00:00;Cerrada
;INC 2026-001571;INC;HIS;JROSALES;02_Analisis;09/01/2026;00:45:00;Cerrada
;INC 2026-001607;EXP;SIC;JROSALES;02_Analisis;09/01/2026;00:40:00;Cerrada
;INC 2026-001452;INC;HCE;JROSALES;02_Analisis;09/01/2026;00:20:00;Cerrada
;INC 2026-001445;INC;APP/ WEB;JROSALES;02_Analisis;09/01/2026;00:45:00;Cerrada
;REQ 2026-001225;REQ;MAC;JROSALES;02_Analisis;09/01/2026;00:30:00;Cerrada
;REQ 2026-000296;REQ;MAC;JROSALES;02_Analisis;09/01/2026;00:30:00;Cerrada
;REQ 2024-022552;PRY;MAC;AMOROMISATO;04_Desarrollo;09/01/2026;09:30:00;Cerrada
;REQ 2025-045125;REQ;SIC;FGONZALES;02_Analisis;09/01/2026;00:30:00;Cerrada
;REQ 2026-000614;REQ;SIC;FGONZALES;02_Analisis;09/01/2026;01:30:00;Cerrada
;REQ 2024-022552;PRY;MAC;YSUYCO;02_Analisis;09/01/2026;09:30:00;Cerrada
;REQ 2025-041278;REQ;HCE;RGREY;04_Desarrollo;09/01/2026;09:30:00;Cerrada
;REQ 2024-022552;PRY;MAC;TMACASSI;04_Desarrollo;09/01/2026;10:00:00;Cerrada
;REQ 2025-041278;REQ;HCE;FGONZALES;04_Desarrollo;09/01/2026;01:30:00;Cerrada
;REQ 2024-017864;PRY;PORTAL PROVEEDORES;JGUILLEN;04_Desarrollo;09/01/2026;06:00:00;Cerrada
;REQ 2024-017864;PRY;PORTAL PROVEEDORES;JGUILLEN;04_Desarrollo;09/01/2026;01:00:00;Cerrada
;REQ 2025-025291;REQ;SIC;JGUILLEN;04_Desarrollo;09/01/2026;02:30:00;Cerrada
;REQ 2025-040103;REQ;HCE;FGONZALES;07_Documentación;09/01/2026;03:00:00;Cerrada
;REQ 2025-046000;REQ;SAP;PBARDALES;02_Analisis;09/01/2026;00:30:00;Cerrada
;INC 2025-045200;INC;SAP;PBARDALES;02_Analisis;09/01/2026;00:20:00;Cerrada
;REQ 2026-000021;EXP;SAP;PBARDALES;04_Desarrollo;09/01/2026;01:00:00;Cerrada
;REQ 2026-000142;REQ;SAP;PBARDALES;02_Analisis;09/01/2026;01:30:00;Cerrada
;REQ 2026-000325;REQ;SIC;PBARDALES;02_Analisis;09/01/2026;00:30:00;Cerrada
;INC 2026-000863;INC;SAP;PBARDALES;02_Analisis;09/01/2026;00:40:00;Cerrada
;INC 2026-000194;INC;SAP;PBARDALES;02_Analisis;09/01/2026;00:40:00;Cerrada
;REQ 2025-020052;REQ;SAP;PBARDALES;04_Desarrollo;09/01/2026;02:30:00;Cerrada
;REQ 2026-000018;REQ;SAP;PBARDALES;04_Desarrollo;09/01/2026;00:40:00;Cerrada
;INC 2026-000201;INC;SAP;PBARDALES;02_Analisis;09/01/2026;00:40:00;Cerrada
;REQ 2025-045345;REQ;HCE;PBARDALES;04_Desarrollo;09/01/2026;00:30:00;Cerrada
;REQ 2024-022552;PRY;MAC;CRODRIGUEZ;04_Desarrollo;10/01/2026;09:00:00;Cerrada
;REQ 2024-022552;PRY;MAC;TMACASSI;04_Desarrollo;11/01/2026;02:00:00;Cerrada
;REQ 2024-022552;PRY;MAC;FGONZALES;06_Pruebas Usuario Final;11/01/2026;04:00:00;Cerrada
;REQ 2024-022552;PRY;MAC;CRODRIGUEZ;04_Desarrollo;12/01/2026;09:30:00;Cerrada
;REQ 2026-001109;REQ;AGENDA CITAS;JROSALES;02_Analisis;12/01/2026;02:00:00;Cerrada
;REQ 2026-001477;REQ;SIC;JROSALES;02_Analisis;12/01/2026;01:20:00;Cerrado
;INC 2026-001536;INC;APP/ WEB;JROSALES;02_Analisis;12/01/2026;01:00:00;Cerrado
;INC 2026-001618;EXP;AGENDA CITAS;JROSALES;02_Analisis;12/01/2026;01:00:00;Cerrada
;INC 2026-001675;INC;HCE;JROSALES;02_Analisis;12/01/2026;00:30:00;Cerrada
;INC 2026-001470;INC;APP/ WEB;JROSALES;02_Analisis;12/01/2026;01:30:00;Cerrada
;INC 2026-001264;EXP;APP/ WEB;JROSALES;02_Analisis;12/01/2026;01:00:00;Cerrado
;REQ 2024-022552;PRY;MAC;AMOROMISATO;04_Desarrollo;12/01/2026;09:30:00;Cerrada
;REQ 2025-017900;REQ;SIC;FGONZALES;01_Reunion de Entendimiento;12/01/2026;00:15:00;Cerrada
;REQ 2026-000614;REQ;SIC;FGONZALES;01_Reunion de Entendimiento;12/01/2026;00:45:00;Cerrada
;INC 2025-045460;EXP;SIC;YSUYCO;04_Desarrollo;12/01/2026;02:00:00;Cerrada
;INC 2026-001139;INC;SIC;JREBAZA;02_Analisis;12/01/2026;00:20:00;Cerrada
;INC 2026-001253;INC;SIC;JREBAZA;02_Analisis;12/01/2026;00:30:00;Cerrada
;INC 2026-001274;INC;SIC;JREBAZA;02_Analisis;12/01/2026;00:30:00;Cerrada
;INC 2026-001623;INC;SIC;JREBAZA;02_Analizado;12/01/2026;00:20:00;Cerrada
;INC 2026-001637;INC;SIC;JREBAZA;02_Analisis;12/01/2026;00:20:00;Cerrada
;REQ 2025-042803;REQ;SIC;FGONZALES;02_Analizado;12/01/2026;00:45:00;Cerrada
;REQ 2026-000614;REQ;SIC;FGONZALES;02_Analisis;12/01/2026;01:30:00;Cerrada
;REQ 2026-001306;REQ;SIC;JREBAZA;02_Analisis;12/01/2026;00:30:00;Cerrada
;REQ 2026-001307;REQ;SIC;JREBAZA;02_Analisis;12/01/2026;00:30:00;Cerrada
;REQ 2026-001310;REQ;SIC;JREBAZA;02_Analisis;12/01/2026;00:30:00;Cerrada
;REQ 2026-001312;REQ;SIC;JREBAZA;02_Analisis;12/01/2026;00:30:00;Cerrada
;REQ 2026-001314;REQ;SIC;JREBAZA;02_Analisis;12/01/2026;00:30:00;Cerrada
;REQ 2026-001315;REQ;SIC;JREBAZA;02_Analisis;12/01/2026;00:30:00;Cerrada
;REQ 2026-001316;REQ;SIC;JREBAZA;02_Analisis;12/01/2026;00:30:00;Cerrada
;REQ 2026-001317;REQ;SIC;JREBAZA;02_Analisis;12/01/2026;00:30:00;Cerrada
;REQ 2026-001318;REQ;SIC;JREBAZA;02_Analisis;12/01/2026;00:20:00;Cerrada
;REQ 2026-001492;REQ;SIC;JREBAZA;02_Analisis;12/01/2026;00:20:00;Cerrada
;REQ 2026-001584;REQ;SIC;JREBAZA;02_Analisis;12/01/2026;00:30:00;Cerrada
;REQ 2026-001663;REQ;SIC;JREBAZA;02_Analisis;12/01/2026;00:20:00;Cerrada
;REQ 2026-001669;REQ;SAP;JREBAZA;02_Analisis;12/01/2026;00:30:00;Cerrada
;REQ 2024-022552;PRY;MAC;YSUYCO;02_Analisis;12/01/2026;05:30:00;Cerrada
;REQ 2025-041278;REQ;HCE;RGREY;04_Desarrollo;12/01/2026;09:30:00;Cerrada
;REQ 2024-022552;PRY;MAC;TMACASSI;04_Desarrollo;12/01/2026;10:00:00;Cerrada
;REQ 2024-017864;PRY;PORTAL PROVEEDORES;JGUILLEN;05_Pruebas Unitarias;12/01/2026;09:30:00;Cerrada
;REQ 2024-022552;PRY;MAC;FGONZALES;06_Pruebas Usuario Final;12/01/2026;00:15:00;Cerrada
;REQ 2024-022552;PRY;MAC;FGONZALES;06_Pruebas Usuario Final;12/01/2026;03:30:00;Cerrada
;REQ 2025-003378;PRY;HIS;FGONZALES;15_Acompañamiento SD;12/01/2026;00:30:00;Cerrada
;INC 2026-000345;INC;SAP;PBARDALES;02_Analisis;12/01/2026;00:30:00;Cerrada
;INC 2026-000280;INC;SIC;PBARDALES;02_Analisis;12/01/2026;00:30:00;Cerrada
;REQ 2025-020052;REQ;SAP;PBARDALES;04_Desarrollo;12/01/2026;03:00:00;Cerrada
;INC 2026-000299;EXP;HIS;PBARDALES;04_Desarrollo;12/01/2026;01:00:00;Cerrada
;INC 2026-000196;INC;SIC;PBARDALES;02_Analisis;12/01/2026;00:20:00;Cerrada
;INC 2025-043548;EXP;SIC;PBARDALES;04_Desarrollo;12/01/2026;00:40:00;Cerrada
;REQ 2025-039852;REQ;SAP;PBARDALES;01_Reunion de Entendimiento;12/01/2026;01:00:00;Cerrada
;INC 2025-045758;INC;SIC;PBARDALES;02_Analisis;12/01/2026;00:30:00;Cerrada
;REQ 2026-000581;EXP;SAP;PBARDALES;04_Desarrollo;12/01/2026;01:00:00;Cerrada
;INC 2026-000645;EXP;SAP;PBARDALES;04_Desarrollo;12/01/2026;01:00:00;Cerrada
;REQ 2024-022552;PRY;MAC;CRODRIGUEZ;04_Desarrollo;13/01/2026;04:00:00;Cerrada
;REQ 2025-042069;REQ;APP/ WEB;CRODRIGUEZ;04_Desarrollo;13/01/2026;05:30:00;Cerrada
;INC 2026-001849;INC;HCE;JROSALES;02_Analisis;13/01/2026;00:30:00;Cerrada
;INC 2026-001851;INC;HCE;JROSALES;02_Analisis;13/01/2026;00:30:00;Cerrada
;INC 2026-001853;INC;HCE;JROSALES;02_Analisis;13/01/2026;00:30:00;Cerrada
;INC 2026-001854;INC;HCE;JROSALES;02_Analisis;13/01/2026;00:30:00;Cerrada
;INC 2026-001855;INC;HCE;JROSALES;02_Analisis;13/01/2026;00:30:00;Cerrada
;INC 2026-001856;INC;HCE;JROSALES;02_Analisis;13/01/2026;00:30:00;Cerrada
;REQ 2026-001857;REQ;MAC;JROSALES;02_Analisis;13/01/2026;00:30:00;Cerrada
;REQ 2026-001861;REQ;MAC;JROSALES;02_Analisis;13/01/2026;00:30:00;Cerrada
;INC 2026-001864;INC;HCE;JROSALES;02_Analisis;13/01/2026;00:30:00;Cerrada
;INC 2026-001650;INC;APP/ WEB;JROSALES;02_Analisis;13/01/2026;00:50:00;Cerrada
;INC 2026-001729;INC;APP/ WEB;JROSALES;02_Analisis;13/01/2026;00:50:00;Cerrado
;INC 2026-001840;EXP;SIL;JROSALES;02_Analisis;13/01/2026;00:20:00;Cerrado
;INC 2026-000900;INC;HIS;JROSALES;02_Analisis;13/01/2026;01:00:00;Cerrado
;REQ 2026-001891;EXP;AGENDA CITAS;JROSALES;02_Analisis;13/01/2026;01:20:00;Cerrado
;INC 2026-001921;INC;APP/ WEB;JROSALES;02_Analisis;13/01/2026;00:30:00;Cerrado
;INC 2026-001894;INC;APP/ WEB;JROSALES;02_Analisis;13/01/2026;00:20:00;Cerrada
;REQ 2026-000561;REQ;APP/ WEB;JROSALES;02_Analisis;13/01/2026;00:30:00;Cerrada
;INC 2026-001164;INC;APP/ WEB;JROSALES;02_Analisis;13/01/2026;00:30:00;Cerrada
;REQ 2026-001757;REQ;APP/ WEB;JROSALES;02_Analisis;13/01/2026;00:30:00;Cerrado
;INC 2026-001897;INC;HCE;JROSALES;02_Analizado;13/01/2026;00:15:00;Cerrado
;INC 2026-001848;EXP;HCE;JROSALES;02_Analisis;13/01/2026;00:15:00;Cerrada
;REQ 2024-022552;PRY;MAC;AMOROMISATO;04_Desarrollo;13/01/2026;09:30:00;Cerrada
;REQ 2025-042803;REQ;SIC;FGONZALES;01_Reunion de Entendimiento;13/01/2026;00:30:00;Cerrado
;REQ 2025-045125;REQ;SIC;FGONZALES;01_Reunion de Entendimiento;13/01/2026;00:30:00;Cerrada
;REQ 2025-045768;REQ;SIC;FGONZALES;01_Reunion de Entendimiento;13/01/2026;00:30:00;Cerrada
;REQ 2024-022552;PRY;MAC;RGREY;02_Analisis;13/01/2026;09:30:00;Cerrada
;INC 2026-001025;INC;SIC;YSUYCO;02_Analisis;13/01/2026;02:30:00;Cerrada
;INC 2026-001148;INC;SIC;YSUYCO;02_Analisis;13/01/2026;02:00:00;Cerrada
;INC 2026-001678;INC;AGENDA CITAS;YSUYCO;02_Analisis;13/01/2026;02:00:00;Cerrado
;REQ 2026-001103;REQ;SIC;YSUYCO;02_Analisis;13/01/2026;03:00:00;Cerrada
;REQ 2026-000614;REQ;SIC;FGONZALES;04_Desarrollo;13/01/2026;05:00:00;Cerrada
;REQ 2026-001844;PRY;PORTAL PROVEEDORES;JGUILLEN;04_Desarrollo;13/01/2026;07:00:00;Cerrada
;REQ 2026-001435;REQ;HIS;JREBAZA;04_Desarrollo;13/01/2026;10:00:00;Cerrada
;REQ 2024-022552;PRY;MAC;TMACASSI;06_Pruebas Usuario Final;13/01/2026;11:00:00;Cerrada
;REQ 2024-022552;PRY;MAC;FGONZALES;06_Pruebas Usuario Final;13/01/2026;02:00:00;Cerrada
;REQ 2025-040103;REQ;HCE;FGONZALES;06_Pruebas Usuario Final;13/01/2026;00:30:00;Cerrada
;REQ 2025-040103;REQ;HCE;FGONZALES;07_Documentación;13/01/2026;01:00:00;Cerrada
;REQ 2024-017864;PRY;PORTAL PROVEEDORES;JGUILLEN;10_Acompañamiento PRD;13/01/2026;03:00:00;Cerrada
;REQ 2026-000484;EXP;SIC;PBARDALES;04_Desarrollo;13/01/2026;01:00:00;Cerrada
;REQ 2026-000850;EXP;SAP;PBARDALES;04_Desarrollo;13/01/2026;01:00:00;Cerrada
;REQ 2025-020052;REQ;SAP;PBARDALES;04_Desarrollo;13/01/2026;03:00:00;Cerrada
;REQ 2025-045939;REQ;SIC;PBARDALES;02_Analisis;13/01/2026;00:30:00;Cerrada
;REQ 2025-045883;REQ;SIC;PBARDALES;02_Analisis;13/01/2026;00:20:00;Cerrada
;REQ 2026-000414;REQ;SIC;PBARDALES;02_Analisis;13/01/2026;00:30:00;Cerrada
;INC 2026-000920;EXP;HIS;PBARDALES;04_Desarrollo;13/01/2026;01:30:00;Cerrada
;REQ 2026-001174;EXP;SIC;PBARDALES;04_Desarrollo;13/01/2026;01:00:00;Cerrada
;REQ 2024-022552;PRY;MAC;CRODRIGUEZ;04_Desarrollo;14/01/2026;03:00:00;Cerrada
;REQ 2025-042069;REQ;APP/ WEB;CRODRIGUEZ;04_Desarrollo;14/01/2026;06:30:00;Cerrada
;REQ 2026-001448;REQ;AGENDA CITAS;JROSALES;02_Analisis;14/01/2026;00:45:00;Cerrada
;INC 2026-000542;INC;HCE;JROSALES;02_Analisis;14/01/2026;00:45:00;Cerrada
;INC 2026-001678;INC;AGENDA CITAS;JROSALES;02_Analisis;14/01/2026;00:45:00;Cerrada
;INC 2025-045937;INC;HCE;JROSALES;02_Analisis;14/01/2026;01:00:00;Cerrada
;REQ 2026-001939;REQ;MAC;JROSALES;02_Analisis;14/01/2026;00:30:00;Cerrada
;REQ 2026-001962;REQ;HCE;JROSALES;02_Analisis;14/01/2026;00:30:00;Cerrada
;INC 2026-001976;INC;APP/ WEB;JROSALES;02_Analisis;14/01/2026;00:45:00;Cerrada
;INC 2025-044142;INC;SIC;JROSALES;02_Analisis;14/01/2026;01:00:00;Cerrada
;INC 2026-001995;INC;APP/ WEB;JROSALES;02_Analisis;14/01/2026;00:45:00;Cerrada
;INC 2025-044077;INC;AGENDA CITAS;JROSALES;02_Analisis;14/01/2026;01:00:00;Cerrada
;INC 2026-001901;INC;APP/ WEB;JROSALES;02_Analisis;14/01/2026;00:30:00;Cerrada
;INC 2026-001115;INC;APP/ WEB;JROSALES;02_Analisis;14/01/2026;01:20:00;Cerrada
;INC 2026-002002;INC;AGENDA CITAS;JROSALES;02_Analisis;14/01/2026;00:30:00;Cerrada
;REQ 2024-022552;PRY;MAC;AMOROMISATO;09_Acompañamiento QA;14/01/2026;04:30:00;Cerrada
;REQ 2024-022552;PRY;MAC;AMOROMISATO;05_Pruebas Unitarias;14/01/2026;04:30:00;Cerrada
;REQ 2024-022552;PRY;MAC;AMOROMISATO;02_Analisis;14/01/2026;01:00:00;Cerrada
;REQ 2024-017864;PRY;PORTAL PROVEEDORES;JGUILLEN;01_Reunion de Entendimiento;14/01/2026;01:30:00;Cerrada
;INC 2025-043047;INC;SIC;JREBAZA;02_Analisis;14/01/2026;00:50:00;Cerrada
;INC 2026-001451;INC;SIC;JREBAZA;02_Analisis;14/01/2026;00:30:00;Cerrada
;INC 2026-001587;INC;SIC;JREBAZA;02_Analisis;14/01/2026;00:50:00;Cerrada
;INC 2026-000002;INC;SIC;YSUYCO;02_Analisis;14/01/2026;04:30:00;Cerrada
;REQ 2024-022552;PRY;MAC;FGONZALES;02_Analisis;14/01/2026;03:30:00;Cerrada
;REQ 2024-022552;PRY;MAC;FGONZALES;02_Analisis;14/01/2026;04:00:00;Cerrada
;INC 2026-001959;INC;SIC;JREBAZA;02_Analisis;14/01/2026;00:50:00;Cerrada
;REQ 2025-041278;REQ;HCE;RGREY;02_Analisis;14/01/2026;02:30:00;Cerrada
;REQ 2026-001033;REQ;SIC;JREBAZA;02_Analisis;14/01/2026;00:20:00;Cerrada
;REQ 2026-001283;REQ;SIC;JREBAZA;02_Analisis;14/01/2026;01:00:00;Cerrado
;INC 2026-001450;INC;SIRI;YSUYCO;17_Capacitaciones;14/01/2026;05:00:00;Cerrado
;REQ 2026-002022;REQ;SIC;JREBAZA;02_Analisis;14/01/2026;00:50:00;Cerrado
;REQ 2024-022552;PRY;MAC;RGREY;04_Desarrollo;14/01/2026;08:00:00;Cerrado
;REQ 2024-023084;PRY;HIS;JGUILLEN;04_Desarrollo;14/01/2026;02:00:00;Cerrado
;REQ 2026-001435;REQ;HIS;JREBAZA;04_Desarrollo;14/01/2026;05:00:00;Cerrada
;REQ 2024-022552;PRY;MAC;TMACASSI;06_Pruebas Usuario Final;14/01/2026;10:30:00;Cerrada
;REQ 2026-000614;REQ;SIC;FGONZALES;06_Pruebas Usuario Final;14/01/2026;00:30:00;Cerrada
;REQ 2026-002042;REQ;PORTAL PROVEEDORES;JGUILLEN;07_Documentación;14/01/2026;06:00:00;Cerrada
;INC 2025-026026;INC;SIC;PBARDALES;19_Reunion Proveedores;14/01/2026;01:00:00;Cerrada
;REQ 2025-020052;REQ;SAP;PBARDALES;04_Desarrollo;14/01/2026;03:00:00;Cerrada
;INC 2026-000490;EXP;HIS;PBARDALES;04_Desarrollo;14/01/2026;02:00:00;Cerrada
;INC 2026-001165;INC;SAP;PBARDALES;04_Desarrollo;14/01/2026;01:00:00;Cerrada
;INC 2026-001165;INC;SAP;PBARDALES;02_Analisis;14/01/2026;00:20:00;Cerrada
;REQ 2025-044056;REQ;SIC;PBARDALES;02_Analisis;14/01/2026;00:30:00;Cerrada
;REQ 2026-001409;EXP;SIC;PBARDALES;04_Desarrollo;14/01/2026;01:00:00;Cerrada
;REQ 2026-001411;EXP;SAP;PBARDALES;04_Desarrollo;14/01/2026;01:00:00;Cerrada
;REQ 2024-022552;PRY;MAC;CRODRIGUEZ;04_Desarrollo;15/01/2026;05:30:00;Cerrada
;REQ 2025-044066;EXP;APP/ WEB;CRODRIGUEZ;04_Desarrollo;15/01/2026;04:00:00;Cerrada
;INC 2026-002179;EXP;HIS;JROSALES;02_Analisis;15/01/2026;01:30:00;Cerrada
;REQ 2026-002330;REQ;SIL;JROSALES;02_Analisis;15/01/2026;01:00:00;Cerrada
;REQ 2026-002304;EXP;APP/ WEB;JROSALES;02_Analisis;15/01/2026;01:20:00;Cerrada
;REQ 2026-002240;EXP;AGENDA CITAS;JROSALES;02_Analisis;15/01/2026;01:30:00;Cerrada
;INC 2026-002004;INC;APP/ WEB;JROSALES;02_Analisis;15/01/2026;01:20:00;Cerrada
;REQ 2025-044066;EXP;APP/ WEB;JROSALES;02_Analisis;15/01/2026;02:00:00;Cerrada
;REQ 2024-022552;PRY;MAC;AMOROMISATO;04_Desarrollo;15/01/2026;05:30:00;Cerrada
;REQ 2024-022552;PRY;MAC;AMOROMISATO;05_Pruebas Unitarias;15/01/2026;04:00:00;Cerrada
;REQ 2026-001702;REQ;HCE;FGONZALES;01_Reunion de Entendimiento;15/01/2026;00:30:00;Cerrada
;REQ 2024-022552;PRY;MAC;TMACASSI;01_Reunion de Entendimiento;15/01/2026;05:30:00;Cerrada
;INC 2026-000339;INC;SIC;YSUYCO;02_Analisis;15/01/2026;02:30:00;Cerrada
;REQ 2026-000725;REQ;SIC;JREBAZA;02_Analisis;15/01/2026;00:50:00;Cerrada
;REQ 2026-001107;REQ;HIS;JREBAZA;02_Analisis;15/01/2026;01:00:00;Cerrada
;INC 2026-001460;INC;SIC;YSUYCO;02_Analisis;15/01/2026;02:00:00;Cerrada
;INC 2026-002107;INC;SIC;YSUYCO;02_Analisis;15/01/2026;02:00:00;Cerrada
;REQ 2026-002051;REQ;SIC;JREBAZA;02_Analisis;15/01/2026;01:30:00;Cerrada
;REQ 2026-002225;REQ;HCE;YSUYCO;02_Analisis;15/01/2026;03:00:00;Cerrada
;REQ 2024-022552;PRY;MAC;RGREY;04_Desarrollo;15/01/2026;09:30:00;Cerrada
;REQ 2026-002082;REQ;PORTAL PROVEEDORES;JGUILLEN;04_Desarrollo;15/01/2026;08:00:00;Cerrada
;REQ 2026-001435;REQ;HIS;JREBAZA;04_Desarrollo;15/01/2026;06:40:00;Cerrada
;REQ 2024-022552;PRY;MAC;TMACASSI;05_Pruebas Unitarias;15/01/2026;04:30:00;Cerrada
;REQ 2024-017864;PRY;PORTAL PROVEEDORES;JGUILLEN;05_Pruebas Unitarias;15/01/2026;01:30:00;Cerrada
;REQ 2026-000614;REQ;SIC;FGONZALES;07_Documentación;15/01/2026;04:00:00;Cerrada
;REQ 2025-003378;PRY;HIS;FGONZALES;15_Acompañamiento SD;15/01/2026;02:30:00;Cerrada
;REQ 2025-025291;REQ;SIC;FGONZALES;15_Acompañamiento SD;15/01/2026;00:30:00;Cerrada
;INC 2026-001223;INC;SIC;PBARDALES;02_Analisis;15/01/2026;00:30:00;Cerrada
;REQ 2025-020052;REQ;SAP;PBARDALES;04_Desarrollo;15/01/2026;03:00:00;Cerrada
;INC 2025-026026;INC;SIC;PBARDALES;19_Reunion Proveedores;15/01/2026;01:00:00;Cerrada
;REQ 2026-000725;REQ;SIC;PBARDALES;01_Reunion de Entendimiento;15/01/2026;01:00:00;Cerrado
;REQ 2026-000725;REQ;SIC;PBARDALES;04_Desarrollo;15/01/2026;01:00:00;Cerrado
;REQ 2026-003886;REQ;SAP;PBARDALES;19_Reunion Proveedores;15/01/2026;01:00:00;Cerrada
;REQ 2026-001781;REQ;SAP;PBARDALES;02_Analisis;15/01/2026;00:30:00;Cerrada
;REQ 2026-000725;REQ;SIC;PBARDALES;02_Analisis;15/01/2026;00:10:00;Cerrada
;REQ 2026-001557;REQ;SIC;PBARDALES;02_Analisis;15/01/2026;00:30:00;Cerrada
;INC 2026-001551;INC;SIC;PBARDALES;02_Analisis;15/01/2026;00:30:00;Cerrada
;REQ 2026-002028;REQ;HIS;PBARDALES;04_Desarrollo;15/01/2026;00:30:00;Cerrada
;REQ 2026-001948;REQ;APP/ WEB;JROSALES;02_Analisis;16/01/2026;02:30:00;Cerrada
;INC 2026-001858;EXP;SIL;JROSALES;02_Analisis;16/01/2026;01:30:00;Cerrada
;INC 2026-002507;INC;HIS;JROSALES;02_Analisis;16/01/2026;01:00:00;Cerrada
;INC 2026-002508;INC;HIS;JROSALES;02_Analisis;16/01/2026;00:30:00;Cerrada
;INC 2026-002452;INC;HIS;JROSALES;02_Analisis;16/01/2026;00:45:00;Cerrada
;REQ 2026-002364;REQ;SIC;JROSALES;02_Analisis;16/01/2026;00:30:00;Cerrado
;REQ 2025-044066;EXP;APP/ WEB;JROSALES;01_Reunion de Entendimiento;16/01/2026;01:00:00;Cerrada
;REQ 2026-001948;REQ;APP/ WEB;JROSALES;01_Reunion de Entendimiento;16/01/2026;01:00:00;Cerrada
;REQ 2025-044066;EXP;APP/ WEB;JROSALES;02_Analisis;16/01/2026;01:00:00;Cerrada
;REQ 2025-044066;EXP;APP/ WEB;CRODRIGUEZ;04_Desarrollo;16/01/2026;09:30:00;Cerrada
;REQ 2024-022552;PRY;MAC;AMOROMISATO;04_Desarrollo;16/01/2026;01:00:00;Cerrada
;REQ 2024-022552;PRY;MAC;AMOROMISATO;09_Acompañamiento QA;16/01/2026;04:00:00;Cerrada
;REQ 2025-020782;REQ;SIC;AMOROMISATO;04_Desarrollo;16/01/2026;04:30:00;Cerrada
;REQ 2025-044790;REQ;SIC;FGONZALES;01_Reunion de Entendimiento;16/01/2026;00:45:00;Cerrada
;REQ 2025-019341;PRY;HCE;TMACASSI;02_Analisis;16/01/2026;09:30:00;Cerrada
;REQ 2026-002397;REQ;HCE;RGREY;02_Analisis;16/01/2026;03:30:00;Cerrada
;REQ 2026-000666;REQ;SCANFLOW;JREBAZA;02_Analisis;16/01/2026;01:30:00;Cerrada
;REQ 2026-001435;REQ;HIS;JREBAZA;02_Analisis;16/01/2026;08:10:00;Cerrada
;REQ 2026-002250;REQ;SIC;YSUYCO;02_Analisis;16/01/2026;04:00:00;Cerrada
;REQ 2026-002252;REQ;SIC;YSUYCO;02_Analisis;16/01/2026;05:30:00;Cerrada
;REQ 2025-045125;REQ;SIC;FGONZALES;04_Desarrollo;16/01/2026;01:30:00;Cerrada
;REQ 2025-045768;REQ;SIC;FGONZALES;04_Desarrollo;16/01/2026;01:30:00;Cerrada
;REQ 2024-022552;PRY;MAC;TMACASSI;04_Desarrollo;16/01/2026;02:00:00;Cerrada
;REQ 2025-025291;REQ;SIC;JGUILLEN;04_Desarrollo;16/01/2026;08:00:00;Cerrada
;REQ 2024-022552;PRY;MAC;RGREY;04_Desarrollo;16/01/2026;06:00:00;Cerrada
;REQ 2025-045125;REQ;SIC;FGONZALES;06_Pruebas Usuario Final;16/01/2026;00:45:00;Cerrada
;REQ 2025-045125;REQ;SIC;FGONZALES;07_Documentación;16/01/2026;02:30:00;Cerrada
;REQ 2024-017864;PRY;PORTAL PROVEEDORES;JGUILLEN;10_Acompañamiento PRD;16/01/2026;02:00:00;Cerrada
;REQ 2025-003378;PRY;HIS;FGONZALES;15_Acompañamiento SD;16/01/2026;01:30:00;Cerrada
;REQ 2025-020052;REQ;SAP;PBARDALES;04_Desarrollo;16/01/2026;03:30:00;Cerrada
;REQ 2026-003886;REQ;SAP;PBARDALES;19_Reunion Proveedores;16/01/2026;01:00:00;Cerrada
;REQ 2026-001569;REQ;SIC;PBARDALES;02_Analisis;16/01/2026;00:10:00;Cerrada
;REQ 2026-001569;REQ;SIC;PBARDALES;04_Desarrollo;16/01/2026;03:00:00;Cerrada
;REQ 2026-003886;REQ;SAP;PBARDALES;04_Desarrollo;16/01/2026;01:00:00;Cerrada
;REQ 2026-002016;EXP;SAP;PBARDALES;04_Desarrollo;16/01/2026;01:00:00;Cerrada
;REQ 2025-044066;EXP;APP/ WEB;CRODRIGUEZ;04_Desarrollo;19/01/2026;09:30:00;Cerrada
;INC 2026-002517;INC;APP/ WEB;JROSALES;02_Analisis;19/01/2026;00:45:00;Cerrada
;INC 2026-001717;INC;AGENDA CITAS;JROSALES;02_Analisis;19/01/2026;00:20:00;Cerrada
;INC 2026-002682;EXP;SIL;JROSALES;02_Analisis;19/01/2026;00:45:00;Cerrada
;INC 2026-002765;INC;APP/ WEB;JROSALES;02_Analisis;19/01/2026;01:00:00;Cerrada
;INC 2026-002508;INC;HIS;JROSALES;02_Analisis;19/01/2026;01:00:00;Cerrada
;INC 2026-002771;EXP;APP/ WEB;JROSALES;02_Analisis;19/01/2026;00:40:00;Cerrado
;INC 2026-002509;INC;APP/ WEB;JROSALES;02_Analisis;19/01/2026;01:20:00;Cerrado
;INC 2026-002440;INC;APP/ WEB;JROSALES;02_Analisis;19/01/2026;00:50:00;Cerrada
;REQ 2026-002451;REQ;APP/ WEB;JROSALES;02_Analisis;19/01/2026;00:45:00;Cerrada
;INC 2026-002384;INC;APP/ WEB;JROSALES;02_Analisis;19/01/2026;00:20:00;Cerrada
;INC 2026-002227;INC;APP/ WEB;JROSALES;02_Analisis;19/01/2026;00:40:00;Cerrada
;INC 2026-002444;INC;APP/ WEB;JROSALES;02_Analisis;19/01/2026;00:45:00;Cerrada
;INC 2026-002607;INC;APP/ WEB;JROSALES;02_Analisis;19/01/2026;00:20:00;Cerrada
;REQ 2025-039047;REQ;APP/ WEB;JROSALES;02_Analisis;19/01/2026;01:00:00;Cerrada
;REQ 2025-020782;REQ;SIC;AMOROMISATO;05_Pruebas Unitarias;19/01/2026;02:30:00;Cerrada
;REQ 2025-020782;REQ;SIC;AMOROMISATO;07_Documentación;19/01/2026;07:00:00;Cerrada
;REQ 2025-021513;REQ;AGENDA CITAS;FGONZALES;11_Reunion Interna DEV;19/01/2026;01:00:00;Cerrada
;REQ 2025-019341;PRY;HCE;JGUILLEN;01_Reunion de Entendimiento;19/01/2026;07:00:00;Cerrada
;REQ 2026-000725;REQ;SIC;FGONZALES;01_Reunion de Entendimiento;19/01/2026;00:30:00;Cerrada
;REQ 2026-002733;REQ;SIC;TMACASSI;01_Reunion de Entendimiento;19/01/2026;08:00:00;Cerrada
;INC 2026-001635;INC;SIC;YSUYCO;02_Analisis;19/01/2026;02:00:00;Cerrada
;INC 2026-002211;EXP;SIC;YSUYCO;02_Analisis;19/01/2026;02:00:00;Cerrada
;INC 2026-002512;INC;SIC;YSUYCO;02_Analisis;19/01/2026;03:00:00;Cerrada
;REQ 2026-002660;REQ;SIC;JREBAZA;02_Analisis;19/01/2026;01:30:00;Cerrada
;REQ 2026-002764;EXP;SIC;JREBAZA;02_Analisis;19/01/2026;01:00:00;Cerrada
;REQ 2026-002293;REQ;HCE;YSUYCO;02_Analisis;19/01/2026;02:00:00;Cerrada
;REQ 2026-002405;REQ;SIC;YSUYCO;02_Analisis;19/01/2026;00:30:00;Cerrada
;REQ 2025-045768;REQ;SIC;FGONZALES;04_Desarrollo;19/01/2026;01:00:00;Cerrada
;REQ 2025-045768;REQ;SIC;FGONZALES;04_Desarrollo;19/01/2026;00:30:00;Cerrada
;REQ 2025-045768;REQ;SIC;FGONZALES;04_Desarrollo;19/01/2026;02:30:00;Cerrada
;REQ 2025-045768;REQ;SIC;FGONZALES;06_Pruebas Usuario Final;19/01/2026;00:30:00;Cerrada
;REQ 2025-045768;REQ;SIC;FGONZALES;07_Documentación;19/01/2026;02:30:00;Cerrada
;REQ 2026-002773;REQ;MAC;RGREY;07_Documentación;19/01/2026;09:30:00;Cerrada
;REQ 2025-025291;REQ;SIC;JGUILLEN;07_Documentación;19/01/2026;03:00:00;Cerrada
;REQ 2026-001435;REQ;HIS;JREBAZA;07_Documentación;19/01/2026;07:10:00;Cerrada
;REQ 2026-001569;REQ;SIC;PBARDALES;04_Desarrollo;19/01/2026;04:00:00;Cerrada
;REQ 2025-020052;REQ;SAP;PBARDALES;04_Desarrollo;19/01/2026;01:30:00;Cerrada
;REQ 2026-001788;REQ;SAP;PBARDALES;02_Analisis;19/01/2026;00:30:00;Cerrada
;INC 2026-001730;EXP;SIC;PBARDALES;04_Desarrollo;19/01/2026;01:00:00;Cerrada
;REQ 2025-043192;REQ;SIC;PBARDALES;04_Desarrollo;19/01/2026;01:00:00;Cerrada
;REQ 2026-001953;REQ;SIC;PBARDALES;04_Desarrollo;19/01/2026;01:00:00;Cerrada
;INC 2026-001746;INC;SIC;PBARDALES;02_Analisis;19/01/2026;00:30:00;Cerrada
;REQ 2025-044066;EXP;APP/ WEB;CRODRIGUEZ;04_Desarrollo;20/01/2026;04:00:00;Cerrada
;REQ 2026-002916;REQ;AGENDA CITAS;CRODRIGUEZ;07_Documentación;20/01/2026;04:00:00;Cerrada
;REQ 2025-041027;REQ;AGENDA CITAS;CRODRIGUEZ;04_Desarrollo;20/01/2026;01:30:00;Cerrada
;REQ 2026-000912;REQ;HIS;JROSALES;02_Analisis;20/01/2026;01:45:00;Cerrada
;INC 2026-002811;INC;APP/ WEB;JROSALES;02_Analisis;20/01/2026;01:30:00;Cerrada
;INC 2026-002963;INC;APP/ WEB;JROSALES;02_Analisis;20/01/2026;01:00:00;Cerrada
;INC 2026-002842;INC;APP/ WEB;JROSALES;02_Analisis;20/01/2026;00:45:00;Cerrada
;INC 2026-002881;INC;APP/ WEB;JROSALES;02_Analisis;20/01/2026;01:40:00;Cerrada
;INC 2026-002910;INC;APP/ WEB;JROSALES;02_Analisis;20/01/2026;01:00:00;Cerrada
;INC 2026-002967;INC;APP/ WEB;JROSALES;02_Analisis;20/01/2026;01:00:00;Cerrada
;INC 2026-002897;INC;APP/ WEB;JROSALES;02_Analisis;20/01/2026;00:45:00;Cerrada
;INC 2026-002897;INC;APP/ WEB;JROSALES;02_Analisis;20/01/2026;00:30:00;Cerrada
;REQ 2025-020782;REQ;SIC;AMOROMISATO;07_Documentación;20/01/2026;09:30:00;Cerrada
;REQ 2024-017864;PRY;PORTAL PROVEEDORES;JGUILLEN;01_Reunion de Entendimiento;20/01/2026;01:30:00;Cerrada
;INC 2025-045119;INC;SIC;YSUYCO;02_Analisis;20/01/2026;01:30:00;Cerrada
;INC 2025-045119;INC;SIC;YSUYCO;02_Analisis;20/01/2026;02:00:00;Cerrada
;INC 2025-045843;INC;SIC;YSUYCO;02_Analisis;20/01/2026;03:00:00;Cerrada
;INC 2025-045843;INC;SIC;YSUYCO;02_Analisis;20/01/2026;03:30:00;Cerrada
;INC 2026-001616;INC;SIC;JREBAZA;02_Analisis;20/01/2026;00:30:00;Cerrado
;INC 2026-001747;INC;SIC;JREBAZA;02_Analisis;20/01/2026;00:30:00;Cerrada
;INC 2026-001749;INC;SIC;JREBAZA;02_Analisis;20/01/2026;00:30:00;Cerrada
;INC 2026-002276;INC;SIC;JREBAZA;02_Analisis;20/01/2026;00:30:00;Cerrada
;INC 2026-002319;INC;SIC;JREBAZA;02_Analisis;20/01/2026;00:30:00;Cerrada
;INC 2026-002320;INC;SIC;JREBAZA;02_Analisis;20/01/2026;00:30:00;Cerrada
;INC 2026-002474;INC;SIC;JREBAZA;02_Analisis;20/01/2026;00:30:00;Cerrada
;INC 2026-002618;INC;SIC;JREBAZA;02_Analisis;20/01/2026;00:30:00;Cerrada
;INC 2026-002632;INC;SIC;JREBAZA;02_Analisis;20/01/2026;00:30:00;Cerrada
;INC 2026-002637;INC;SIC;JREBAZA;02_Analisis;20/01/2026;00:30:00;Cerrado
;INC 2026-002640;INC;SIC;JREBAZA;02_Analisis;20/01/2026;00:30:00;Cerrado
;INC 2026-002888;INC;SIC;JREBAZA;02_Analisis;20/01/2026;00:30:00;Cerrada
;INC 2026-002894;INC;SIC;JREBAZA;02_Analisis;20/01/2026;00:30:00;Cerrada
;INC 2026-002999;INC;SIC;JREBAZA;02_Analisis;20/01/2026;00:30:00;Cerrada
;INC 2026-002838;EXP;SIC;YSUYCO;02_Analisis;20/01/2026;01:00:00;Cerrada
;INC 2026-002838;EXP;SIC;YSUYCO;02_Analisis;20/01/2026;01:00:00;Cerrada
;REQ 2026-002219;REQ;SIC;JREBAZA;02_Analisis;20/01/2026;00:30:00;Cerrada
;REQ 2026-002639;REQ;HCE;JREBAZA;02_Analisis;20/01/2026;00:50:00;Cerrada
;REQ 2026-002764;EXP;SIC;JREBAZA;02_Analisis;20/01/2026;01:00:00;Cerrada
;REQ 2026-002806;REQ;SAP;JREBAZA;02_Analisis;20/01/2026;00:20:00;Cerrada
;REQ 2026-002956;REQ;SIC;JREBAZA;02_Analisis;20/01/2026;00:30:00;Cerrada
;REQ 2025-045196;REQ;SIC;YSUYCO;02_Analisis;20/01/2026;02:00:00;Cerrada
;REQ 2025-045196;REQ;SIC;YSUYCO;02_Analisis;20/01/2026;01:00:00;Cerrada
;REQ 2026-000772;REQ;SIC;YSUYCO;02_Analisis;20/01/2026;02:00:00;Cerrada
;REQ 2026-000772;REQ;SIC;YSUYCO;02_Analisis;20/01/2026;02:00:00;Cerrada
;REQ 2026-000725;REQ;SIC;FGONZALES;04_Desarrollo;20/01/2026;01:00:00;Cerrada
;REQ 2026-002761;REQ;SIC;FGONZALES;04_Desarrollo;20/01/2026;02:30:00;Cerrada
;REQ 2026-000631;REQ;SIC;JGUILLEN;04_Desarrollo;20/01/2026;06:00:00;Cerrada
;INC 2026-001824;INC;SIC;TMACASSI;04_Desarrollo;20/01/2026;02:30:00;Cerrada
;INC 2026-002844;INC;SIC;TMACASSI;04_Desarrollo;20/01/2026;00:30:00;Cerrada
;REQ 2026-002420;EXP;PORTAL PROVEEDORES;JGUILLEN;04_Desarrollo;20/01/2026;02:00:00;Cerrada
;INC 2026-002909;INC;SIC;TMACASSI;04_Desarrollo;20/01/2026;02:30:00;Cerrada
;INC 2026-002793;INC;SIC;TMACASSI;04_Desarrollo;20/01/2026;01:00:00;Cerrada
;REQ 2026-002773;REQ;MAC;RGREY;05_Pruebas Unitarias;20/01/2026;09:30:00;Cerrada
;REQ 2026-000725;REQ;SIC;FGONZALES;06_Pruebas Usuario Final;20/01/2026;01:00:00;Cerrada
;REQ 2026-002761;REQ;SIC;FGONZALES;07_Documentación;20/01/2026;03:00:00;Cerrada
;REQ 2025-007426;REQ;HCE;FGONZALES;09_Acompañamiento QA;20/01/2026;01:00:00;Cerrada
;REQ 2026-001569;REQ;SIC;PBARDALES;20_Reunion Seguimiento;20/01/2026;01:00:00;Cerrada
;REQ 2025-020052;REQ;SAP;PBARDALES;04_Desarrollo;20/01/2026;01:00:00;Cerrada
;INC 2026-002212;INC;SIC;PBARDALES;02_Analisis;20/01/2026;01:00:00;Cerrada
;REQ 2026-002306;REQ;SAP;PBARDALES;02_Analisis;20/01/2026;01:00:00;Cerrada
;REQ 2025-045114;REQ;SIC;PBARDALES;02_Analisis;20/01/2026;00:20:00;Cerrado
;REQ 2026-002012;REQ;SAP;PBARDALES;04_Desarrollo;20/01/2026;01:00:00;Cerrado
;REQ 2026-001716;REQ;SIC;PBARDALES;02_Analisis;20/01/2026;00:30:00;Cerrado
;INC 2026-002577;EXP;SIC;PBARDALES;02_Analisis;20/01/2026;02:00:00;Cerrado
;REQ 2026-002468;REQ;SIC;PBARDALES;04_Desarrollo;20/01/2026;02:00:00;Cerrado
;REQ 2026-002916;REQ;AGENDA CITAS;CRODRIGUEZ;07_Documentación;21/01/2026;06:00:00;Cerrada
;REQ 2025-044066;EXP;APP/ WEB;CRODRIGUEZ;04_Desarrollo;21/01/2026;03:30:00;Cerrada
;REQ 2025-020782;REQ;SIC;AMOROMISATO;07_Documentación;21/01/2026;03:00:00;Cerrado
;REQ 2025-046008;REQ;AGENDA CITAS;AMOROMISATO;01_Reunion de Entendimiento;21/01/2026;00:30:00;Cerrada
;REQ 2026-002916;REQ;AGENDA CITAS;AMOROMISATO;11_Reunion Interna DEV;21/01/2026;00:30:00;Cerrada
;REQ 2025-020782;REQ;SIC;AMOROMISATO;07_Documentación;21/01/2026;04:30:00;Cerrada
;REQ 2025-042069;REQ;APP/ WEB;AMOROMISATO;01_Reunion de Entendimiento;21/01/2026;01:00:00;Cerrada
;INC 2026-003164;INC;APP/ WEB;JROSALES;02_Analisis;21/01/2026;00:45:00;Cerrada
;REQ 2026-001771;REQ;AGENDA CITAS;JROSALES;02_Analisis;21/01/2026;04:00:00;Cerrada
;INC 2025-044516;INC;AGENDA CITAS;JROSALES;02_Analisis;21/01/2026;02:00:00;Cerrada
;REQ 2025-044502;REQ;APP/ WEB;JROSALES;02_Analisis;21/01/2026;01:30:00;Cerrada
;INC 2026-002681;INC;APP/ WEB;JROSALES;02_Analisis;21/01/2026;00:45:00;Cerrada
;INC 2026-003055;INC;APP/ WEB;JROSALES;02_Analisis;21/01/2026;01:00:00;Cerrada
;REQ 2026-003058;REQ;AGENDA CITAS;JROSALES;02_Analisis;21/01/2026;00:30:00;Cerrada
;REQ 2026-002468;REQ;SIC;FGONZALES;01_Reunion de Entendimiento;21/01/2026;00:30:00;Cerrada
;REQ 2026-001732;REQ;HCE;JGUILLEN;01_Reunion de Entendimiento;21/01/2026;01:00:00;Cerrada
;REQ 2024-023822;PRY;HCE UNIFICADA;TMACASSI;17_Capacitaciones;35/01/2026;07:30:00;Cerrada
;INC 2025-043320;INC;SIC;YSUYCO;02_Analisis;21/01/2026;02:00:00;Cerrada
;INC 2026-001357;INC;SIC;JREBAZA;02_Analisis;21/01/2026;00:40:00;Cerrada
;INC 2026-001748;INC;SIC;JREBAZA;02_Analisis;21/01/2026;00:40:00;Cerrada
;INC 2026-002026;INC;SIC;JREBAZA;02_Analisis;21/01/2026;00:40:00;Cerrada
;INC 2026-002166;INC;SIC;JREBAZA;02_Analisis;21/01/2026;00:40:00;Cerrada
;INC 2026-002309;INC;SIC;JREBAZA;02_Analisis;21/01/2026;00:40:00;Cerrada
;REQ 2026-004661;REQ;HCE;FGONZALES;02_Analisis;21/01/2026;00:30:00;Cerrada
;REQ 2026-004661;REQ;HCE;FGONZALES;02_Analisis;21/01/2026;00:45:00;Cerrada
;INC 2026-002952;INC;SIC;YSUYCO;02_Analisis;21/01/2026;02:00:00;Cerrada
;REQ 2026-001744;REQ;SIC;JREBAZA;02_Analisis;21/01/2026;00:40:00;Cerrada
;REQ 2026-001745;REQ;SIC;JREBAZA;02_Analisis;21/01/2026;00:40:00;Cerrada
;REQ 2026-001750;REQ;SIC;JREBAZA;02_Analisis;21/01/2026;00:40:00;Cerrada
;REQ 2026-002023;REQ;SIC;JREBAZA;02_Analisis;21/01/2026;00:40:00;Cerrada
;REQ 2026-002157;REQ;HCE;JREBAZA;02_Analisis;21/01/2026;00:50:00;Cerrada
;REQ 2026-002616;EXP;SIC;JREBAZA;02_Analisis;21/01/2026;00:40:00;Cerrada
;REQ 2026-002619;EXP;SIC;JREBAZA;02_Analisis;21/01/2026;00:40:00;Cerrada
;REQ 2026-002620;EXP;SIC;JREBAZA;02_Analisis;21/01/2026;00:40:00;Cerrada
;REQ 2026-002397;REQ;HCE;RGREY;02_Analisis;21/01/2026;05:00:00;Cerrada
;REQ 2026-002397;REQ;HCE;RGREY;02_Analisis;21/01/2026;04:30:00;Cerrada
;REQ 2026-003146;REQ;SIC;JREBAZA;02_Analisis;21/01/2026;00:40:00;Cerrada
;REQ 2026-003147;EXP;SIC;JREBAZA;02_Analisis;21/01/2026;00:40:00;Cerrada
;REQ 2026-002606;EXP;SIC;YSUYCO;02_Analisis;21/01/2026;02:00:00;Cerrada
;REQ 2026-002673;EXP;SIC;YSUYCO;02_Analisis;21/01/2026;01:30:00;Cerrada
;REQ 2026-002958;EXP;SIC;YSUYCO;02_Analisis;21/01/2026;02:00:00;Cerrada
;REQ 2025-044790;REQ;SIC;FGONZALES;04_Desarrollo;21/01/2026;06:00:00;Cerrada
;REQ 2025-045886;REQ;SIC;FGONZALES;04_Desarrollo;21/01/2026;00:30:00;Cerrada
;INC 2026-003024;EXP;PORTAL PROVEEDORES;JGUILLEN;04_Desarrollo;21/01/2026;02:00:00;Cerrada
;REQ 2026-001732;REQ;HCE;JGUILLEN;04_Desarrollo;21/01/2026;05:00:00;Cerrada
;REQ 2024-017864;PRY;PORTAL PROVEEDORES;JGUILLEN;05_Pruebas Unitarias;21/01/2026;00:30:00;Cerrada
;REQ 2025-025291;REQ;SIC;JGUILLEN;07_Documentación;21/01/2026;01:00:00;Cerrada
;REQ 2026-003035;REQ;SIC;PBARDALES;01_Reunion de Entendimiento;21/01/2026;01:00:00;Cerrada
;INC 2025-026026;INC;SIC;PBARDALES;02_Analisis;21/01/2026;01:00:00;Cerrada
;REQ 2025-020052;REQ;SAP;PBARDALES;04_Desarrollo;21/01/2026;01:30:00;Cerrada
;REQ 2026-002156;REQ;SAP;PBARDALES;02_Analisis;21/01/2026;00:30:00;Cerrada
;REQ 2026-001061;REQ;SAP;PBARDALES;02_Analisis;21/01/2026;00:30:00;Cerrada
;REQ 2025-044533;REQ;SIC;PBARDALES;02_Analisis;21/01/2026;00:30:00;Cerrada
;REQ 2026-002698;EXP;SAP;PBARDALES;04_Desarrollo;21/01/2026;01:00:00;Cerrada
;INC 2026-002830;INC;SAP;PBARDALES;02_Analisis;21/01/2026;00:40:00;Cerrada
;REQ 2026-002468;REQ;SIC;PBARDALES;04_Desarrollo;21/01/2026;02:00:00;Cerrada
;REQ 2025-020782;REQ;SIC;AMOROMISATO;07_Documentación;22/01/2026;01:00:00;Cerrada
;REQ 2025-038327;REQ;HCE;AMOROMISATO;02_Analisis;22/01/2026;01:00:00;Cerrado
;REQ 2025-038327;REQ;HCE;AMOROMISATO;03_Estimación de Actividades;22/01/2026;00:30:00;Cerrado
;REQ 2025-046008;REQ;AGENDA CITAS;AMOROMISATO;02_Analisis;22/01/2026;02:00:00;Cerrado
;REQ 2025-038327;REQ;HCE;AMOROMISATO;04_Desarrollo;22/01/2026;05:00:00;Cerrado
;REQ 2025-044066;EXP;APP/ WEB;CRODRIGUEZ;04_Desarrollo;22/01/2026;05:30:00;Cerrada
;REQ 2026-001664;REQ;HCE;CRODRIGUEZ;02_Analisis;22/01/2026;04:00:00;Cerrada
;INC 2026-003122;INC;APP/ WEB;JROSALES;02_Analisis;22/01/2026;00:45:00;Cerrada
;INC 2026-003250;INC;APP/ WEB;JROSALES;02_Analisis;22/01/2026;00:45:00;Cerrada
;REQ 2026-003266;REQ;APP/ WEB;JROSALES;02_Analisis;22/01/2026;00:45:00;Cerrada
;INC 2026-003329;INC;APP/ WEB;JROSALES;02_Analisis;22/01/2026;00:45:00;Cerrado
;INC 2026-003050;EXP;APP/ WEB;JROSALES;02_Analisis;22/01/2026;00:45:00;Cerrada
;INC 2026-003347;INC;AGENDA CITAS;JROSALES;02_Analisis;22/01/2026;01:00:00;Cerrada
;INC 2026-003062;EXP;APP/ WEB;JROSALES;02_Analisis;22/01/2026;00:30:00;Cerrada
;REQ 2026-003168;EXP;AGENDA CITAS;JROSALES;02_Analisis;22/01/2026;00:50:00;Cerrada
;INC 2026-003247;EXP;HCE;JROSALES;02_Analisis;22/01/2026;00:30:00;Cerrada
;INC 2026-003291;EXP;HCE;JROSALES;02_Analisis;22/01/2026;00:30:00;Cerrada
;REQ 2026-001771;REQ;AGENDA CITAS;JROSALES;02_Analisis;22/01/2026;00:20:00;Cerrada
;REQ 2026-001771;REQ;AGENDA CITAS;JROSALES;02_Analisis;22/01/2026;01:00:00;Cerrada
;REQ 2026-001771;REQ;AGENDA CITAS;JROSALES;02_Analisis;22/01/2026;01:30:00;Cerrada
;REQ 2025-042069;REQ;APP/ WEB;JROSALES;02_Analisis;22/01/2026;01:00:00;Cerrada
;REQ 2024-023822;PRY;HCE UNIFICADA;TMACASSI;17_Capacitaciones;22/01/2026;09:30:00;Cerrada
;REQ 2024-018390;PRY;SIL;RGREY;01_Reunion de Entendimiento;22/01/2026;02:00:00;Cerrada
;REQ 2026-001155;REQ;SIC;JREBAZA;02_Analisis;22/01/2026;01:30:00;Cerrada
;INC 2026-002211;EXP;SIC;YSUYCO;02_Analisis;22/01/2026;03:00:00;Cerrada
;INC 2026-002952;INC;SIC;YSUYCO;02_Analisis;22/01/2026;03:00:00;Cerrada
;INC 2026-002957;INC;SIC;YSUYCO;02_Analisis;22/01/2026;01:30:00;Cerrada
;REQ 2026-002397;REQ;HCE;RGREY;02_Analisis;22/01/2026;05:00:00;Cerrada
;REQ 2026-003196;EXP;SIC;JREBAZA;02_Analisis;22/01/2026;01:30:00;Cerrada
;REQ 2026-001047;REQ;APP/ WEB;YSUYCO;02_Analisis;22/01/2026;02:00:00;Cerrada
;REQ 2025-044790;REQ;SIC;FGONZALES;04_Desarrollo;22/01/2026;05:00:00;Cerrada
;REQ 2026-003222;EXP;PORTAL PROVEEDORES;JGUILLEN;04_Desarrollo;22/01/2026;01:00:00;Cerrada
;REQ 2026-003283;EXP;PORTAL PROVEEDORES;JGUILLEN;04_Desarrollo;22/01/2026;00:30:00;Cerrada
;REQ 2026-002960;REQ;SIC;JGUILLEN;04_Desarrollo;22/01/2026;00:30:00;Cerrada
;REQ 2026-001732;REQ;HCE;JGUILLEN;04_Desarrollo;22/01/2026;06:00:00;Cerrada
;REQ 2026-000725;REQ;SIC;JREBAZA;04_Desarrollo;22/01/2026;07:00:00;Cerrada
;REQ 2024-017864;PRY;PORTAL PROVEEDORES;JGUILLEN;05_Pruebas Unitarias;22/01/2026;01:00:00;Cerrada
;REQ 2025-007426;REQ;HCE;FGONZALES;09_Acompañamiento QA;22/01/2026;04:00:00;Cerrada
;REQ 2025-020052;REQ;SAP;PBARDALES;04_Desarrollo;22/01/2026;03:40:00;Cerrado
;REQ 2026-002284;REQ;SIC;PBARDALES;01_Reunion de Entendimiento;22/01/2026;01:00:00;Cerrada
;REQ 2024-018390;PRY;SIL;PBARDALES;19_Reunion Proveedores;22/01/2026;02:00:00;Cerrada
;REQ 2026-003886;REQ;SAP;PBARDALES;06_Pruebas Usuario Final;22/01/2026;01:00:00;Cerrado
;INC 2026-001600;INC;SIC;PBARDALES;02_Analisis;22/01/2026;01:00:00;Cerrado
;REQ 2026-001966;REQ;SIC;PBARDALES;02_Analisis;22/01/2026;01:00:00;Cerrado
;INC 2026-003560;INC;APP/ WEB;JROSALES;02_Analisis;23/01/2026;00:45:00;Cerrado
;INC 2026-003456;INC;APP/ WEB;JROSALES;02_Analisis;23/01/2026;00:30:00;Cerrada
;REQ 2026-003525;EXP;APP/ WEB;JROSALES;02_Analisis;23/01/2026;03:00:00;Cerrada
;REQ 2026-003525;EXP;APP/ WEB;JROSALES;02_Analisis;23/01/2026;02:00:00;Cerrada
;INC 2026-003271;INC;HCE;JROSALES;02_Analisis;23/01/2026;00:30:00;Cerrada
;REQ 2026-003438;REQ;APP/ WEB;JROSALES;02_Analisis;23/01/2026;00:30:00;Cerrada
;REQ 2026-003496;REQ;APP/ WEB;JROSALES;02_Analisis;23/01/2026;00:30:00;Cerrada
;INC 2026-003518;INC;APP/ WEB;JROSALES;02_Analisis;23/01/2026;00:45:00;Cerrada
;INC 2026-002133;INC;AGENDA CITAS;JROSALES;02_Analisis;23/01/2026;00:40:00;Cerrada
;REQ 2026-003158;EXP;APP/ WEB;JROSALES;02_Analisis;23/01/2026;00:40:00;Cerrada
;REQ 2026-003158;EXP;APP/ WEB;JROSALES;02_Analisis;23/01/2026;00:30:00;Cerrada
;REQ 2026-003158;EXP;APP/ WEB;JROSALES;02_Analisis;23/01/2026;00:30:00;Cerrada
;REQ 2025-044066;EXP;APP/ WEB;CRODRIGUEZ;04_Desarrollo;23/01/2026;03:30:00;Cerrada
;REQ 2026-001664;REQ;HCE;CRODRIGUEZ;04_Desarrollo;23/01/2026;06:00:00;Cerrada
;REQ 2025-038327;REQ;HCE;AMOROMISATO;04_Desarrollo;23/01/2026;02:30:00;Cerrada
;REQ 2025-038327;REQ;HCE;AMOROMISATO;04_Desarrollo;23/01/2026;03:00:00;Cerrada
;REQ 2025-038327;REQ;HCE;AMOROMISATO;05_Pruebas Unitarias;23/01/2026;04:00:00;Cerrada
;REQ 2024-023822;PRY;HCE UNIFICADA;TMACASSI;17_Capacitaciones;23/01/2026;09:30:00;Cerrada
;REQ 2025-017900;REQ;SIC;FGONZALES;01_Reunion de Entendimiento;23/01/2026;00:30:00;Cerrada
;REQ 2026-002272;REQ;SIC;FGONZALES;01_Reunion de Entendimiento;23/01/2026;00:30:00;Cerrada
;REQ 2026-002922;REQ;GITHUB;FGONZALES;01_Reunion de Entendimiento;23/01/2026;00:20:00;Cerrada
;REQ 2026-002272;REQ;SIC;JGUILLEN;01_Reunion de Entendimiento;23/01/2026;01:00:00;Cerrada
;INC 2026-000339;INC;SIC;FGONZALES;02_Analisis;23/01/2026;01:00:00;Cerrada
;INC 2026-003297;INC;SIC;JREBAZA;02_Analisis;23/01/2026;01:00:00;Cerrada
;INC 2026-003450;INC;SIC;JREBAZA;02_Analisis;23/01/2026;01:00:00;Cerrada
;INC 2026-003539;INC;SIRI;JREBAZA;02_Analisis;23/01/2026;01:00:00;Cerrada
;REQ 2025-017900;REQ;SIC;JREBAZA;02_Analisis;23/01/2026;01:00:00;Cerrada
;REQ 2026-001033;REQ;SIC;JREBAZA;02_Analisis;23/01/2026;01:00:00;Cerrada
;REQ 2026-001107;REQ;HIS;JREBAZA;02_Analisis;23/01/2026;02:50:00;Cerrada
;INC 2026-003491;INC;SIC;YSUYCO;02_Analisis;23/01/2026;02:00:00;Cerrada
;REQ 2026-003360;REQ;SIC;JREBAZA;02_Analisis;23/01/2026;01:00:00;Cerrada
;REQ 2026-003365;REQ;SIC;JREBAZA;02_Analisis;23/01/2026;01:00:00;Cerrada
;REQ 2026-003338;EXP;SIC;YSUYCO;02_Analisis;23/01/2026;07:00:00;Cerrada
;REQ 2026-003351;REQ;SIC;YSUYCO;02_Analisis;23/01/2026;02:00:00;Cerrada
;REQ 2025-045886;REQ;SIC;FGONZALES;04_Desarrollo;23/01/2026;04:30:00;Cerrado
;REQ 2026-001732;REQ;HCE;JGUILLEN;04_Desarrollo;23/01/2026;08:00:00;Cerrado
;REQ 2025-044036;REQ;SIC;RGREY;04_Desarrollo;23/01/2026;09:30:00;Cerrado
;REQ 2025-045886;REQ;SIC;FGONZALES;06_Pruebas Usuario Final;23/01/2026;00:30:00;Cerrada
;REQ 2026-002272;REQ;SIC;JGUILLEN;07_Documentación;23/01/2026;00:30:00;Cerrada
;REQ 2026-003035;REQ;SIC;PBARDALES;04_Desarrollo;23/01/2026;01:00:00;Cerrada
;REQ 2026-002819;REQ;SIC;PBARDALES;04_Desarrollo;23/01/2026;01:00:00;Cerrada
;REQ 2025-020052;REQ;SAP;PBARDALES;04_Desarrollo;23/01/2026;03:00:00;Cerrada
;REQ 2026-003448;REQ;SIC;PBARDALES;04_Desarrollo;23/01/2026;01:00:00;Cerrada
;REQ 2026-002468;REQ;SIC;PBARDALES;07_Documentación;23/01/2026;02:00:00;Cerrado
;REQ 2026-002893;REQ;SAP;PBARDALES;04_Desarrollo;23/01/2026;01:30:00;Cerrada
;REQ 2026-001664;REQ;HCE;CRODRIGUEZ;04_Desarrollo;26/01/2026;07:30:00;Cerrada
;REQ 2025-041027;REQ;AGENDA CITAS;CRODRIGUEZ;04_Desarrollo;26/01/2026;02:00:00;Cerrada
;INC 2026-003784;EXP;AGENDA CITAS;JROSALES;02_Analisis;26/01/2026;00:50:00;Cerrada
;REQ 2026-002917;REQ;APP/ WEB;JROSALES;02_Analisis;26/01/2026;00:30:00;Cerrada
;INC 2026-003741;INC;APP/ WEB;JROSALES;02_Analisis;26/01/2026;01:30:00;Cerrada
;INC 2026-003776;INC;APP/ WEB;JROSALES;02_Analisis;26/01/2026;01:30:00;Cerrada
;INC 2026-003620;INC;APP/ WEB;JROSALES;02_Analisis;26/01/2026;01:20:00;Cerrada
;REQ 2025-046008;REQ;AGENDA CITAS;AMOROMISATO;02_Analisis;26/01/2026;01:30:00;Cerrada
;INC 2026-003680;INC;SIC;JROSALES;02_Analisis;26/01/2026;00:30:00;Cerrada
;REQ 2026-003525;EXP;APP/ WEB;JROSALES;02_Analisis;26/01/2026;02:00:00;Cerrada
;REQ 2025-046008;REQ;AGENDA CITAS;AMOROMISATO;04_Desarrollo;26/01/2026;04:00:00;Cerrada
;REQ 2025-038327;REQ;HCE;AMOROMISATO;06_Pruebas Usuario Final;26/01/2026;03:30:00;Cerrada
;REQ 2026-003537;REQ;AGENDA CITAS;JROSALES;02_Analisis;26/01/2026;01:00:00;Cerrada
;INC 2026-000339;INC;SIC;FGONZALES;02_Analisis;26/01/2026;03:00:00;Cerrada
;INC 2026-003452;INC;SIC;JREBAZA;02_Analisis;26/01/2026;00:20:00;Cerrada
;INC 2026-003453;INC;SIC;JREBAZA;02_Analisis;26/01/2026;00:40:00;Cerrada
;REQ 2026-000067;REQ;SIC;FGONZALES;02_Analisis;26/01/2026;01:00:00;Cerrada
;REQ 2026-001107;REQ;HIS;JREBAZA;02_Analisis;26/01/2026;02:50:00;Cerrada
;INC 2026-000339;INC;SIC;YSUYCO;02_Analisis;26/01/2026;07:00:00;Cerrada
;INC 2026-003422;INC;SIC;YSUYCO;02_Analisis;26/01/2026;02:30:00;Cerrada
;REQ 2026-002287;REQ;SIC;JREBAZA;02_Analisis;26/01/2026;00:40:00;Cerrada
;REQ 2026-003258;REQ;SIC;JREBAZA;02_Analisis;26/01/2026;00:40:00;Cerrada
;REQ 2026-003262;REQ;SIC;JREBAZA;02_Analisis;26/01/2026;00:40:00;Cerrada
;REQ 2026-003293;REQ;SIC;JREBAZA;02_Analisis;26/01/2026;00:40:00;Cerrada
;REQ 2026-003295;REQ;SIC;JREBAZA;02_Analisis;26/01/2026;00:40:00;Cerrada
;REQ 2026-003298;REQ;SIC;JREBAZA;02_Analisis;26/01/2026;00:40:00;Cerrada
;REQ 2026-003791;REQ;SIC;JREBAZA;02_Analisis;26/01/2026;00:20:00;Cerrada
;REQ 2026-003802;REQ;SIC;JREBAZA;02_Analisis;26/01/2026;00:40:00;Cerrada
;REQ 2026-003844;REQ;SAP;JREBAZA;02_Analisis;26/01/2026;00:40:00;Cerrada
;REQ 2026-003849;REQ;SIC;JREBAZA;02_Analisis;26/01/2026;00:20:00;Cerrada
;REQ 2026-003074;REQ;HCE;JGUILLEN;04_Desarrollo;26/01/2026;04:30:00;Cerrada
;REQ 2025-044036;REQ;SIC;RGREY;04_Desarrollo;26/01/2026;09:30:00;Cerrada
;REQ 2025-045886;REQ;SIC;FGONZALES;07_Documentación;26/01/2026;02:00:00;Cerrada
;REQ 2026-001732;REQ;HCE;JGUILLEN;07_Documentación;26/01/2026;05:00:00;Cerrada
;REQ 2025-007426;REQ;HCE;FGONZALES;09_Acompañamiento QA;26/01/2026;02:00:00;Cerrada
;REQ 2025-007426;REQ;HCE;FGONZALES;09_Acompañamiento QA;26/01/2026;01:00:00;Cerrada
;REQ 2025-020052;REQ;SAP;PBARDALES;04_Desarrollo;26/01/2026;03:00:00;Cerrada
;REQ 2026-003886;REQ;SAP;PBARDALES;06_Pruebas Usuario Final;26/01/2026;01:30:00;Cerrada
;REQ 2026-002405;REQ;SIC;PBARDALES;02_Analisis;26/01/2026;00:40:00;Cerrada
;REQ 2026-002168;REQ;SAP;PBARDALES;02_Analisis;26/01/2026;01:00:00;Cerrada
;INC 2026-001419;EXP;SIC;PBARDALES;04_Desarrollo;26/01/2026;01:00:00;Cerrado
;INC 2026-002337;INC;SIC;PBARDALES;02_Analisis;26/01/2026;00:20:00;Cerrada
;INC 2026-003498;EXP;SIC;PBARDALES;04_Desarrollo;26/01/2026;01:00:00;Cerrada
;REQ 2026-001664;REQ;HCE;CRODRIGUEZ;04_Desarrollo;27/01/2026;07:30:00;Cerrada
;REQ 2025-041027;REQ;AGENDA CITAS;CRODRIGUEZ;04_Desarrollo;27/01/2026;02:00:00;Cerrada
;REQ 2025-038327;REQ;HCE;AMOROMISATO;02_Analisis;27/01/2026;01:30:00;Cerrada
;REQ 2025-046008;REQ;AGENDA CITAS;AMOROMISATO;04_Desarrollo;27/01/2026;03:30:00;Cerrada
;REQ 2025-046008;REQ;AGENDA CITAS;AMOROMISATO;04_Desarrollo;27/01/2026;04:30:00;Cerrada
;REQ 2026-004094;EXP;APP/ WEB;JROSALES;02_Analisis;27/01/2026;00:30:00;Cerrada
;REQ 2026-004095;EXP;APP/ WEB;JROSALES;02_Analisis;27/01/2026;02:30:00;Cerrada
;INC 2026-003386;INC;HCE;JROSALES;02_Analisis;27/01/2026;00:15:00;Cerrada
;REQ 2026-005925;REQ;APP/ WEB;JROSALES;01_Reunion de Entendimiento;27/01/2026;03:00:00;Cerrada
;REQ 2025-044066;EXP;APP/ WEB;JROSALES;02_Analisis;27/01/2026;02:00:00;Cerrada
;REQ 2026-001948;REQ;APP/ WEB;JROSALES;02_Analisis;27/01/2026;03:00:00;Cerrada
;REQ 2026-000067;REQ;SIC;FGONZALES;01_Reunion de Entendimiento;27/01/2026;00:30:00;Cerrada
;REQ 2026-003052;REQ;SIC;FGONZALES;01_Reunion de Entendimiento;27/01/2026;00:30:00;Cerrada
;REQ 2026-003097;REQ;HIS;JGUILLEN;01_Reunion de Entendimiento;27/01/2026;00:30:00;Cerrada
;REQ 2026-003857;REQ;DATOS;FPINEDO;01_Reunion de Entendimiento;27/01/2026;01:00:00;Cerrada
;REQ 2026-003857;REQ;DATOS;FGONZALES;02_Analisis;27/01/2026;01:00:00;Cerrada
;INC 2026-003449;INC;SIC;JREBAZA;02_Analisis;27/01/2026;00:40:00;Cerrada
;INC 2026-003451;INC;SIC;JREBAZA;02_Analisis;27/01/2026;00:40:00;Cerrada
;INC 2026-003615;INC;SIC;JREBAZA;02_Analisis;27/01/2026;00:20:00;Cerrada
;INC 2026-003619;INC;SIC;JREBAZA;02_Analisis;27/01/2026;00:40:00;Cerrada
;INC 2026-004055;INC;SIC;JREBAZA;02_Analisis;27/01/2026;00:20:00;Cerrada
;INC 2026-003234;INC;SIC;YSUYCO;02_Analisis;27/01/2026;00:30:00;Cerrada
;INC 2026-003571;INC;SIC;YSUYCO;02_Analisis;27/01/2026;02:00:00;Cerrada
;INC 2026-003644;INC;SIC;YSUYCO;02_Analisis;27/01/2026;01:30:00;Cerrada
;INC 2026-003680;INC;SIC;YSUYCO;02_Analisis;27/01/2026;01:30:00;Cerrada
;INC 2026-003854;INC;SIC;YSUYCO;02_Analisis;27/01/2026;02:00:00;Cerrada
;REQ 2026-002992;REQ;SIC;JREBAZA;02_Analisis;27/01/2026;00:40:00;Cerrada
;REQ 2026-003261;REQ;SIC;JREBAZA;02_Analisis;27/01/2026;00:40:00;Cerrada
;REQ 2026-003351;REQ;SIC;JREBAZA;02_Analisis;27/01/2026;00:40:00;Cerrada
;REQ 2026-003489;REQ;SIC;JREBAZA;02_Analisis;27/01/2026;02:10:00;Cerrada
;REQ 2026-003529;REQ;HCE;JREBAZA;02_Analisis;27/01/2026;00:20:00;Cerrada
;REQ 2026-003540;REQ;HCE;JREBAZA;02_Analisis;27/01/2026;00:20:00;Cerrada
;REQ 2026-003758;REQ;SIC;JREBAZA;02_Analisis;27/01/2026;00:20:00;Cerrada
;REQ 2026-003835;REQ;HCE;JREBAZA;02_Analisis;27/01/2026;00:20:00;Cerrada
;REQ 2026-004048;REQ;SIC;JREBAZA;02_Analisis;27/01/2026;00:20:00;Cerrado
;REQ 2026-004049;REQ;SIC;JREBAZA;02_Analisis;27/01/2026;00:30:00;Cerrado
;REQ 2026-004083;REQ;SIC;JREBAZA;02_Analisis;27/01/2026;00:40:00;Cerrado
;REQ 2026-004135;REQ;MAC;JREBAZA;02_Analisis;27/01/2026;00:20:00;Cerrado
;REQ 2026-003975;REQ;HIS;FPINEDO;02_Analisis;27/01/2026;02:00:00;Cerrado
;REQ 2025-044175;REQ;SIC;RGREY;02_Analisis;27/01/2026;04:00:00;Cerrado
;REQ 2026-003787;EXP;SIC;YSUYCO;02_Analisis;27/01/2026;02:00:00;Cerrado
;REQ 2026-003074;REQ;HCE;JGUILLEN;04_Desarrollo;27/01/2026;01:30:00;Cerrado
;REQ 2026-003289;REQ;PORTAL PROVEEDORES;JGUILLEN;04_Desarrollo;27/01/2026;07:30:00;Cerrado
;REQ 2026-003975;REQ;HIS;FPINEDO;04_Desarrollo;27/01/2026;05:00:00;Cerrado
;REQ 2025-044036;REQ;SIC;RGREY;04_Desarrollo;27/01/2026;06:00:00;Cerrado
;REQ 2025-044790;REQ;SIC;FGONZALES;05_Pruebas Unitarias;27/01/2026;04:00:00;Cerrada
;REQ 2025-044790;REQ;SIC;FGONZALES;06_Pruebas Usuario Final;27/01/2026;01:00:00;Cerrada
;REQ 2026-003975;REQ;HIS;FPINEDO;07_Documentación;27/01/2026;01:30:00;Cerrada
;REQ 2025-020052;REQ;SAP;PBARDALES;04_Desarrollo;27/01/2026;03:00:00;Cerrado
;INC 2026-003025;INC;SAP;PBARDALES;02_Analisis;27/01/2026;01:00:00;Cerrada
;INC 2026-002241;EXP;SIC;PBARDALES;04_Desarrollo;27/01/2026;01:00:00;Cerrada
;REQ 2026-002837;REQ;SAP;PBARDALES;02_Analisis;27/01/2026;00:30:00;Cerrada
;REQ 2026-003149;REQ;SAP;PBARDALES;04_Desarrollo;27/01/2026;00:30:00;Cerrada
;REQ 2026-003118;REQ;SAP;PBARDALES;02_Analisis;27/01/2026;00:30:00;Cerrada
;INC 2026-002516;INC;SIC;PBARDALES;02_Analisis;27/01/2026;00:30:00;Cerrada
;INC 2026-003036;EXP;AGENDA CITAS;PBARDALES;04_Desarrollo;27/01/2026;01:30:00;Cerrada
;REQ 2026-003142;REQ;SAP;PBARDALES;02_Analisis;27/01/2026;01:00:00;Cerrada
;REQ 2026-001664;REQ;HCE;CRODRIGUEZ;04_Desarrollo;28/01/2026;08:30:00;Cerrada
;REQ 2024-006886;PRY;HIS;CRODRIGUEZ;07_Documentación;28/01/2026;01:00:00;Cerrada
;INC 2026-004189;INC;AGENDA CITAS;JROSALES;02_Analisis;28/01/2026;02:00:00;Cerrada
;INC 2026-004188;INC;AGENDA CITAS;JROSALES;02_Analisis;28/01/2026;00:30:00;Cerrada
;REQ 2026-004184;REQ;APP/ WEB;JROSALES;02_Analisis;28/01/2026;00:45:00;Cerrada
;INC 2026-004191;INC;AGENDA CITAS;JROSALES;02_Analisis;28/01/2026;00:15:00;Cerrada
;INC 2026-004291;INC;AGENDA CITAS;JROSALES;02_Analisis;28/01/2026;00:30:00;Cerrada
;INC 2026-004293;INC;AGENDA CITAS;JROSALES;02_Analisis;28/01/2026;00:30:00;Cerrada
;INC 2026-004268;INC;APP/ WEB;JROSALES;02_Analisis;28/01/2026;01:20:00;Cerrada
;INC 2026-004117;INC;AGENDA CITAS;JROSALES;02_Analisis;28/01/2026;01:30:00;Cerrada
;INC 2026-004298;INC;APP/ WEB;JROSALES;02_Analisis;28/01/2026;00:20:00;Cerrada
;INC 2026-003684;INC;APP/ WEB;JROSALES;02_Analisis;28/01/2026;00:20:00;Cerrada
;INC 2026-004350;INC;AGENDA CITAS;JROSALES;02_Analisis;28/01/2026;00:20:00;Cerrada
;INC 2026-004101;EXP;APP/ WEB;JROSALES;02_Analisis;28/01/2026;01:00:00;Cerrada
;INC 2026-004210;EXP;AGENDA CITAS;JROSALES;02_Analisis;28/01/2026;00:40:00;Cerrada
;REQ 2025-046008;REQ;AGENDA CITAS;AMOROMISATO;15_Acompañamiento SD;28/01/2026;01:30:00;Cerrada
;REQ 2025-046008;REQ;AGENDA CITAS;AMOROMISATO;04_Desarrollo;28/01/2026;02:00:00;Cerrada
;REQ 2025-046008;REQ;AGENDA CITAS;AMOROMISATO;07_Documentación;28/01/2026;06:00:00;Cerrada
;REQ 2024-023822;PRY;HCE UNIFICADA;FGONZALES;01_Reunion de Entendimiento;28/01/2026;01:00:00;Cerrada
;REQ 2024-006886;PRY;HIS;FPINEDO;01_Reunion de Entendimiento;28/01/2026;01:00:00;Cerrada
;REQ 2024-006886;PRY;HIS;FPINEDO;01_Reunion de Entendimiento;28/01/2026;01:00:00;Cerrada
;REQ 2024-006886;PRY;HIS;FPINEDO;01_Reunion de Entendimiento;28/01/2026;01:00:00;Cerrada
;INC 2026-000339;INC;SIC;FGONZALES;02_Analisis;28/01/2026;02:30:00;Cerrada
;INC 2026-003504;EXP;SIC;YSUYCO;02_Analisis;28/01/2026;09:30:00;Cerrada
;REQ 2026-002878;REQ;SIC;FPINEDO;02_Analisis;28/01/2026;06:30:00;Cerrada
;REQ 2025-044175;REQ;SIC;RGREY;02_Analisis;28/01/2026;09:30:00;Cerrada
;REQ 2025-007426;REQ;HCE;FGONZALES;04_Desarrollo;28/01/2026;04:00:00;Cerrada
;REQ 2026-003052;REQ;SIC;FGONZALES;04_Desarrollo;28/01/2026;01:30:00;Cerrada
;REQ 2024-021925;REQ;SIC;JGUILLEN;05_Pruebas Unitarias;28/01/2026;09:30:00;Cerrado
;REQ 2025-007426;REQ;HCE;FGONZALES;06_Pruebas Usuario Final;28/01/2026;00:30:00;Cerrado
;REQ 2026-004083;REQ;SIC;JREBAZA;02_Analisis;28/01/2026;00:40:00;Cerrado
;REQ 2026-003489;REQ;SIC;JREBAZA;02_Analisis;28/01/2026;01:30:00;Cerrado
;REQ 2026-003489;REQ;SIC;JREBAZA;02_Analisis;28/01/2026;00:40:00;Cerrado
;REQ 2026-003236;REQ;SIC;JREBAZA;02_Analisis;28/01/2026;00:40:00;Cerrada
;REQ 2026-004051;REQ;HCE;JREBAZA;02_Analisis;28/01/2026;00:40:00;Cerrada
;REQ 2026-003970;REQ;HCE;JREBAZA;02_Analisis;28/01/2026;00:40:00;Cerrada
;REQ 2026-004166;REQ;MAC;JREBAZA;02_Analisis;28/01/2026;00:40:00;Cerrada
;REQ 2026-001634;REQ;SIC;JREBAZA;02_Analisis;28/01/2026;00:40:00;Cerrada
;REQ 2026-004112;REQ;SIC;JREBAZA;02_Analisis;28/01/2026;01:00:00;Cerrada
;REQ 2026-003357;REQ;HCE;JREBAZA;02_Analisis;28/01/2026;01:30:00;Cerrado
;REQ 2026-003447;REQ;SIC;JREBAZA;02_Analisis;28/01/2026;01:00:00;Cerrado
;REQ 2025-020052;REQ;SAP;PBARDALES;04_Desarrollo;28/01/2026;03:00:00;Cerrado
;INC 2026-003479;EXP;SIC;PBARDALES;04_Desarrollo;28/01/2026;01:00:00;Cerrado
;REQ 2026-003366;EXP;SAP;PBARDALES;04_Desarrollo;28/01/2026;01:00:00;Cerrado
;REQ 2026-002882;REQ;SIC;PBARDALES;02_Analisis;28/01/2026;00:20:00;Cerrado
;REQ 2026-003715;REQ;SAP;PBARDALES;02_Analisis;28/01/2026;01:00:00;Cerrado
;REQ 2026-004368;REQ;SIC;PBARDALES;04_Desarrollo;28/01/2026;02:00:00;Cerrado
;REQ 2026-003807;REQ;SIC;PBARDALES;02_Analisis;28/01/2026;01:30:00;Cerrado
;REQ 2026-001664;REQ;HCE;CRODRIGUEZ;04_Desarrollo;29/01/2026;05:00:00;Cerrado
;REQ 2025-041027;REQ;AGENDA CITAS;CRODRIGUEZ;04_Desarrollo;29/01/2026;04:30:00;Cerrada
;REQ 2025-045393;REQ;AGENDA CITAS;AMOROMISATO;02_Analisis;29/01/2026;01:30:00;Cerrada
;REQ 2025-045393;REQ;AGENDA CITAS;AMOROMISATO;03_Estimación de Actividades;29/01/2026;01:00:00;Cerrada
;REQ 2025-045393;REQ;AGENDA CITAS;AMOROMISATO;04_Desarrollo;29/01/2026;07:00:00;Cerrada
;REQ 2026-004208;REQ;APP/ WEB;JROSALES;02_Analisis;29/01/2026;02:00:00;Cerrada
;REQ 2026-004208;REQ;APP/ WEB;JROSALES;02_Analisis;29/01/2026;01:30:00;Cerrada
;INC 2026-004196;INC;AGENDA CITAS;JROSALES;02_Analisis;29/01/2026;00:30:00;Cerrada
;INC 2026-004058;INC;APP/ WEB;JROSALES;02_Analisis;29/01/2026;02:00:00;Cerrada
;INC 2026-004058;INC;APP/ WEB;JROSALES;02_Analisis;29/01/2026;01:30:00;Cerrada
;INC 2026-004374;INC;AGENDA CITAS;JROSALES;02_Analisis;29/01/2026;01:30:00;Cerrada
;REQ 2026-000067;REQ;SIC;FGONZALES;02_Analisis;29/01/2026;01:00:00;Cerrada
;INC 2026-001292;INC;SIC;YSUYCO;02_Analisis;29/01/2026;03:30:00;Cerrada
;INC 2026-004131;EXP;SIC;YSUYCO;02_Analisis;29/01/2026;02:00:00;Cerrada
;INC 2026-004227;EXP;SIC;YSUYCO;02_Analisis;29/01/2026;02:00:00;Cerrada
;INC 2026-004235;EXP;SIC;YSUYCO;02_Analisis;29/01/2026;02:00:00;Cerrada
;REQ 2025-007426;REQ;HCE;FGONZALES;04_Desarrollo;29/01/2026;01:00:00;Cerrada
;REQ 2026-003052;REQ;SIC;FGONZALES;04_Desarrollo;29/01/2026;02:00:00;Cerrada
;REQ 2026-003289;REQ;PORTAL PROVEEDORES;JGUILLEN;04_Desarrollo;29/01/2026;09:30:00;Cerrada
;REQ 2026-003835;REQ;HCE;FPINEDO;04_Desarrollo;29/01/2026;09:30:00;Cerrada
;REQ 2026-002293;REQ;HCE;RGREY;04_Desarrollo;29/01/2026;09:30:00;Cerrada
;REQ 2026-003052;REQ;SIC;FGONZALES;07_Documentación;29/01/2026;02:30:00;Cerrada
;REQ 2026-004077;REQ;MAC;JREBAZA;02_Analisis;29/01/2026;00:40:00;Cerrada
;REQ 2026-003390;REQ;MAC;JREBAZA;02_Analisis;29/01/2026;01:00:00;Cerrada
;REQ 2026-003520;REQ;SIC;JREBAZA;02_Analisis;29/01/2026;01:00:00;Cerrada
;REQ 2026-002750;REQ;HCE;JREBAZA;02_Analisis;29/01/2026;01:00:00;Cerrada
;REQ 2026-004357;REQ;HCE;JREBAZA;02_Analisis;29/01/2026;01:00:00;Cerrada
;INC 2026-004337;INC;HCE;JREBAZA;02_Analisis;29/01/2026;00:20:00;Cerrada
;REQ 2026-004328;REQ;SIC;JREBAZA;02_Analisis;29/01/2026;00:40:00;Cerrada
;REQ 2026-004377;REQ;HCE;JREBAZA;02_Analisis;29/01/2026;00:20:00;Cerrada
;REQ 2026-003987;REQ;SIC;JREBAZA;02_Analisis;29/01/2026;00:20:00;Cerrada
;REQ 2026-004332;REQ;MAC;JREBAZA;02_Analisis;29/01/2026;00:40:00;Cerrada
;REQ 2026-004434;REQ;SIC;JREBAZA;02_Analisis;29/01/2026;00:40:00;Cerrada
;REQ 2026-004364;REQ;SIC;JREBAZA;02_Analisis;29/01/2026;00:20:00;Cerrado
;REQ 2026-004363;REQ;SIC;JREBAZA;02_Analisis;29/01/2026;00:20:00;Cerrado
;INC 2026-003619;INC;SIC;JREBAZA;02_Analisis;29/01/2026;01:20:00;Cerrado
;REQ 2025-020052;REQ;SAP;PBARDALES;04_Desarrollo;29/01/2026;03:00:00;Cerrado
;REQ 2026-004368;REQ;SIC;PBARDALES;04_Desarrollo;29/01/2026;02:00:00;Cerrado
;REQ 2026-003788;EXP;SIC;PBARDALES;04_Desarrollo;29/01/2026;01:00:00;Cerrado
;INC 2026-003625;INC;SIC;PBARDALES;02_Analisis;29/01/2026;00:30:00;Cerrada
;INC 2026-003643;INC;SIC;PBARDALES;02_Analisis;29/01/2026;00:30:00;Cerrada
;INC 2026-004469;INC;SAP;PBARDALES;02_Analisis;29/01/2026;00:30:00;Cerrada
;REQ 2026-003167;REQ;SAP;PBARDALES;02_Analisis;29/01/2026;01:00:00;Cerrada
;REQ 2026-003887;EXP;SAP;PBARDALES;04_Desarrollo;29/01/2026;01:00:00;Cerrada
;REQ 2026-004808;EXP;AGENDA CITAS;JROSALES;02_Analisis;30/01/2026;01:30:00;Cerrado
;INC 2026-004656;INC;APP/ WEB;JROSALES;02_Analisis;30/01/2026;01:30:00;Cerrada
;INC 2026-004716;INC;APP/ WEB;JROSALES;02_Analisis;30/01/2026;01:20:00;Cerrada
;INC 2026-004743;INC;APP/ WEB;JROSALES;02_Analisis;30/01/2026;01:00:00;Cerrada
;REQ 2026-004345;REQ;APP/ WEB;JROSALES;02_Analisis;30/01/2026;00:40:00;Cerrada
;REQ 2025-039257;REQ;APP/ WEB;JROSALES;02_Analisis;30/01/2026;03:00:00;Cerrada
;INC 2026-004823;EXP;SIC;JROSALES;02_Analisis;30/01/2026;00:30:00;Cerrada
;REQ 2025-041027;REQ;AGENDA CITAS;CRODRIGUEZ;04_Desarrollo;30/01/2026;04:00:00;Cerrada
;REQ 2024-022552;PRY;MAC;CRODRIGUEZ;04_Desarrollo;30/01/2026;05:30:00;Cerrada
;REQ 2025-045393;REQ;AGENDA CITAS;AMOROMISATO;05_Pruebas Unitarias;30/01/2026;04:30:00;Cerrada
;REQ 2025-045393;REQ;AGENDA CITAS;AMOROMISATO;07_Documentación;30/01/2026;05:00:00;Cerrada
;REQ 2026-004526;EXP;SIC;JREBAZA;01_Reunion de Entendimiento;30/01/2026;01:00:00;Cerrado
;REQ 2026-001702;REQ;HCE;FPINEDO;01_Reunion de Entendimiento;30/01/2026;01:00:00;Cerrada
;INC 2026-004299;INC;SIC;JREBAZA;02_Analisis;30/01/2026;01:00:00;Cerrada
;INC 2026-004385;EXP;SIC;YSUYCO;02_Analisis;30/01/2026;01:00:00;Cerrada
;INC 2026-004441;EXP;SIC;YSUYCO;02_Analisis;30/01/2026;01:00:00;Cerrada
;INC 2026-004524;EXP;SIC;YSUYCO;02_Analisis;30/01/2026;01:00:00;Cerrada
;INC 2026-004629;INC;HCE;YSUYCO;02_Analisis;30/01/2026;01:30:00;Cerrada
;INC 2026-004633;EXP;SIC;YSUYCO;02_Analisis;30/01/2026;01:00:00;Cerrada
;INC 2026-004643;EXP;SIC;YSUYCO;02_Analisis;30/01/2026;01:00:00;Cerrada
;REQ 2025-044790;REQ;SIC;FGONZALES;04_Desarrollo;30/01/2026;01:00:00;Cerrada
;REQ 2026-003902;EXP;SIC;YSUYCO;02_Analisis;30/01/2026;01:00:00;Cerrada
;REQ 2026-003289;REQ;PORTAL PROVEEDORES;JGUILLEN;04_Desarrollo;30/01/2026;09:30:00;Cerrada
;REQ 2026-001702;REQ;HCE;FPINEDO;04_Desarrollo;30/01/2026;06:30:00;Cerrada
;REQ 2026-002293;REQ;HCE;RGREY;04_Desarrollo;30/01/2026;09:30:00;Cerrada
;REQ 2025-036992;REQ;HCE;FPINEDO;04_Desarrollo;30/01/2026;02:00:00;Cerrada
;REQ 2026-003052;REQ;SIC;FGONZALES;07_Documentación;30/01/2026;01:00:00;Cerrada
;REQ 2026-000725;REQ;SIC;JREBAZA;09_Acompañamiento QA;30/01/2026;01:00:00;Cerrada
;REQ 2026-003903;EXP;SIC;YSUYCO;02_Analisis;30/01/2026;01:00:00;Cerrada
;REQ 2026-003972;EXP;SIC;YSUYCO;02_Analisis;30/01/2026;01:00:00;Cerrada
;INC 2026-003619;INC;SIC;JREBAZA;02_Analisis;30/01/2026;00:40:00;Cerrada
;REQ 2026-004251;REQ;SIC;JREBAZA;02_Analisis;30/01/2026;00:40:00;Cerrada
;INC 2026-004708;INC;SIC;JREBAZA;02_Analisis;30/01/2026;02:20:00;Cerrada
;REQ 2026-004707;REQ;SIC;JREBAZA;02_Analisis;30/01/2026;03:00:00;Cerrada
;REQ 2026-003883;REQ;SIC;JREBAZA;02_Analisis;30/01/2026;00:20:00;Cerrada
;REQ 2025-020052;REQ;SAP;PBARDALES;04_Desarrollo;30/01/2026;03:00:00;Cerrada
;REQ 2026-003904;REQ;SAP;PBARDALES;02_Analisis;30/01/2026;00:30:00;Cerrada
;INC 2026-001734;INC;SAP;PBARDALES;04_Desarrollo;30/01/2026;00:40:00;Cerrada
;REQ 2026-003886;REQ;SAP;PBARDALES;04_Desarrollo;30/01/2026;00:30:00;Cerrada
;INC 2026-003600;EXP;SAP;PBARDALES;04_Desarrollo;30/01/2026;01:00:00;Cerrada
;INC 2026-003966;EXP;SIC;PBARDALES;04_Desarrollo;30/01/2026;01:00:00;Cerrada
;INC 2026-004257;EXP;SIC;PBARDALES;04_Desarrollo;30/01/2026;01:00:00;Cerrada
;INC 2026-004234;INC;SIC;PBARDALES;04_Desarrollo;30/01/2026;00:45:00;Cerrada
;REQ 2026-003886;REQ;SAP;PBARDALES;02_Analisis;30/01/2026;01:00:00;Cerrada
;REQ 2025-025667;REQ;APP/ WEB;AMOROMISATO;01_Reunion de Entendimiento;02/02/2026;00:30:00;Cerrada
;REQ 2026-002917;REQ;APP/ WEB;AMOROMISATO;01_Reunion de Entendimiento;02/02/2026;00:30:00;Cerrada
;REQ 2026-001664;REQ;HCE;CRODRIGUEZ;09_Acompañamiento QA;02/02/2026;01:30:00;Cerrada
;REQ 2024-022552;PRY;MAC;CRODRIGUEZ;04_Desarrollo;02/02/2026;01:00:00;Cerrada
;REQ 2025-041027;REQ;AGENDA CITAS;CRODRIGUEZ;04_Desarrollo;02/02/2026;08:00:00;Cerrada
;REQ 2026-002917;REQ;APP/ WEB;AMOROMISATO;02_Analisis;02/02/2026;02:00:00;Cerrada
;REQ 2026-002917;REQ;APP/ WEB;AMOROMISATO;03_Estimación de Actividades;02/02/2026;02:00:00;Cerrada
;REQ 2026-002917;REQ;APP/ WEB;AMOROMISATO;04_Desarrollo;02/02/2026;05:00:00;Cerrada
;REQ 2026-002917;REQ;APP/ WEB;JROSALES;01_Reunion de Entendimiento;02/02/2026;00:30:00;Cerrada
;REQ 2026-002917;REQ;APP/ WEB;JROSALES;01_Reunion de Entendimiento;02/02/2026;01:00:00;Cerrada
;INC 2026-005139;INC;APP/ WEB;JROSALES;02_Analisis;02/02/2026;01:30:00;Cerrado
;INC 2026-004656;INC;APP/ WEB;JROSALES;02_Analisis;02/02/2026;01:30:00;Cerrado
;REQ 2026-005114;REQ;AGENDA CITAS;JROSALES;02_Analisis;02/02/2026;00:30:00;Cerrado
;REQ 2026-002415;REQ;APP/ WEB;JROSALES;02_Analisis;02/02/2026;02:00:00;Cerrado
;INC 2026-005007;EXP;APP/ WEB;JROSALES;02_Analisis;02/02/2026;03:00:00;Cerrada
;REQ 2026-004726;REQ;MAC;RGREY;02_Analisis;02/02/2026;05:00:00;Cerrada
;REQ 2026-003029;REQ;HCE;RGREY;02_Analisis;02/02/2026;02:30:00;Cerrada
;REQ 2026-004413;REQ;SAP;PBARDALES;02_Analisis;02/02/2026;01:00:00;Cerrada
;INC 2026-003466;INC;HIS;PBARDALES;02_Analisis;02/02/2026;00:40:00;Cerrado
;REQ 2026-004682;REQ;MAC;JREBAZA;02_Analisis;02/02/2026;00:20:00;Cerrada
;INC 2026-004936;INC;MAC;JREBAZA;02_Analisis;02/02/2026;00:20:00;Cerrada
;REQ 2026-004744;REQ;SIC;JREBAZA;02_Analisis;02/02/2026;00:40:00;Cerrada
;REQ 2026-004745;REQ;SIC;JREBAZA;02_Analisis;02/02/2026;00:40:00;Cerrado
;REQ 2026-004719;REQ;SIC;JREBAZA;02_Analisis;02/02/2026;00:40:00;Cerrada
;REQ 2024-002604;REQ;SIC;FPINEDO;01_Reunion de Entendimiento;02/02/2026;02:00:00;Cerrada
;INC 2026-004609;INC;SIC;JREBAZA;02_Analisis;02/02/2026;00:40:00;Cerrada
;INC 2026-004115;INC;SIC;JREBAZA;02_Analisis;02/02/2026;00:40:00;Cerrado
;INC 2026-004134;INC;SIC;JREBAZA;02_Analisis;02/02/2026;00:40:00;Cerrado
;INC 2026-004178;INC;SIC;JREBAZA;02_Analisis;02/02/2026;00:40:00;Cerrado
;REQ 2026-005020;REQ;MAC;JREBAZA;02_Analisis;02/02/2026;00:20:00;Cerrado
;INC 2026-005099;INC;MAC;JREBAZA;02_Analisis;02/02/2026;00:20:00;Cerrado
;REQ 2026-002677;REQ;SIC;JREBAZA;02_Analisis;02/02/2026;00:40:00;Cerrado
;REQ 2026-005100;REQ;DATOS;JREBAZA;02_Analisis;02/02/2026;00:40:00;Cerrado
;REQ 2026-005114;REQ;AGENDA CITAS;JREBAZA;02_Analisis;02/02/2026;00:40:00;Cerrado
;REQ 2026-004258;REQ;SIC;JREBAZA;02_Analisis;02/02/2026;00:40:00;Cerrado
;REQ 2026-002256;REQ;MAC;JREBAZA;02_Analisis;02/02/2026;00:20:00;Cerrada
;REQ 2026-004072;REQ;SIC;JREBAZA;02_Analisis;02/02/2026;00:40:00;Cerrado
;INC 2026-004419;INC;SIC;JREBAZA;02_Analisis;02/02/2026;00:20:00;Cerrada
;INC 2026-004689;EXP;SIC;JREBAZA;02_Analisis;02/02/2026;00:20:00;Cerrada
;INC 2026-004688;INC;MAC;YSUYCO;02_Analisis;02/02/2026;00:30:00;Cerrado
;INC 2026-004680;EXP;SIC;YSUYCO;02_Analisis;02/02/2026;00:30:00;Cerrado
;REQ 2026-003797;REQ;SIC;YSUYCO;02_Analisis;02/02/2026;00:30:00;Cerrado
;INC 2026-004699;EXP;SIC;YSUYCO;02_Analisis;02/02/2026;00:30:00;Cerrado
;INC 2026-004223;EXP;SIC;YSUYCO;02_Analisis;02/02/2026;00:30:00;Cerrado
;INC 2026-004754;EXP;SIC;YSUYCO;02_Analisis;02/02/2026;00:30:00;Cerrado
;INC 2026-004359;EXP;SIC;YSUYCO;02_Analisis;02/02/2026;00:30:00;Cerrado
;INC 2026-005088;INC;MAC;YSUYCO;02_Analisis;02/02/2026;00:30:00;Cerrado
;INC 2026-004935;EXP;SIC;YSUYCO;02_Analisis;02/02/2026;00:30:00;Cerrado
;INC 2026-005016;INC;SIC;YSUYCO;02_Analisis;02/02/2026;00:30:00;Cerrado
;INC 2026-004864;INC;SIC;YSUYCO;02_Analisis;02/02/2026;01:30:00;Cerrada
;INC 2026-004292;EXP;SIC;YSUYCO;02_Analisis;02/02/2026;01:30:00;Cerrada
;INC 2026-004823;EXP;SIC;YSUYCO;02_Analisis;02/02/2026;01:30:00;Cerrada
;REQ 2026-000614;REQ;SIC;FGONZALES;04_Desarrollo;02/02/2026;02:00:00;Cerrada
;REQ 2025-036992;REQ;HCE;FPINEDO;04_Desarrollo;02/02/2026;08:30:00;Cerrada
;INC 2026-004520;EXP;SIC;PBARDALES;04_Desarrollo;02/02/2026;01:00:00;Cerrada
;REQ 2026-004069;REQ;SAP;PBARDALES;04_Desarrollo;02/02/2026;00:30:00;Cerrada
;REQ 2025-020052;REQ;SAP;PBARDALES;04_Desarrollo;02/02/2026;03:30:00;Cerrada
;REQ 2026-003289;REQ;PORTAL PROVEEDORES;JGUILLEN;04_Desarrollo;02/02/2026;09:30:00;Cerrada
;INC 2026-004688;INC;MAC;YSUYCO;04_Desarrollo;02/02/2026;00:30:00;Cerrada
;INC 2026-004680;EXP;SIC;YSUYCO;04_Desarrollo;02/02/2026;00:30:00;Cerrada
;REQ 2026-003797;REQ;SIC;YSUYCO;04_Desarrollo;02/02/2026;00:30:00;Cerrada
;INC 2026-004699;EXP;SIC;YSUYCO;04_Desarrollo;02/02/2026;00:30:00;Cerrada
;INC 2026-004823;EXP;SIC;YSUYCO;04_Desarrollo;02/02/2026;01:30:00;Cerrada
;INC 2026-004223;EXP;SIC;YSUYCO;04_Desarrollo;02/02/2026;00:30:00;Cerrada
;INC 2026-004754;EXP;SIC;YSUYCO;04_Desarrollo;02/02/2026;00:30:00;Cerrada
;INC 2026-004359;EXP;SIC;YSUYCO;04_Desarrollo;02/02/2026;02:30:00;Cerrada
;INC 2026-005088;INC;MAC;YSUYCO;04_Desarrollo;02/02/2026;00:30:00;Cerrada
;INC 2026-004935;EXP;SIC;YSUYCO;04_Desarrollo;02/02/2026;00:30:00;Cerrada
;INC 2026-005016;INC;SIC;YSUYCO;04_Desarrollo;02/02/2026;00:30:00;Cerrada
;INC 2026-004864;INC;SIC;YSUYCO;04_Desarrollo;02/02/2026;00:30:00;Cerrada
;INC 2026-004292;EXP;SIC;YSUYCO;04_Desarrollo;02/02/2026;00:30:00;Cerrada
;REQ 2026-003886;REQ;SAP;PBARDALES;19_Reunion Proveedores;02/02/2026;01:00:00;Cerrada
;REQ 2025-038327;REQ;HCE;AMOROMISATO;20_Reunion Seguimiento;03/02/2026;01:00:00;Cerrada
;REQ 2026-001664;REQ;HCE;CRODRIGUEZ;09_Acompañamiento QA;03/02/2026;03:00:00;Cerrada
;INC 2026-005388;INC;AGENDA CITAS;JROSALES;02_Analisis;03/02/2026;00:30:00;Cerrada
;INC 2026-005227;INC;APP/ WEB;JROSALES;02_Analisis;03/02/2026;01:00:00;Cerrada
;REQ 2026-004232;REQ;AGENDA CITAS;JROSALES;02_Analisis;03/02/2026;01:30:00;Cerrada
;INC 2026-005070;INC;APP/ WEB;JROSALES;02_Analisis;03/02/2026;01:30:00;Cerrada
;INC 2026-005309;INC;AGENDA CITAS;JROSALES;02_Analisis;03/02/2026;00:30:00;Cerrada
;REQ 2026-005456;REQ;APP/ WEB;CRODRIGUEZ;02_Analisis;03/02/2026;06:00:00;Cerrada
;REQ 2026-002917;REQ;APP/ WEB;AMOROMISATO;04_Desarrollo;03/02/2026;08:00:00;Cerrada
;INC 2026-005007;EXP;APP/ WEB;JROSALES;02_Analisis;03/02/2026;01:30:00;Cerrada
;REQ 2025-039257;REQ;APP/ WEB;JROSALES;02_Analisis;03/02/2026;02:30:00;Cerrada
;REQ 2026-004726;REQ;MAC;RGREY;02_Analisis;03/02/2026;02:00:00;Cerrada
;REQ 2026-005330;REQ;HIS;RGREY;02_Analisis;03/02/2026;03:30:00;Cerrado
;INC 2026-004217;INC;SIC;PBARDALES;02_Analisis;03/02/2026;00:40:00;Cerrada
;REQ 2026-004143;REQ;SIC;PBARDALES;02_Analisis;03/02/2026;02:00:00;Cerrada
;INC 2026-004329;INC;SIC;PBARDALES;02_Analisis;03/02/2026;00:30:00;Cerrada
;REQ 2026-004717;REQ;SAP;PBARDALES;02_Analisis;03/02/2026;00:30:00;Cerrado
;REQ 2026-004726;REQ;MAC;RGREY;01_Reunion de Entendimiento;03/02/2026;03:30:00;Cerrado
;REQ 2025-008970;REQ;SIRI;FPINEDO;01_Reunion de Entendimiento;03/02/2026;02:00:00;Cerrado
;REQ 2026-005000;EXP;SIC;JREBAZA;02_Analisis;03/02/2026;00:50:00;Cerrado
;INC 2026-004699;EXP;SIC;JREBAZA;02_Analisis;03/02/2026;00:50:00;Cerrada
;REQ 2026-004475;REQ;MAC;JREBAZA;02_Analisis;03/02/2026;00:40:00;Cerrada
;REQ 2026-003029;REQ;HCE;JREBAZA;02_Analisis;03/02/2026;01:20:00;Cerrada
;REQ 2026-004690;REQ;SIC;JREBAZA;02_Analisis;03/02/2026;00:50:00;Cerrado
;INC 2026-005040;INC;SIC;JREBAZA;02_Analisis;03/02/2026;00:50:00;Cerrada
;INC 2026-005043;INC;SIC;JREBAZA;02_Analisis;03/02/2026;00:50:00;Cerrada
;REQ 2026-004794;REQ;MAC;JREBAZA;02_Analisis;03/02/2026;00:40:00;Cerrada
;REQ 2026-005354;REQ;MAC;JREBAZA;02_Analisis;03/02/2026;00:20:00;Cerrada
;REQ 2026-005104;EXP;SIC;JREBAZA;02_Analisis;03/02/2026;00:40:00;Cerrada
;REQ 2026-005232;EXP;SIC;JREBAZA;02_Analisis;03/02/2026;00:40:00;Cerrada
;REQ 2026-004595;EXP;SIC;JREBAZA;02_Analisis;03/02/2026;01:30:00;Cerrada
;INC 2026-005174;INC;SIC;YSUYCO;02_Analisis;03/02/2026;02:30:00;Cerrada
;INC 2026-005093;EXP;SIC;YSUYCO;02_Analisis;03/02/2026;02:30:00;Cerrada
;INC 2026-005003;INC;MAC;YSUYCO;02_Analisis;03/02/2026;02:30:00;Cerrada
;INC 2026-005275;EXP;SIC;YSUYCO;02_Analisis;03/02/2026;02:30:00;Cerrada
;INC 2026-004939;EXP;SIC;YSUYCO;02_Analisis;03/02/2026;02:30:00;Cerrada
;REQ 2025-003378;PRY;HIS;FGONZALES;03_Estimación de Actividades;03/02/2026;02:00:00;Cerrada
;REQ 2025-019667;REQ;SIC;PBARDALES;03_Estimación de Actividades;03/02/2026;01:00:00;Cerrada
;REQ 2025-007426;REQ;HCE;FGONZALES;04_Desarrollo;03/02/2026;03:00:00;Cerrada
;REQ 2025-007426;REQ;HCE;FGONZALES;04_Desarrollo;03/02/2026;02:30:00;Cerrada
;REQ 2026-002992;REQ;SIC;FGONZALES;04_Desarrollo;03/02/2026;03:00:00;Cerrada
;REQ 2026-000614;REQ;SIC;FGONZALES;04_Desarrollo;03/02/2026;01:00:00;Cerrada
;REQ 2025-041088;REQ;HCE;RGREY;04_Desarrollo;03/02/2026;05:00:00;Cerrada
;REQ 2026-003975;REQ;HIS;FPINEDO;04_Desarrollo;03/02/2026;06:30:00;Cerrada
;REQ 2026-002878;REQ;SIC;FPINEDO;04_Desarrollo;03/02/2026;02:00:00;Cerrada
;REQ 2025-020052;REQ;SAP;PBARDALES;04_Desarrollo;03/02/2026;03:00:00;Cerrada
;INC 2026-003896;INC;SIC;PBARDALES;04_Desarrollo;03/02/2026;01:00:00;Cerrada
;REQ 2026-003289;REQ;PORTAL PROVEEDORES;JGUILLEN;04_Desarrollo;03/02/2026;09:30:00;Cerrada
;REQ 2026-000067;REQ;SIC;FGONZALES;09_Acompañamiento QA;03/02/2026;01:00:00;Cerrada
;INC 2026-003355;INC;HIS;PBARDALES;01_Reunion de Entendimiento;03/02/2026;01:00:00;Cerrada
;REQ 2026-005456;REQ;APP/ WEB;CRODRIGUEZ;02_Analisis;04/02/2026;09:00:00;Cerrada
;REQ 2025-041027;REQ;AGENDA CITAS;CRODRIGUEZ;02_Analisis;04/02/2026;00:30:00;Cerrada
;REQ 2026-002917;REQ;APP/ WEB;AMOROMISATO;04_Desarrollo;04/02/2026;02:00:00;Cerrada
;REQ 2026-002917;REQ;APP/ WEB;AMOROMISATO;04_Desarrollo;04/02/2026;01:30:00;Cerrada
;REQ 2026-002917;REQ;APP/ WEB;AMOROMISATO;04_Desarrollo;04/02/2026;06:00:00;Cerrada
;REQ 2026-002917;REQ;APP/ WEB;AMOROMISATO;04_Desarrollo;04/02/2026;01:00:00;Cerrada
;REQ 2026-005381;REQ;APP/ WEB;JROSALES;02_Analisis;04/02/2026;01:45:00;Cerrada
;REQ 2026-005925;REQ;APP/ WEB;JROSALES;17_Capacitaciones;04/02/2026;04:00:00;Cerrada
;REQ 2026-005930;REQ;APP/ WEB;JROSALES;02_Analisis;04/02/2026;02:30:00;Cerrada
;REQ 2026-005925;REQ;APP/ WEB;JROSALES;02_Analisis;04/02/2026;01:15:00;Cerrada
;REQ 2026-005574;EXP;MAC;RGREY;02_Analisis;04/02/2026;03:30:00;Cerrada
;REQ 2026-004370;REQ;SIC;PBARDALES;02_Analisis;04/02/2026;00:30:00;Cerrada
;INC 2026-004468;INC;SIC;PBARDALES;02_Analisis;04/02/2026;00:10:00;Cerrada
;REQ 2026-004647;REQ;SIC;PBARDALES;02_Analisis;04/02/2026;00:30:00;Cerrada
;REQ 2025-003378;PRY;HIS;RGREY;01_Reunion de Entendimiento;04/02/2026;03:30:00;Cerrada
;REQ 2024-023084;PRY;HIS;FPINEDO;01_Reunion de Entendimiento;04/02/2026;03:00:00;Cerrado
;REQ 2026-005157;REQ;MAC;JREBAZA;02_Analisis;04/02/2026;00:40:00;Cerrada
;INC 2026-005411;INC;MAC;JREBAZA;02_Analisis;04/02/2026;00:40:00;Cerrada
;INC 2026-005037;INC;SIC;JREBAZA;02_Analisis;04/02/2026;01:00:00;Cerrado
;INC 2026-005380;INC;SIC;JREBAZA;02_Analisis;04/02/2026;00:40:00;Cerrado
;REQ 2026-004712;REQ;SIC;JREBAZA;02_Analisis;04/02/2026;00:50:00;Cerrado
;REQ 2026-004610;REQ;SIC;JREBAZA;02_Analisis;04/02/2026;00:50:00;Cerrado
;REQ 2026-003460;REQ;MAC;JREBAZA;02_Analisis;04/02/2026;00:40:00;Cerrada
;REQ 2026-004049;REQ;SIC;JREBAZA;02_Analisis;04/02/2026;00:40:00;Cerrada
;REQ 2026-004464;REQ;SIC;JREBAZA;02_Analisis;04/02/2026;01:00:00;Cerrada
;REQ 2026-005434;REQ;MAC;JREBAZA;02_Analisis;04/02/2026;00:40:00;Cerrada
;REQ 2026-005036;REQ;SIC;JREBAZA;02_Analisis;04/02/2026;00:50:00;Cerrada
;REQ 2026-005420;EXP;SIC;JREBAZA;02_Analisis;04/02/2026;01:30:00;Cerrada
;INC 2026-005044;INC;MAC;YSUYCO;02_Analisis;04/02/2026;01:30:00;Cerrada
;INC 2026-005430;EXP;SIC;YSUYCO;02_Analisis;04/02/2026;01:30:00;Cerrada
;INC 2026-005093;EXP;SIC;YSUYCO;02_Analisis;04/02/2026;03:00:00;Cerrada
;REQ 2026-005371;REQ;SIC;YSUYCO;02_Analisis;04/02/2026;01:30:00;Cerrada
;INC 2026-004052;INC;SIC;YSUYCO;02_Analisis;04/02/2026;01:30:00;Cerrada
;INC 2026-005584;EXP;SIC;YSUYCO;02_Analisis;04/02/2026;01:30:00;Cerrada
;REQ 2026-005330;REQ;HIS;RGREY;04_Desarrollo;04/02/2026;06:00:00;Cerrada
;REQ 2026-002878;REQ;SIC;FPINEDO;04_Desarrollo;04/02/2026;02:00:00;Cerrada
;REQ 2024-023084;PRY;HIS;FPINEDO;04_Desarrollo;04/02/2026;03:00:00;Cerrada
;REQ 2024-002604;REQ;SIC;FPINEDO;04_Desarrollo;04/02/2026;01:30:00;Cerrada
;REQ 2025-019667;REQ;SIC;PBARDALES;04_Desarrollo;04/02/2026;02:00:00;Cerrada
;REQ 2026-004368;REQ;SIC;PBARDALES;04_Desarrollo;04/02/2026;02:00:00;Cerrada
;INC 2026-004715;EXP;SIC;PBARDALES;04_Desarrollo;04/02/2026;01:00:00;Cerrado
;INC 2026-004718;EXP;SIC;PBARDALES;04_Desarrollo;04/02/2026;00:40:00;Cerrado
;REQ 2026-004720;EXP;SIC;PBARDALES;04_Desarrollo;04/02/2026;00:40:00;Cerrada
;INC 2026-004721;EXP;SIC;PBARDALES;04_Desarrollo;04/02/2026;00:40:00;Cerrada
;INC 2026-005007;EXP;APP/ WEB;PBARDALES;04_Desarrollo;04/02/2026;01:00:00;Cerrada
;REQ 2026-005330;REQ;HIS;RGREY;07_Documentación;04/02/2026;03:30:00;Cerrada
;REQ 2026-003289;REQ;PORTAL PROVEEDORES;JGUILLEN;07_Documentación;04/02/2026;04:00:00;Cerrada
;REQ 2026-003421;REQ;PORTAL PROVEEDORES;JGUILLEN;07_Documentación;04/02/2026;05:30:00;Cerrada
;REQ 2025-044790;REQ;SIC;FGONZALES;01_Reunion de Entendimiento;04/02/2026;05:00:00;Cerrada
;REQ 2026-005456;REQ;APP/ WEB;CRODRIGUEZ;04_Desarrollo;05/02/2026;04:00:00;Cerrada
;REQ 2025-041299;REQ;HIS;CRODRIGUEZ;09_Acompañamiento QA;05/02/2026;01:00:00;Cerrada
;REQ 2026-005002;REQ;APP/ WEB;CRODRIGUEZ;02_Analisis;05/02/2026;05:30:00;Cerrada
;REQ 2026-002917;REQ;APP/ WEB;AMOROMISATO;04_Desarrollo;05/02/2026;02:00:00;Cerrada
;REQ 2026-002917;REQ;APP/ WEB;AMOROMISATO;04_Desarrollo;05/02/2026;06:00:00;Cerrada
;INC 2026-005007;EXP;APP/ WEB;JROSALES;02_Analisis;05/02/2026;00:45:00;Cerrada
;INC 2026-005783;EXP;AGENDA CITAS;JROSALES;02_Analisis;05/02/2026;01:30:00;Cerrada
;INC 2026-005768;INC;APP/ WEB;JROSALES;02_Analisis;05/02/2026;01:20:00;Cerrada
;INC 2026-005666;INC;APP/ WEB;JROSALES;02_Analisis;05/02/2026;01:00:00;Cerrado
;REQ 2026-005602;REQ;APP/ WEB;JROSALES;02_Analisis;05/02/2026;00:45:00;Cerrada
;INC 2026-005479;INC;APP/ WEB;JROSALES;02_Analisis;05/02/2026;00:45:00;Cerrada
;INC 2026-005388;INC;AGENDA CITAS;JROSALES;02_Analisis;05/02/2026;00:45:00;Cerrada
;REQ 2026-005925;REQ;APP/ WEB;JROSALES;02_Analisis;05/02/2026;02:00:00;Cerrada
;REQ 2026-001948;REQ;APP/ WEB;JROSALES;02_Analisis;05/02/2026;02:00:00;Cerrada
;REQ 2026-005574;EXP;MAC;RGREY;02_Analisis;05/02/2026;05:00:00;Cerrada
;REQ 2026-004814;REQ;SIC;PBARDALES;02_Analisis;05/02/2026;00:30:00;Cerrada
;INC 2026-004594;INC;SAP;PBARDALES;02_Analisis;05/02/2026;00:10:00;Cerrado
;REQ 2026-004878;REQ;SAP;PBARDALES;02_Analisis;05/02/2026;00:30:00;Cerrada
;INC 2026-004053;INC;SIC;PBARDALES;02_Analisis;05/02/2026;00:30:00;Cerrada
;INC 2026-005163;EXP;SAP;PBARDALES;02_Analisis;05/02/2026;00:30:00;Cerrada
;INC 2026-003079;INC;SIC;PBARDALES;02_Analisis;05/02/2026;00:30:00;Cerrada
;REQ 2026-005655;REQ;HCE;FGONZALES;01_Reunion de Entendimiento;05/02/2026;01:00:00;Cerrada
;REQ 2024-023084;PRY;HIS;FPINEDO;01_Reunion de Entendimiento;05/02/2026;02:00:00;Cerrada
;INC 2026-005612;EXP;SIC;JREBAZA;02_Analisis;05/02/2026;01:30:00;Cerrado
;INC 2026-005682;INC;MAC;JREBAZA;02_Analisis;05/02/2026;00:40:00;Cerrado
;REQ 2026-005688;REQ;MAC;JREBAZA;02_Analisis;05/02/2026;00:40:00;Cerrada
;REQ 2026-005687;REQ;MAC;JREBAZA;02_Analisis;05/02/2026;00:40:00;Cerrada
;INC 2026-005019;INC;HCE;JREBAZA;02_Analisis;05/02/2026;00:40:00;Cerrada
;REQ 2026-004632;EXP;SIC;JREBAZA;02_Analisis;05/02/2026;00:40:00;Cerrada
;REQ 2026-005673;EXP;SIC;JREBAZA;02_Analisis;05/02/2026;01:00:00;Cerrada
;REQ 2026-005723;EXP;SIC;JREBAZA;02_Analisis;05/02/2026;01:00:00;Cerrada
;REQ 2026-005586;REQ;SIC;JREBAZA;02_Analisis;05/02/2026;01:30:00;Cerrada
;INC 2026-005592;INC;SIC;JREBAZA;02_Analisis;05/02/2026;01:30:00;Cerrada
;INC 2026-005618;INC;MAC;YSUYCO;02_Analisis;05/02/2026;03:30:00;Cerrada
;INC 2026-005584;EXP;SIC;YSUYCO;02_Analisis;05/02/2026;02:00:00;Cerrada
;INC 2026-005742;EXP;SIC;YSUYCO;02_Analisis;05/02/2026;02:00:00;Cerrada
;INC 2026-005759;EXP;SIC;YSUYCO;02_Analisis;05/02/2026;02:00:00;Cerrada
;REQ 2025-044790;REQ;SIC;FGONZALES;04_Desarrollo;05/02/2026;04:00:00;Cerrada
;REQ 2026-005574;EXP;MAC;RGREY;04_Desarrollo;05/02/2026;03:30:00;Cerrada
;REQ 2026-001702;REQ;HCE;FPINEDO;04_Desarrollo;05/02/2026;09:30:00;Cerrada
;REQ 2026-004368;REQ;SIC;PBARDALES;04_Desarrollo;05/02/2026;02:00:00;Cerrada
;REQ 2025-019667;REQ;SIC;PBARDALES;04_Desarrollo;05/02/2026;02:00:00;Cerrada
;INC 2026-004822;EXP;SAP;PBARDALES;04_Desarrollo;05/02/2026;00:40:00;Cerrada
;REQ 2026-004868;REQ;SAP;PBARDALES;04_Desarrollo;05/02/2026;00:40:00;Cerrada
;REQ 2026-003421;REQ;PORTAL PROVEEDORES;JGUILLEN;04_Desarrollo;05/02/2026;09:30:00;Cerrado
;REQ 2026-003421;REQ;PORTAL PROVEEDORES;JGUILLEN;04_Desarrollo;05/02/2026;09:30:00;Cerrado
;REQ 2025-003378;PRY;HIS;FGONZALES;07_Documentación;05/02/2026;02:00:00;Cerrada
;REQ 2025-044790;REQ;SIC;FGONZALES;07_Documentación;05/02/2026;03:00:00;Cerrada
;REQ 2024-017864;PRY;PORTAL PROVEEDORES;PBARDALES;01_Reunion de Entendimiento;05/02/2026;01:00:00;Cerrada
;REQ 2025-007426;REQ;HCE;FGONZALES;15_Acompañamiento SD;05/02/2026;01:00:00;Cerrada
;REQ 2024-018390;PRY;SIL;RGREY;19_Reunion Proveedores;05/02/2026;03:30:00;Cerrada
;REQ 2026-001569;REQ;SIC;PBARDALES;19_Reunion Proveedores;05/02/2026;01:00:00;Cerrada
;REQ 2026-005925;REQ;APP/ WEB;JROSALES;17_Capacitaciones;06/02/2026;01:30:00;Cerrada
;REQ 2026-005925;REQ;APP/ WEB;JROSALES;02_Analisis;06/02/2026;01:30:00;Cerrada
;REQ 2026-005930;REQ;APP/ WEB;JROSALES;02_Analisis;06/02/2026;02:00:00;Cerrada
;REQ 2026-005456;REQ;APP/ WEB;CRODRIGUEZ;04_Desarrollo;06/02/2026;08:30:00;Cerrada
;REQ 2024-022552;PRY;MAC;CRODRIGUEZ;01_Reunion de Entendimiento;06/02/2026;01:00:00;Cerrada
;REQ 2024-006886;PRY;HIS;CRODRIGUEZ;19_Reunion Proveedores;06/02/2026;01:00:00;Cerrada
;INC 2026-005928;INC;APP/ WEB;JROSALES;02_Analisis;06/02/2026;01:00:00;Cerrada
;INC 2026-005554;EXP;APP/ WEB;JROSALES;02_Analisis;06/02/2026;00:45:00;Cerrada
;REQ 2026-005643;EXP;AGENDA CITAS;JROSALES;02_Analisis;06/02/2026;01:00:00;Cerrada
;INC 2026-005670;EXP;APP/ WEB;JROSALES;02_Analisis;06/02/2026;00:45:00;Cerrada
;INC 2026-005717;EXP;AGENDA CITAS;JROSALES;02_Analisis;06/02/2026;01:30:00;Cerrada
;INC 2026-005685;INC;SIC;JROSALES;02_Analisis;06/02/2026;00:30:00;Cerrada
;REQ 2026-002917;REQ;APP/ WEB;AMOROMISATO;05_Pruebas Unitarias;06/02/2026;04:00:00;Cerrada
;REQ 2026-002917;REQ;APP/ WEB;AMOROMISATO;05_Pruebas Unitarias;06/02/2026;02:00:00;Cerrada
;REQ 2026-002917;REQ;APP/ WEB;AMOROMISATO;05_Pruebas Unitarias;06/02/2026;01:30:00;Cerrada
;REQ 2026-002917;REQ;APP/ WEB;AMOROMISATO;05_Pruebas Unitarias;06/02/2026;03:00:00;Cerrada
;INC 2026-003189;INC;SIC;PBARDALES;02_Analisis;06/02/2026;00:10:00;Cerrada
;INC 2026-004996;INC;SAP;PBARDALES;02_Analisis;06/02/2026;00:30:00;Cerrada
;REQ 2026-005105;REQ;DATOS;PBARDALES;02_Analisis;06/02/2026;00:30:00;Cerrado
;REQ 2026-005138;REQ;SAP;PBARDALES;02_Analisis;06/02/2026;00:20:00;Cerrado
;INC 2026-005173;INC;SIC;PBARDALES;02_Analisis;06/02/2026;00:30:00;Cerrado
;REQ 2024-023084;PRY;HIS;FPINEDO;01_Reunion de Entendimiento;06/02/2026;02:00:00;Cerrado
;REQ 2024-006886;PRY;HIS;FPINEDO;01_Reunion de Entendimiento;06/02/2026;02:00:00;Cerrado
;REQ 2024-023084;PRY;HIS;FPINEDO;01_Reunion de Entendimiento;06/02/2026;02:00:00;Cerrada
;REQ 2026-005874;REQ;MAC;JREBAZA;02_Analisis;06/02/2026;01:30:00;Cerrada
;INC 2026-005835;INC;SIC;JREBAZA;02_Analisis;06/02/2026;01:30:00;Cerrada
;INC 2026-005856;INC;SIC;JREBAZA;02_Analisis;06/02/2026;01:30:00;Cerrada
;INC 2026-005685;INC;SIC;JREBAZA;02_Analisis;06/02/2026;01:00:00;Cerrada
;INC 2026-005780;INC;SIC;JREBAZA;02_Analisis;06/02/2026;01:00:00;Cerrada
;INC 2026-005532;INC;SIC;JREBAZA;02_Analisis;06/02/2026;01:20:00;Cerrada
;INC 2026-005815;EXP;APP/ WEB;JREBAZA;02_Analisis;06/02/2026;01:00:00;Cerrada
;REQ 2026-006103;REQ;SIC;JREBAZA;02_Analisis;06/02/2026;01:20:00;Cerrada
;REQ 2026-004796;REQ;SAP;FGONZALES;01_Reunion de Entendimiento;06/02/2026;01:00:00;Cerrada
;REQ 2026-005932;REQ;SIC;FGONZALES;01_Reunion de Entendimiento;06/02/2026;01:00:00;Cerrada
;REQ 2026-005134;EXP;SIC;YSUYCO;02_Analisis;06/02/2026;03:00:00;Cerrada
;REQ 2026-005478;EXP;SIC;YSUYCO;02_Analisis;06/02/2026;02:00:00;Cerrada
;INC 2026-005674;INC;SIC;YSUYCO;02_Analisis;06/02/2026;02:00:00;Cerrada
;INC 2026-005473;INC;SIC;YSUYCO;02_Analisis;06/02/2026;02:00:00;Cerrada
;INC 2026-005861;INC;MAC;YSUYCO;02_Analisis;06/02/2026;02:00:00;Cerrada
;INC 2026-001830;INC;SIC;YSUYCO;02_Analisis;06/02/2026;01:00:00;Cerrada
;INC 2026-005896;INC;SIC;YSUYCO;02_Analisis;06/02/2026;01:00:00;Cerrado
;REQ 2026-005574;EXP;MAC;RGREY;04_Desarrollo;06/02/2026;03:30:00;Cerrada
;REQ 2024-023084;PRY;HIS;FPINEDO;04_Desarrollo;06/02/2026;04:30:00;Cerrada
;REQ 2024-002604;REQ;SIC;FPINEDO;04_Desarrollo;06/02/2026;01:00:00;Cerrada
;REQ 2026-004368;REQ;SIC;PBARDALES;04_Desarrollo;06/02/2026;02:00:00;Cerrada
;REQ 2025-019667;REQ;SIC;PBARDALES;04_Desarrollo;06/02/2026;02:00:00;Cerrada
;REQ 2026-005677;EXP;SAP;PBARDALES;04_Desarrollo;06/02/2026;01:00:00;Cerrada
;REQ 2026-003421;REQ;PORTAL PROVEEDORES;JGUILLEN;04_Desarrollo;06/02/2026;09:30:00;Cerrada
;REQ 2025-044790;REQ;SIC;FGONZALES;04_Desarrollo;06/02/2026;02:00:00;Cerrada
;REQ 2026-003421;REQ;PORTAL PROVEEDORES;JGUILLEN;04_Desarrollo;06/02/2026;09:30:00;Cerrada
;REQ 2024-018390;PRY;SIL;RGREY;07_Documentación;06/02/2026;03:00:00;Cerrada
;REQ 2026-004368;REQ;SIC;PBARDALES;07_Documentación;06/02/2026;01:00:00;Cerrada
;REQ 2025-044790;REQ;SIC;FGONZALES;07_Documentación;06/02/2026;03:00:00;Cerrada
;REQ 2024-023084;PRY;HIS;PBARDALES;01_Reunion de Entendimiento;06/02/2026;03:00:00;Cerrada
;REQ 2026-004796;REQ;SAP;FGONZALES;01_Reunion de Entendimiento;06/02/2026;01:00:00;Cerrada
;REQ 2026-005893;REQ;SIC;FGONZALES;15_Acompañamiento SD;06/02/2026;00:30:00;Cerrada
;REQ 2024-018390;PRY;SIL;RGREY;19_Reunion Proveedores;06/02/2026;03:00:00;Cerrada
;INC 2026-005971;EXP;AGENDA CITAS;JROSALES;02_Analisis;07/02/2026;01:30:00;Cerrada
;REQ 2026-005456;REQ;APP/ WEB;CRODRIGUEZ;04_Desarrollo;09/02/2026;08:00:00;Cerrada
;REQ 2025-041027;REQ;AGENDA CITAS;CRODRIGUEZ;18_Configuraciones;09/02/2026;02:30:00;Cerrada
;REQ 2026-002917;REQ;APP/ WEB;AMOROMISATO;05_Pruebas Unitarias;09/02/2026;09:30:00;Cerrada
;REQ 2024-022552;PRY;MAC;AMOROMISATO;11_Reunion Interna DEV;09/02/2026;01:00:00;Cerrado
;INC 2026-005976;INC;APP/ WEB;JROSALES;02_Analisis;09/02/2026;01:00:00;Cerrado
;INC 2026-006183;INC;APP/ WEB;JROSALES;02_Analisis;09/02/2026;01:20:00;Cerrado
;INC 2026-006153;INC;APP/ WEB;JROSALES;02_Analisis;09/02/2026;00:45:00;Cerrado
;INC 2026-005975;INC;APP/ WEB;JROSALES;02_Analisis;09/02/2026;00:40:00;Cerrado
;INC 2026-006106;INC;APP/ WEB;JROSALES;02_Analisis;09/02/2026;01:00:00;Cerrado
;INC 2026-005948;INC;APP/ WEB;JROSALES;02_Analisis;09/02/2026;01:45:00;Cerrado
;INC 2026-006050;INC;APP/ WEB;JROSALES;02_Analisis;09/02/2026;01:20:00;Cerrado
;INC 2026-005971;EXP;AGENDA CITAS;JROSALES;02_Analisis;09/02/2026;00:45:00;Cerrado
;REQ 2026-001281;REQ;APP/ WEB;JROSALES;19_Reunion Proveedores;09/02/2026;00:30:00;Cerrada
;REQ 2025-037789;REQ;AGENDA CITAS;JROSALES;02_Analisis;09/02/2026;01:30:00;Cerrada
;REQ 2026-005990;REQ;MAC;JREBAZA;02_Analisis;09/02/2026;00:40:00;Cerrada
;INC 2026-005966;INC;SAP;JREBAZA;02_Analisis;09/02/2026;00:50:00;Cerrada
;REQ 2026-005935;REQ;SIC;JREBAZA;02_Analisis;09/02/2026;00:50:00;Cerrada
;INC 2026-005955;INC;SIC;JREBAZA;02_Analisis;09/02/2026;01:00:00;Cerrada
;REQ 2026-005600;EXP;SIC;JREBAZA;02_Analisis;09/02/2026;01:00:00;Cerrada
;INC 2026-006085;INC;MAC;JREBAZA;02_Analisis;09/02/2026;00:40:00;Cerrada
;INC 2026-006010;EXP;SIC;JREBAZA;02_Analisis;09/02/2026;01:20:00;Cerrada
;REQ 2026-006058;REQ;SIC;JREBAZA;02_Analisis;09/02/2026;01:00:00;Cerrada
;INC 2026-006120;INC;HCE;JREBAZA;02_Analisis;09/02/2026;00:40:00;Cerrada
;REQ 2026-006161;REQ;SIC;JREBAZA;02_Analisis;09/02/2026;00:50:00;Cerrada
;REQ 2025-041033;REQ;HIS;RGREY;02_Analisis;09/02/2026;10:20:00;Cerrada
;REQ 2024-023084;PRY;HIS;FPINEDO;01_Reunion de Entendimiento;09/02/2026;01:00:00;Cerrada
;INC 2026-005365;INC;SAP;PBARDALES;02_Analisis;09/02/2026;01:00:00;Cerrada
;INC 2026-005360;INC;SIC;PBARDALES;02_Analisis;09/02/2026;00:20:00;Cerrado
;INC 2026-005364;INC;SAP;PBARDALES;02_Analisis;09/02/2026;00:20:00;Cerrado
;REQ 2026-005281;REQ;SIC;PBARDALES;02_Analisis;09/02/2026;01:00:00;Cerrado
;INC 2026-004997;INC;SIC;PBARDALES;02_Analisis;09/02/2026;00:30:00;Cerrada
;INC 2026-004295;INC;SIC;PBARDALES;02_Analisis;09/02/2026;01:00:00;Cerrado
;INC 2026-003391;INC;SIC;PBARDALES;02_Analisis;09/02/2026;00:30:00;Cerrado
;INC 2026-005596;INC;SAP;PBARDALES;02_Analisis;09/02/2026;00:30:00;Cerrado
;INC 2026-002076;INC;SIC;YSUYCO;02_Analisis;09/02/2026;02:00:00;Cerrado
;INC 2026-004759;INC;SIC;YSUYCO;02_Analisis;09/02/2026;02:00:00;Cerrado
;INC 2026-003412;INC;SIC;YSUYCO;02_Analisis;09/02/2026;01:00:00;Cerrado
;REQ 2026-005877;EXP;SIC;YSUYCO;02_Analisis;09/02/2026;02:00:00;Cerrado
;REQ 2026-003819;REQ;SIC;YSUYCO;02_Analisis;09/02/2026;01:00:00;Cerrado
;INC 2026-003853;INC;SIC;YSUYCO;02_Analisis;09/02/2026;01:30:00;Cerrado
;REQ 2026-006065;REQ;HIS;FPINEDO;04_Desarrollo;09/02/2026;03:00:00;Cerrado
;REQ 2026-005830;REQ;HIS;FPINEDO;04_Desarrollo;09/02/2026;05:30:00;Cerrado
;REQ 2026-003097;REQ;HIS;JGUILLEN;04_Desarrollo;09/02/2026;07:00:00;Cerrada
;REQ 2026-003421;REQ;PORTAL PROVEEDORES;JGUILLEN;04_Desarrollo;09/02/2026;03:00:00;Cerrada
;REQ 2026-006103;REQ;SIC;JREBAZA;04_Desarrollo;09/02/2026;01:20:00;Cerrada
;REQ 2026-005405;REQ;SAP;PBARDALES;01_Reunion de Entendimiento;09/02/2026;00:30:00;Cerrada
;REQ 2026-005487;EXP;SAP;PBARDALES;04_Desarrollo;09/02/2026;01:00:00;Cerrada
;REQ 2025-019667;REQ;SIC;PBARDALES;04_Desarrollo;09/02/2026;02:30:00;Cerrada
;REQ 2025-040103;REQ;HCE;FGONZALES;09_Acompañamiento QA;09/02/2026;01:00:00;Cerrado
;REQ 2024-017864;PRY;PORTAL PROVEEDORES;PBARDALES;20_Reunion Seguimiento;09/02/2026;01:00:00;Cerrado
;REQ 2026-001664;REQ;HCE;CRODRIGUEZ;09_Acompañamiento QA;10/02/2026;01:00:00;Cerrada
;REQ 2025-041027;REQ;AGENDA CITAS;CRODRIGUEZ;05_Pruebas Unitarias;10/02/2026;09:30:00;Cerrada
;REQ 2025-037789;REQ;AGENDA CITAS;JROSALES;02_Analisis;10/02/2026;01:00:00;Cerrada
;INC 2026-006215;INC;APP/ WEB;JROSALES;02_Analisis;10/02/2026;00:45:00;Cerrada
;INC 2026-006349;INC;APP/ WEB;JROSALES;02_Analisis;10/02/2026;00:45:00;Cerrada
;REQ 2026-005925;REQ;APP/ WEB;JROSALES;02_Analisis;10/02/2026;04:15:00;Cerrado
;REQ 2026-005925;REQ;APP/ WEB;JROSALES;02_Analisis;10/02/2026;00:45:00;Cerrado
;REQ 2026-005925;REQ;APP/ WEB;JROSALES;02_Analisis;10/02/2026;03:00:00;Cerrada
;REQ 2024-022552;PRY;MAC;AMOROMISATO;11_Reunion Interna DEV;10/02/2026;01:00:00;Cerrada
;REQ 2026-002917;REQ;APP/ WEB;AMOROMISATO;05_Pruebas Unitarias;10/02/2026;09:00:00;Cerrada
;REQ 2026-006174;REQ;DATOS;JREBAZA;02_Analisis;10/02/2026;00:50:00;Cerrada
;REQ 2026-006168;REQ;SIC;JREBAZA;02_Analisis;10/02/2026;01:20:00;Cerrada
;REQ 2026-006374;REQ;SAP;JREBAZA;02_Analisis;10/02/2026;00:50:00;Cerrada
;REQ 2026-006009;EXP;SIC;JREBAZA;02_Analisis;10/02/2026;01:40:00;Cerrada
;REQ 2026-005765;REQ;SIC;FGONZALES;01_Reunion de Entendimiento;10/02/2026;01:00:00;Cerrada
;REQ 2025-041033;REQ;HIS;RGREY;02_Analisis;10/02/2026;10:20:00;Cerrada
;REQ 2026-006103;REQ;SIC;JREBAZA;01_Reunion de Entendimiento;10/02/2026;01:20:00;Cerrada
;INC 2026-006125;INC;PORTAL PROVEEDORES;PBARDALES;02_Analisis;10/02/2026;00:20:00;Cerrada
;INC 2026-005989;INC;SIC;PBARDALES;02_Analisis;10/02/2026;02:00:00;Cerrada
;INC 2026-006223;EXP;SIC;YSUYCO;02_Analisis;10/02/2026;01:30:00;Cerrada
;INC 2026-006201;EXP;SIC;YSUYCO;02_Analisis;10/02/2026;01:30:00;Cerrada
;INC 2026-006232;INC;MAC;YSUYCO;02_Analisis;10/02/2026;01:30:00;Cerrada
;INC 2026-006240;EXP;SIC;YSUYCO;02_Analisis;10/02/2026;03:00:00;Cerrada
;INC 2026-006342;INC;SIC;YSUYCO;02_Analisis;10/02/2026;01:00:00;Cerrada
;REQ 2026-006165;REQ;DATOS;YSUYCO;02_Analisis;10/02/2026;01:00:00;Cerrada
;REQ 2026-005893;REQ;SIC;FGONZALES;04_Desarrollo;10/02/2026;07:00:00;Cerrada
;REQ 2024-002604;REQ;SIC;FPINEDO;04_Desarrollo;10/02/2026;09:00:00;Cerrada
;REQ 2026-003097;REQ;HIS;JGUILLEN;04_Desarrollo;10/02/2026;09:30:00;Cerrada
;REQ 2026-006103;REQ;SIC;JREBAZA;04_Desarrollo;10/02/2026;02:00:00;Cerrada
;REQ 2026-005405;REQ;SAP;PBARDALES;04_Desarrollo;10/02/2026;02:00:00;Cerrada
;REQ 2025-019667;REQ;SIC;PBARDALES;04_Desarrollo;10/02/2026;02:30:00;Cerrada
;REQ 2026-005729;REQ;DATOS;PBARDALES;04_Desarrollo;10/02/2026;01:30:00;Cerrada
;REQ 2026-005852;REQ;SAP;PBARDALES;04_Desarrollo;10/02/2026;01:30:00;Cerrada
;REQ 2026-006103;REQ;SIC;JREBAZA;07_Documentación;10/02/2026;02:00:00;Cerrada
;REQ 2026-006009;EXP;SIC;FGONZALES;01_Reunion de Entendimiento;10/02/2026;00:30:00;Cerrada
;REQ 2025-041027;REQ;AGENDA CITAS;CRODRIGUEZ;01_Reunion de Entendimiento;11/02/2026;01:00:00;Cerrada
;REQ 2026-005456;REQ;APP/ WEB;CRODRIGUEZ;07_Documentación;11/02/2026;09:00:00;Cerrada
;INC 2026-006371;INC;APP/ WEB;JROSALES;02_Analisis;11/02/2026;01:20:00;Cerrada
;INC 2026-006485;INC;APP/ WEB;JROSALES;02_Analisis;11/02/2026;01:20:00;Cerrada
;INC 2026-006470;INC;APP/ WEB;JROSALES;02_Analisis;11/02/2026;00:45:00;Cerrada
;INC 2026-006417;INC;APP/ WEB;JROSALES;02_Analisis;11/02/2026;00:45:00;Cerrada
;INC 2026-006263;INC;APP/ WEB;JROSALES;02_Analisis;11/02/2026;00:45:00;Cerrada
;REQ 2026-005925;REQ;APP/ WEB;JROSALES;17_Capacitaciones;11/02/2026;04:00:00;Cerrada
;REQ 2026-005925;REQ;APP/ WEB;JROSALES;01_Reunion de Entendimiento;11/02/2026;00:30:00;Cerrada
;REQ 2026-006168;REQ;SIC;JROSALES;02_Analisis;11/02/2026;01:30:00;Cerrado
;REQ 2026-002917;REQ;APP/ WEB;AMOROMISATO;05_Pruebas Unitarias;11/02/2026;08:00:00;Cerrado
;REQ 2026-002917;REQ;APP/ WEB;AMOROMISATO;04_Desarrollo;11/02/2026;02:30:00;Cerrado
;REQ 2026-006613;REQ;SIC;JGUILLEN;02_Analisis;11/02/2026;06:00:00;Cerrado
;INC 2026-006426;INC;MAC;JREBAZA;02_Analisis;11/02/2026;00:40:00;Cerrado
;REQ 2026-006402;REQ;MAC;JREBAZA;02_Analisis;11/02/2026;00:20:00;Cerrado
;REQ 2026-006395;REQ;SAP;JREBAZA;02_Analisis;11/02/2026;00:30:00;Cerrada
;REQ 2026-006399;REQ;SAP;JREBAZA;02_Analisis;11/02/2026;00:30:00;Cerrada
;INC 2026-006392;INC;SAP;JREBAZA;02_Analisis;11/02/2026;00:30:00;Cerrada
;REQ 2026-006358;REQ;SIC;JREBAZA;02_Analisis;11/02/2026;00:30:00;Cerrada
;REQ 2026-006357;REQ;SIC;JREBAZA;02_Analisis;11/02/2026;00:30:00;Cerrado
;REQ 2026-006477;REQ;SIC;JREBAZA;02_Analisis;11/02/2026;00:30:00;Cerrado
;INC 2026-006319;INC;SIC;JREBAZA;02_Analisis;11/02/2026;00:30:00;Cerrada
;REQ 2026-006478;REQ;SIC;JREBAZA;02_Analisis;11/02/2026;00:30:00;Cerrada
;INC 2026-006519;INC;HIS;JREBAZA;02_Analisis;11/02/2026;00:30:00;Cerrada
;REQ 2026-006553;REQ;SIC;JREBAZA;02_Analisis;11/02/2026;00:30:00;Cerrada
;REQ 2026-005838;REQ;MAC;JREBAZA;02_Analisis;11/02/2026;00:30:00;Cerrada
;INC 2026-006356;INC;SIC;JREBAZA;02_Analisis;11/02/2026;00:30:00;Cerrada
;REQ 2026-006466;EXP;SIC;JREBAZA;02_Analisis;11/02/2026;00:30:00;Cerrada
;REQ 2026-006277;EXP;SIC;JREBAZA;02_Analisis;11/02/2026;00:30:00;Cerrada
;INC 2026-006523;EXP;SIC;JREBAZA;02_Analisis;11/02/2026;00:30:00;Cerrada
;INC 2026-006570;EXP;SIC;JREBAZA;02_Analisis;11/02/2026;00:30:00;Cerrada
;REQ 2026-006494;EXP;SIC;JREBAZA;02_Analisis;11/02/2026;00:30:00;Cerrada
;REQ 2026-006401;EXP;SIC;JREBAZA;02_Analisis;11/02/2026;00:30:00;Cerrada
;REQ 2026-005772;EXP;SIC;JREBAZA;02_Analisis;11/02/2026;00:30:00;Cerrada
;REQ 2025-041033;REQ;HIS;RGREY;02_Analisis;11/02/2026;10:20:00;Cerrada
;INC 2026-006476;INC;SIC;FPINEDO;01_Reunion de Entendimiento;11/02/2026;01:00:00;Cerrado
;REQ 2025-005817;REQ;AGENDA CITAS;FPINEDO;01_Reunion de Entendimiento;11/02/2026;02:00:00;Cerrada
;INC 2026-006476;INC;SIC;FPINEDO;01_Reunion de Entendimiento;11/02/2026;02:00:00;Cerrada
;REQ 2026-005306;REQ;SIC;JGUILLEN;01_Reunion de Entendimiento;11/02/2026;01:00:00;Cerrada
;INC 2026-005719;INC;SAP;PBARDALES;02_Analisis;11/02/2026;00:30:00;Cerrado
;REQ 2026-006018;REQ;SAP;PBARDALES;02_Analisis;11/02/2026;00:30:00;Cerrado
;REQ 2026-006278;REQ;SIC;YSUYCO;02_Analisis;11/02/2026;02:00:00;Cerrada
;INC 2026-006384;EXP;SIC;YSUYCO;02_Analisis;11/02/2026;04:00:00;Cerrada
;REQ 2026-005197;REQ;SIC;YSUYCO;02_Analisis;11/02/2026;02:30:00;Cerrada
;INC 2026-006170;INC;SIC;YSUYCO;02_Analisis;11/02/2026;01:00:00;Cerrada
;REQ 2024-002604;REQ;SIC;FPINEDO;04_Desarrollo;11/02/2026;04:30:00;Cerrada
;REQ 2026-005405;REQ;SAP;PBARDALES;04_Desarrollo;11/02/2026;02:00:00;Cerrada
;REQ 2025-019667;REQ;SIC;PBARDALES;04_Desarrollo;11/02/2026;02:30:00;Cerrada
;REQ 2026-006410;REQ;SAP;PBARDALES;04_Desarrollo;11/02/2026;01:30:00;Cerrada
;REQ 2026-006410;REQ;SAP;PBARDALES;04_Desarrollo;11/02/2026;01:30:00;Cerrada
;REQ 2025-007426;REQ;HCE;FGONZALES;04_Desarrollo;11/02/2026;03:00:00;Cerrada
;REQ 2026-003097;REQ;HIS;JGUILLEN;07_Documentación;11/02/2026;02:00:00;Cerrada
;REQ 2026-005893;REQ;SIC;FGONZALES;07_Documentación;11/02/2026;03:00:00;Cerrada
;REQ 2025-007426;REQ;HCE;FGONZALES;07_Documentación;11/02/2026;03:00:00;Cerrada
;REQ 2025-040103;REQ;HCE;FGONZALES;09_Acompañamiento QA;11/02/2026;01:00:00;Cerrada
;REQ 2026-006228;REQ;SIC;PBARDALES;10_Acompañamiento PRD;11/02/2026;02:00:00;Cerrado
;REQ 2026-005002;REQ;APP/ WEB;CRODRIGUEZ;04_Desarrollo;12/02/2026;09:00:00;Cerrada
;REQ 2026-001664;REQ;HCE;CRODRIGUEZ;09_Acompañamiento QA;12/02/2026;00:30:00;Cerrado
;REQ 2026-006789;EXP;APP/ WEB;JROSALES;02_Analisis;12/02/2026;01:30:00;Cerrada
;INC 2026-006769;INC;AGENDA CITAS;JROSALES;02_Analisis;12/02/2026;01:30:00;Cerrada
;REQ 2026-006495;EXP;AGENDA CITAS;JROSALES;02_Analisis;12/02/2026;00:30:00;Cerrada
;INC 2026-006408;INC;APP/ WEB;JROSALES;02_Analisis;12/02/2026;00:45:00;Cerrada
;INC 2026-006631;INC;APP/ WEB;JROSALES;02_Analisis;12/02/2026;00:45:00;Cerrada
;INC 2026-006628;INC;APP/ WEB;JROSALES;02_Analisis;12/02/2026;01:20:00;Cerrada
;INC 2026-006291;INC;APP/ WEB;JROSALES;02_Analisis;12/02/2026;00:45:00;Cerrada
;REQ 2026-002917;REQ;APP/ WEB;JROSALES;02_Analisis;12/02/2026;02:30:00;Cerrada
;REQ 2026-002917;REQ;APP/ WEB;AMOROMISATO;05_Pruebas Unitarias;12/02/2026;02:30:00;Cerrado
;REQ 2026-002917;REQ;APP/ WEB;AMOROMISATO;04_Desarrollo;12/02/2026;07:00:00;Cerrada
;INC 2026-006618;INC;SIC;JREBAZA;02_Analisis;12/02/2026;00:50:00;Cerrada
;REQ 2026-006139;REQ;MAC;JREBAZA;02_Analisis;12/02/2026;00:30:00;Cerrada
;REQ 2026-006142;REQ;MAC;JREBAZA;02_Analisis;12/02/2026;00:30:00;Cerrado
;REQ 2026-006136;REQ;MAC;JREBAZA;02_Analisis;12/02/2026;00:50:00;Cerrado
;REQ 2026-006140;REQ;MAC;JREBAZA;02_Analisis;12/02/2026;00:50:00;Cerrada
;REQ 2026-006686;REQ;SIC;JREBAZA;02_Analisis;12/02/2026;00:50:00;Cerrada
;REQ 2026-006709;EXP;SIRI;JREBAZA;02_Analisis;12/02/2026;00:30:00;Cerrada
;INC 2026-006720;INC;SAP;JREBAZA;02_Analisis;12/02/2026;00:50:00;Cerrada
;REQ 2026-006731;REQ;MAC;JREBAZA;02_Analisis;12/02/2026;00:30:00;Cerrado
;REQ 2026-006733;REQ;MAC;JREBAZA;02_Analisis;12/02/2026;00:50:00;Cerrado
;REQ 2026-006744;EXP;SIC;JREBAZA;02_Analisis;12/02/2026;00:50:00;Cerrada
;REQ 2026-006641;EXP;SIC;JREBAZA;02_Analisis;12/02/2026;00:50:00;Cerrada
;REQ 2026-006736;REQ;MAC;JREBAZA;02_Analisis;12/02/2026;00:20:00;Cerrada
;REQ 2026-006738;REQ;MAC;JREBAZA;02_Analisis;12/02/2026;00:20:00;Cerrado
;REQ 2026-006725;REQ;SIC;JREBAZA;02_Analisis;12/02/2026;01:00:00;Cerrado
;REQ 2026-006777;REQ;MAC;JREBAZA;02_Analisis;12/02/2026;00:30:00;Cerrado
;REQ 2026-006759;EXP;SIC;JREBAZA;02_Analisis;12/02/2026;00:50:00;Cerrado
;REQ 2026-002773;REQ;MAC;RGREY;02_Analisis;12/02/2026;06:00:00;Cerrado
;INC 2026-006604;EXP;SIC;YSUYCO;02_Analisis;12/02/2026;03:00:00;Cerrado
;REQ 2026-006583;REQ;SIC;YSUYCO;02_Analisis;12/02/2026;02:00:00;Cerrado
;INC 2026-006670;EXP;SIC;YSUYCO;02_Analisis;12/02/2026;01:30:00;Cerrado
;REQ 2026-005749;REQ;SIC;YSUYCO;02_Analisis;12/02/2026;02:00:00;Cerrado
;REQ 2026-006742;REQ;SIC;YSUYCO;02_Analisis;12/02/2026;02:00:00;Cerrada
;REQ 2026-003289;REQ;PORTAL PROVEEDORES;JGUILLEN;04_Desarrollo;12/02/2026;01:00:00;Cerrada
;REQ 2025-041033;REQ;HIS;RGREY;04_Desarrollo;12/02/2026;03:30:00;Cerrada
;REQ 2026-006613;REQ;SIC;JGUILLEN;04_Desarrollo;12/02/2026;08:00:00;Cerrada
;REQ 2026-005830;REQ;HIS;FPINEDO;04_Desarrollo;12/02/2026;07:30:00;Cerrada
;REQ 2026-005405;REQ;SAP;PBARDALES;04_Desarrollo;12/02/2026;02:00:00;Cerrada
;REQ 2025-019667;REQ;SIC;PBARDALES;04_Desarrollo;12/02/2026;02:30:00;Cerrada
;INC 2026-005713;EXP;SIC;PBARDALES;04_Desarrollo;12/02/2026;02:30:00;Cerrada
;REQ 2026-006286;EXP;SIC;PBARDALES;04_Desarrollo;12/02/2026;02:30:00;Cerrada
;REQ 2026-006409;EXP;SIC;PBARDALES;04_Desarrollo;12/02/2026;02:30:00;Cerrada
;REQ 2026-005765;REQ;SIC;FGONZALES;04_Desarrollo;12/02/2026;03:00:00;Cerrada
;REQ 2026-006674;REQ;SIC;FGONZALES;04_Desarrollo;12/02/2026;02:00:00;Cerrada
;REQ 2026-006674;REQ;SIC;FGONZALES;07_Documentación;12/02/2026;02:00:00;Cerrado
;REQ 2026-003421;REQ;PORTAL PROVEEDORES;JGUILLEN;09_Acompañamiento QA;12/02/2026;01:00:00;Cerrado
;REQ 2025-005137;REQ;SIC;FPINEDO;09_Acompañamiento QA;12/02/2026;02:00:00;Cerrada
;REQ 2026-006613;REQ;SIC;JGUILLEN;01_Reunion de Entendimiento;12/02/2026;00:40:00;Cerrada
;REQ 2026-005845;REQ;AGENDA CITAS;FGONZALES;01_Reunion de Entendimiento;12/02/2026;00:30:00;Cerrada
;REQ 2025-017900;REQ;SIC;JREBAZA;15_Acompañamiento SD;12/02/2026;02:50:00;Cerrada
;REQ 2026-005816;REQ;SIC;PBARDALES;19_Reunion Proveedores;12/02/2026;01:00:00;Cerrada
;REQ 2026-005925;REQ;APP/ WEB;JROSALES;02_Analisis;13/02/2026;01:00:00;Cerrado
;REQ 2026-005925;REQ;APP/ WEB;JROSALES;02_Analisis;13/02/2026;02:30:00;Cerrada
;INC 2026-006851;INC;APP/ WEB;JROSALES;02_Analisis;13/02/2026;00:45:00;Cerrada
;INC 2026-006803;INC;APP/ WEB;JROSALES;02_Analisis;13/02/2026;00:45:00;Cerrada
;INC 2026-006933;INC;APP/ WEB;JROSALES;02_Analisis;13/02/2026;01:30:00;Cerrada
;INC 2026-006886;INC;APP/ WEB;JROSALES;02_Analisis;13/02/2026;00:45:00;Cerrada
;REQ 2026-001948;REQ;APP/ WEB;JROSALES;02_Analisis;13/02/2026;02:00:00;Cerrada
;REQ 2026-002917;REQ;APP/ WEB;JROSALES;11_Reunion Interna DEV;13/02/2026;01:15:00;Cerrada
;REQ 2026-005845;REQ;AGENDA CITAS;CRODRIGUEZ;04_Desarrollo;13/02/2026;10:00:00;Cerrada
;REQ 2025-041027;REQ;AGENDA CITAS;CRODRIGUEZ;01_Reunion de Entendimiento;13/02/2026;00:30:00;Cerrada
;REQ 2026-002917;REQ;APP/ WEB;AMOROMISATO;11_Reunion Interna DEV;13/02/2026;01:00:00;Cerrada
;REQ 2026-002917;REQ;APP/ WEB;AMOROMISATO;07_Documentación;13/02/2026;09:30:00;Cerrada
;REQ 2026-006504;REQ;MAC;JREBAZA;02_Analisis;13/02/2026;00:30:00;Cerrada
;INC 2026-006435;INC;HCE;JREBAZA;02_Analisis;13/02/2026;00:40:00;Cerrada
;REQ 2026-006774;REQ;SIC;JREBAZA;02_Analisis;13/02/2026;00:30:00;Cerrada
;REQ 2026-004529;REQ;SIC;JREBAZA;02_Analisis;13/02/2026;00:50:00;Cerrada
;REQ 2026-006284;REQ;SIC;JREBAZA;02_Analisis;13/02/2026;00:50:00;Cerrada
;REQ 2026-006345;REQ;SIC;JREBAZA;02_Analisis;13/02/2026;00:50:00;Cerrado
;REQ 2026-006381;REQ;SIC;JREBAZA;02_Analisis;13/02/2026;00:50:00;Cerrado
;REQ 2026-006483;REQ;SIC;JREBAZA;02_Analisis;13/02/2026;00:50:00;Cerrado
;REQ 2026-006811;REQ;SIC;JREBAZA;02_Analisis;13/02/2026;00:50:00;Cerrado
;REQ 2026-006809;REQ;SIC;JREBAZA;02_Analisis;13/02/2026;00:50:00;Cerrado
;INC 2026-006807;INC;SIC;JREBAZA;02_Analisis;13/02/2026;00:50:00;Cerrado
;INC 2026-006859;INC;HCE;JREBAZA;02_Analisis;13/02/2026;00:20:00;Cerrado
;INC 2026-006900;INC;SIC;JREBAZA;02_Analisis;13/02/2026;00:30:00;Cerrada
;REQ 2026-006904;REQ;SIC;JREBAZA;02_Analisis;13/02/2026;00:30:00;Cerrada
;REQ 2026-006894;REQ;SIC;JREBAZA;02_Analisis;13/02/2026;00:30:00;Cerrada
;REQ 2026-006907;REQ;SIC;JREBAZA;02_Analisis;13/02/2026;00:30:00;Cerrada
;REQ 2026-006871;EXP;SIC;JREBAZA;02_Analisis;13/02/2026;01:00:00;Cerrada
;REQ 2026-006613;REQ;SIC;JGUILLEN;02_Analisis;13/02/2026;08:30:00;Cerrada
;INC 2026-006817;EXP;SIC;YSUYCO;02_Analisis;13/02/2026;03:00:00;Cerrada
;INC 2026-006780;INC;MAC;YSUYCO;02_Analisis;13/02/2026;01:30:00;Cerrada
;INC 2026-006694;EXP;SIC;YSUYCO;02_Analisis;13/02/2026;01:30:00;Cerrada
;INC 2026-006232;INC;MAC;YSUYCO;02_Analisis;13/02/2026;01:30:00;Cerrada
;INC 2026-006872;INC;SIC;YSUYCO;02_Analisis;13/02/2026;02:00:00;Cerrada
;INC 2026-006872;INC;SIC;YSUYCO;02_Analisis;13/02/2026;01:00:00;Cerrada
;REQ 2026-001702;REQ;HCE;FPINEDO;01_Reunion de Entendimiento;13/02/2026;02:00:00;Cerrada
;REQ 2024-002604;REQ;SIC;FPINEDO;01_Reunion de Entendimiento;13/02/2026;02:00:00;Cerrada
;REQ 2026-002773;REQ;MAC;RGREY;04_Desarrollo;13/02/2026;06:30:00;Cerrada
;REQ 2025-036992;REQ;HCE;FPINEDO;04_Desarrollo;13/02/2026;02:30:00;Cerrada
;REQ 2026-001702;REQ;HCE;FPINEDO;04_Desarrollo;13/02/2026;05:00:00;Cerrada
;REQ 2026-005405;REQ;SAP;PBARDALES;04_Desarrollo;13/02/2026;02:30:00;Cerrada
;REQ 2025-019667;REQ;SIC;PBARDALES;04_Desarrollo;13/02/2026;02:30:00;Cerrada
;REQ 2026-006004;REQ;SAP;PBARDALES;01_Reunion de Entendimiento;13/02/2026;02:30:00;Cerrada
;REQ 2026-006181;EXP;SIC;PBARDALES;04_Desarrollo;13/02/2026;01:00:00;Cerrada
;REQ 2026-005041;EXP;SIC;PBARDALES;04_Desarrollo;13/02/2026;02:30:00;Cerrado
;REQ 2026-005765;REQ;SIC;FGONZALES;06_Pruebas Usuario Final;13/02/2026;00:15:00;Cerrado
;REQ 2026-006674;REQ;SIC;FGONZALES;06_Pruebas Usuario Final;13/02/2026;00:15:00;Cerrada
;REQ 2026-006668;REQ;SIC;FGONZALES;01_Reunion de Entendimiento;13/02/2026;00:30:00;Cerrada
;REQ 2026-005765;REQ;SIC;FGONZALES;07_Documentación;13/02/2026;03:00:00;Cerrada
;REQ 2026-006668;REQ;SIC;FGONZALES;07_Documentación;13/02/2026;00:15:00;Cerrada
;INC 2025-045200;INC;SAP;PBARDALES;10_Acompañamiento PRD;13/02/2026;02:00:00;Cerrada
;REQ 2026-006034;REQ;SIC;JGUILLEN;01_Reunion de Entendimiento;13/02/2026;01:00:00;Cerrado
;REQ 2026-006697;REQ;SIC;FGONZALES;01_Reunion de Entendimiento;13/02/2026;03:00:00;Cerrada
;REQ 2026-006034;REQ;SIC;FGONZALES;01_Reunion de Entendimiento;13/02/2026;00:30:00;Cerrada
;REQ 2024-018390;PRY;SIL;RGREY;19_Reunion Proveedores;13/02/2026;03:00:00;Cerrada
;REQ 2026-005002;REQ;APP/ WEB;CRODRIGUEZ;04_Desarrollo;16/02/2026;09:00:00;Cerrada
;REQ 2026-001664;REQ;HCE;CRODRIGUEZ;09_Acompañamiento QA;16/02/2026;01:00:00;Cerrada
;INC 2026-006961;EXP;AGENDA CITAS;JROSALES;02_Analisis;16/02/2026;01:20:00;Cerrada
;INC 2026-007151;EXP;AGENDA CITAS;JROSALES;02_Analisis;16/02/2026;00:40:00;Cerrada
;INC 2026-007169;EXP;APP/ WEB;JROSALES;02_Analisis;16/02/2026;01:00:00;Cerrada
;INC 2026-006958;EXP;AGENDA CITAS;JROSALES;02_Analisis;16/02/2026;01:30:00;Cerrada
;INC 2026-007061;INC;AGENDA CITAS;JROSALES;02_Analisis;16/02/2026;01:20:00;Cerrada
;INC 2026-007103;INC;APP/ WEB;JROSALES;02_Analisis;16/02/2026;01:00:00;Cerrada
;INC 2026-006700;EXP;APP/ WEB;JROSALES;02_Analisis;16/02/2026;01:30:00;Cerrada
;INC 2026-006963;INC;AGENDA CITAS;JROSALES;02_Analisis;16/02/2026;01:10:00;Cerrada
;REQ 2026-003423;REQ;APP/ WEB;JROSALES;19_Reunion Proveedores;16/02/2026;00:30:00;Cerrada
;REQ 2026-006833;REQ;APP/ WEB;AMOROMISATO;05_Pruebas Unitarias;16/02/2026;05:00:00;Cerrada
;REQ 2026-006833;REQ;APP/ WEB;AMOROMISATO;05_Pruebas Unitarias;16/02/2026;04:00:00;Cerrada
;INC 2026-007051;INC;HCE;JREBAZA;02_Analisis;16/02/2026;02:00:00;Cerrada
;REQ 2026-006375;REQ;SIC;JREBAZA;02_Analisis;16/02/2026;01:30:00;Cerrado
;REQ 2026-002773;REQ;MAC;RGREY;02_Analisis;16/02/2026;09:30:00;Cerrado
;INC 2026-006986;INC;HCE;JREBAZA;02_Analisis;16/02/2026;00:30:00;Cerrado
;REQ 2026-006970;REQ;SIC;JREBAZA;02_Analisis;16/02/2026;00:30:00;Cerrado
;REQ 2026-006375;REQ;SIC;JREBAZA;02_Analisis;16/02/2026;00:30:00;Cerrado
;INC 2026-007078;INC;SIC;JREBAZA;02_Analisis;16/02/2026;00:30:00;Cerrado
;INC 2026-006952;INC;SIC;JREBAZA;02_Analisis;16/02/2026;00:50:00;Cerrada
;REQ 2026-006969;REQ;SIC;JREBAZA;02_Analisis;16/02/2026;00:50:00;Cerrada
;REQ 2026-006914;REQ;SIC;JREBAZA;02_Analisis;16/02/2026;00:50:00;Cerrada
;INC 2026-007146;EXP;SIC;JREBAZA;02_Analisis;16/02/2026;00:30:00;Cerrada
;INC 2026-007070;EXP;SIC;JREBAZA;02_Analisis;16/02/2026;00:30:00;Cerrada
;INC 2026-006940;INC;SIC;JREBAZA;02_Analisis;16/02/2026;00:30:00;Cerrada
;INC 2026-007150;INC;SIC;JREBAZA;02_Analisis;16/02/2026;00:50:00;Cerrada
;REQ 2026-006619;REQ;SAP;PBARDALES;02_Analisis;16/02/2026;01:30:00;Cerrada
;REQ 2026-006557;EXP;SIC;PBARDALES;02_Analisis;16/02/2026;01:30:00;Cerrada
;INC 2026-006525;INC;SIC;PBARDALES;02_Analisis;16/02/2026;01:30:00;Cerrada
;REQ 2026-006630;REQ;SIC;PBARDALES;02_Analisis;16/02/2026;01:30:00;Cerrada
;REQ 2026-006778;REQ;SAP;PBARDALES;02_Analisis;16/02/2026;00:30:00;Cerrada
;INC 2026-006839;INC;SIC;PBARDALES;02_Analisis;16/02/2026;00:15:00;Cerrada
;REQ 2026-007049;REQ;SAP;PBARDALES;02_Analisis;16/02/2026;00:30:00;Cerrada
;REQ 2026-006890;REQ;SAP;PBARDALES;02_Analisis;16/02/2026;00:40:00;Cerrada
;INC 2026-007176;INC;SIC;PBARDALES;02_Analisis;16/02/2026;00:30:00;Cerrada
;REQ 2026-006613;REQ;SIC;JGUILLEN;02_Analisis;16/02/2026;09:30:00;Cerrada
;INC 2026-006954;INC;SIC;YSUYCO;02_Analisis;16/02/2026;01:30:00;Cerrada
;INC 2026-006817;EXP;SIC;YSUYCO;02_Analisis;16/02/2026;03:00:00;Cerrada
;INC 2026-006984;INC;SIC;YSUYCO;02_Analisis;16/02/2026;01:00:00;Cerrado
;INC 2026-006724;EXP;SIC;YSUYCO;02_Analisis;16/02/2026;02:30:00;Cerrado
;INC 2026-007096;EXP;SIC;YSUYCO;02_Analisis;16/02/2026;01:30:00;Cerrada
;REQ 2026-006706;REQ;HCE;FPINEDO;01_Reunion de Entendimiento;16/02/2026;02:00:00;Cerrada
;REQ 2025-008970;REQ;SIRI;FPINEDO;01_Reunion de Entendimiento;16/02/2026;02:00:00;Cerrada
;REQ 2026-007118;REQ;HIS;FPINEDO;01_Reunion de Entendimiento;16/02/2026;02:00:00;Cerrada
;REQ 2026-001702;REQ;HCE;FPINEDO;04_Desarrollo;16/02/2026;06:00:00;Cerrada
;REQ 2025-019667;REQ;SIC;PBARDALES;04_Desarrollo;16/02/2026;02:30:00;Cerrada
;REQ 2026-006004;REQ;SAP;PBARDALES;04_Desarrollo;16/02/2026;01:00:00;Cerrada
;REQ 2025-005137;REQ;SIC;FPINEDO;09_Acompañamiento QA;16/02/2026;01:00:00;Cerrada
;REQ 2026-006159;REQ;DATOS;PBARDALES;01_Reunion de Entendimiento;16/02/2026;01:30:00;Cerrada
;REQ 2025-025667;REQ;APP/ WEB;CRODRIGUEZ;03_Estimación de Actividades;17/02/2026;05:30:00;Cerrada
;REQ 2026-005930;REQ;APP/ WEB;JROSALES;02_Analisis;17/02/2026;01:30:00;Cerrada
;REQ 2026-007302;REQ;APP/ WEB;JROSALES;02_Analisis;17/02/2026;02:00:00;Cerrada
;INC 2026-007082;INC;APP/ WEB;JROSALES;02_Analisis;17/02/2026;01:00:00;Cerrada
;REQ 2026-005930;REQ;APP/ WEB;JROSALES;02_Analisis;17/02/2026;02:00:00;Cerrada
;REQ 2024-019667;REQ;SIC;AMOROMISATO;02_Analisis;17/02/2026;01:00:00;Cerrada
;REQ 2024-019667;REQ;SIC;AMOROMISATO;04_Desarrollo;17/02/2026;04:00:00;Cerrada
;REQ 2026-001948;REQ;APP/ WEB;JROSALES;02_Analisis;17/02/2026;01:10:00;Cerrada
;INC 2026-007082;INC;APP/ WEB;JROSALES;02_Analisis;17/02/2026;01:00:00;Cerrada
;REQ 2026-000067;REQ;SIC;JREBAZA;02_Analisis;17/02/2026;02:00:00;Cerrada
;REQ 2026-007143;EXP;SIC;JREBAZA;02_Analisis;17/02/2026;01:20:00;Cerrada
;REQ 2026-007165;REQ;DATOS;JREBAZA;02_Analisis;17/02/2026;00:40:00;Cerrada
;REQ 2026-007110;REQ;SIC;JREBAZA;02_Analisis;17/02/2026;00:50:00;Cerrada
;INC 2026-007051;INC;HCE;JREBAZA;02_Analisis;17/02/2026;01:00:00;Cerrada
;REQ 2026-007238;REQ;MAC;JREBAZA;02_Analisis;17/02/2026;00:50:00;Cerrada
;INC 2026-007170;INC;SAP;JREBAZA;02_Analisis;17/02/2026;01:00:00;Cerrada
;REQ 2026-006981;REQ;SIC;JREBAZA;02_Analisis;17/02/2026;01:00:00;Cerrada
;REQ 2026-007315;REQ;SIC;JREBAZA;02_Analisis;17/02/2026;00:50:00;Cerrada
;REQ 2026-006813;REQ;SIC;JREBAZA;02_Analisis;17/02/2026;00:50:00;Cerrada
;REQ 2026-007347;REQ;SIC;JREBAZA;02_Analisis;17/02/2026;00:30:00;Cerrada
;REQ 2026-005512;REQ;HIS;PBARDALES;02_Analisis;17/02/2026;00:30:00;Cerrada
;REQ 2026-006917;REQ;SAP;PBARDALES;02_Analisis;17/02/2026;00:30:00;Cerrada
;INC 2026-007179;INC;SAP;PBARDALES;02_Analisis;17/02/2026;00:30:00;Cerrada
;REQ 2026-006944;REQ;DATOS;PBARDALES;02_Analisis;17/02/2026;01:30:00;Cerrada
;REQ 2026-007204;REQ;DATOS;PBARDALES;02_Analisis;17/02/2026;00:20:00;Cerrada
;INC 2026-007056;INC;SAP;PBARDALES;02_Analisis;17/02/2026;00:30:00;Cerrado
;INC 2026-005431;INC;SAP;PBARDALES;02_Analisis;17/02/2026;00:30:00;Cerrado
;INC 2026-006232;INC;MAC;YSUYCO;02_Analisis;17/02/2026;01:00:00;Cerrada
;INC 2026-007184;INC;SIC;YSUYCO;02_Analisis;17/02/2026;02:00:00;Cerrada
;REQ 2026-007208;REQ;SIC;YSUYCO;02_Analisis;17/02/2026;00:30:00;Cerrada
;INC 2026-006885;EXP;SIC;YSUYCO;02_Analisis;17/02/2026;01:00:00;Cerrada
;INC 2026-006951;INC;SIC;YSUYCO;02_Analisis;17/02/2026;01:00:00;Cerrada
;INC 2026-003412;INC;SIC;YSUYCO;02_Analisis;17/02/2026;02:00:00;Cerrada
;REQ 2026-007314;REQ;SIC;YSUYCO;02_Analisis;17/02/2026;03:00:00;Cerrada
;REQ 2026-005830;REQ;HIS;FPINEDO;01_Reunion de Entendimiento;17/02/2026;01:00:00;Cerrada
;REQ 2026-007249;REQ;HIS;FPINEDO;01_Reunion de Entendimiento;17/02/2026;01:00:00;Cerrada
;REQ 2026-001702;REQ;HCE;FPINEDO;04_Desarrollo;17/02/2026;04:30:00;Cerrada
;REQ 2026-006704;REQ;SIC;FPINEDO;04_Desarrollo;17/02/2026;03:00:00;Cerrada
;REQ 2025-019667;REQ;SIC;PBARDALES;04_Desarrollo;17/02/2026;03:00:00;Cerrada
;REQ 2026-006819;REQ;DATOS;PBARDALES;04_Desarrollo;17/02/2026;00:40:00;Cerrada
;INC 2026-006916;EXP;SIC;PBARDALES;04_Desarrollo;17/02/2026;00:40:00;Cerrada
;REQ 2026-006925;EXP;SIC;PBARDALES;04_Desarrollo;17/02/2026;01:00:00;Cerrada
;REQ 2026-006613;REQ;SIC;JGUILLEN;04_Desarrollo;17/02/2026;09:30:00;Cerrada
;REQ 2026-006159;REQ;DATOS;PBARDALES;01_Reunion de Entendimiento;17/02/2026;01:00:00;Cerrada
;REQ 2026-007449;REQ;SIC;RGREY;04_Desarrollo;17/02/2026;10:20:00;Cerrada
;REQ 2025-011741;REQ;AGENDA PROCEDMIENTOS;AMOROMISATO;11_Reunion Interna DEV;18/02/2026;01:00:00;Cerrada
;REQ 2025-046008;REQ;AGENDA CITAS;AMOROMISATO;09_Acompañamiento QA;18/02/2026;01:00:00;Cerrada
;REQ 2026-007410;EXP;APP/ WEB;JROSALES;02_Analisis;18/02/2026;01:20:00;Cerrada
;REQ 2026-007508;EXP;APP/ WEB;JROSALES;02_Analisis;18/02/2026;02:30:00;Cerrada
;INC 2026-007466;INC;APP/ WEB;JROSALES;02_Analisis;18/02/2026;01:20:00;Cerrada
;REQ 2025-025667;REQ;APP/ WEB;CRODRIGUEZ;02_Analisis;18/02/2026;09:00:00;Cerrada
;REQ 2025-041027;REQ;AGENDA CITAS;CRODRIGUEZ;18_Configuraciones;18/02/2026;01:00:00;Cerrada
;INC 2026-007042;INC;APP/ WEB;JROSALES;02_Analisis;18/02/2026;01:40:00;Cerrada
;INC 2026-007465;INC;APP/ WEB;JROSALES;02_Analisis;18/02/2026;01:10:00;Cerrada
;REQ 2026-007416;EXP;APP/ WEB;JROSALES;02_Analisis;18/02/2026;00:40:00;Cerrada
;INC 2026-007466;INC;APP/ WEB;JROSALES;02_Analisis;18/02/2026;01:30:00;Cerrada
;REQ 2024-019667;REQ;SIC;AMOROMISATO;04_Desarrollo;18/02/2026;08:00:00;Cerrada
;REQ 2026-006706;REQ;HCE;FPINEDO;02_Analisis;18/02/2026;02:30:00;Cerrada
;REQ 2026-006774;REQ;SIC;JREBAZA;02_Analisis;18/02/2026;02:00:00;Cerrada
;REQ 2026-006949;REQ;MAC;JREBAZA;02_Analisis;18/02/2026;00:30:00;Cerrada
;REQ 2026-007411;REQ;MAC;JREBAZA;02_Analisis;18/02/2026;00:30:00;Cerrada
;INC 2026-007412;INC;SIC;JREBAZA;02_Analisis;18/02/2026;00:30:00;Cerrada
;INC 2026-007462;INC;SIC;JREBAZA;02_Analisis;18/02/2026;00:30:00;Cerrada
;INC 2026-007474;INC;SIC;JREBAZA;02_Analisis;18/02/2026;00:30:00;Cerrada
;INC 2026-007475;INC;SIC;JREBAZA;02_Analisis;18/02/2026;00:30:00;Cerrada
;REQ 2026-007477;REQ;SIC;JREBAZA;02_Analisis;18/02/2026;00:30:00;Cerrada
;REQ 2026-007480;REQ;SIC;JREBAZA;02_Analisis;18/02/2026;00:30:00;Cerrada
;INC 2026-007481;INC;SIC;JREBAZA;02_Analisis;18/02/2026;00:30:00;Cerrada
;REQ 2026-007487;REQ;SIC;JREBAZA;02_Analisis;18/02/2026;00:30:00;Cerrada
;REQ 2026-007455;REQ;SIC;JREBAZA;02_Analisis;18/02/2026;00:50:00;Cerrada
;REQ 2026-007397;REQ;SIC;JREBAZA;02_Analisis;18/02/2026;00:50:00;Cerrada
;REQ 2026-007273;EXP;APP/ WEB;JREBAZA;02_Analisis;18/02/2026;00:50:00;Cerrado
;INC 2026-007456;EXP;APP/ WEB;JREBAZA;02_Analisis;18/02/2026;00:40:00;Cerrado
;REQ 2026-007515;REQ;MAC;JREBAZA;02_Analisis;18/02/2026;00:20:00;Cerrada
;INC 2026-007182;INC;SIC;PBARDALES;02_Analisis;18/02/2026;00:10:00;Cerrada
;INC 2026-006830;INC;SIC;PBARDALES;02_Analisis;18/02/2026;00:30:00;Cerrada
;INC 2026-006950;INC;SIC;PBARDALES;02_Analisis;18/02/2026;00:30:00;Cerrada
;INC 2026-007447;INC;SIC;PBARDALES;02_Analisis;18/02/2026;00:40:00;Cerrada
;REQ 2026-007391;REQ;SIC;FPINEDO;01_Reunion de Entendimiento;18/02/2026;01:00:00;Cerrada
;REQ 2026-001702;REQ;HCE;FPINEDO;04_Desarrollo;18/02/2026;06:00:00;Cerrada
;REQ 2025-019667;REQ;SIC;PBARDALES;04_Desarrollo;18/02/2026;03:00:00;Cerrada
;REQ 2026-006620;EXP;SIC;PBARDALES;04_Desarrollo;18/02/2026;01:00:00;Cerrada
;INC 2026-007496;EXP;PORTAL PROVEEDORES;JGUILLEN;04_Desarrollo;18/02/2026;02:00:00;Cerrada
;REQ 2026-007442;REQ;PORTAL PROVEEDORES;JGUILLEN;04_Desarrollo;18/02/2026;07:30:00;Cerrada
;REQ 2026-007513;EXP;SAP;PBARDALES;04_Desarrollo;18/02/2026;01:00:00;Cerrada
;REQ 2026-006159;REQ;DATOS;PBARDALES;01_Reunion de Entendimiento;18/02/2026;01:30:00;Cerrada
;INC 2025-026026;INC;SIC;PBARDALES;19_Reunion Proveedores;18/02/2026;01:00:00;Cerrada
;INC 2026-006170;INC;SIC;YSUYCO;02_Analisis;18/02/2026;02:00:00;Cerrada
;INC 2026-003853;INC;SIC;YSUYCO;02_Analisis;18/02/2026;01:00:00;Cerrada
;INC 2026-004759;INC;SIC;YSUYCO;02_Analisis;18/02/2026;00:30:00;Cerrada
;REQ 2026-005197;REQ;SIC;YSUYCO;02_Analisis;18/02/2026;02:00:00;Cerrada
;REQ 2026-005270;REQ;SIC;YSUYCO;02_Analisis;18/02/2026;01:30:00;Cerrada
;REQ 2026-007514;EXP;APP/ WEB;YSUYCO;02_Analisis;18/02/2026;02:00:00;Cerrada
;INC 2026-007310;INC;SIC;YSUYCO;02_Analisis;18/02/2026;01:30:00;Cerrada
;REQ 2026-007449;REQ;SIC;RGREY;04_Desarrollo;18/02/2026;10:20:00;Cerrada
;REQ 2025-025667;REQ;APP/ WEB;CRODRIGUEZ;04_Desarrollo;19/02/2026;08:00:00;Cerrada
;REQ 2025-025667;REQ;APP/ WEB;CRODRIGUEZ;04_Desarrollo;19/02/2026;05:00:00;Cerrada
;INC 2026-007744;EXP;AGENDA CITAS;JROSALES;02_Analisis;19/02/2026;01:45:00;Cerrada
;INC 2026-007551;EXP;AGENDA CITAS;JROSALES;02_Analisis;19/02/2026;01:45:00;Cerrada
;INC 2026-007716;EXP;AGENDA CITAS;JROSALES;02_Analisis;19/02/2026;01:30:00;Cerrada
;REQ 2026-007728;EXP;APP/ WEB;JROSALES;02_Analisis;19/02/2026;00:30:00;Cerrada
;INC 2026-007580;INC;APP/ WEB;JROSALES;02_Analisis;19/02/2026;01:30:00;Cerrado
;REQ 2026-003423;REQ;APP/ WEB;JROSALES;19_Reunion Proveedores;19/02/2026;00:30:00;Cerrado
;REQ 2026-003423;REQ;APP/ WEB;JROSALES;02_Analisis;19/02/2026;01:30:00;Cerrado
;REQ 2025-037789;REQ;AGENDA CITAS;JROSALES;19_Reunion Proveedores;19/02/2026;01:00:00;Cerrado
;REQ 2024-019667;REQ;SIC;AMOROMISATO;04_Desarrollo;19/02/2026;03:00:00;Cerrada
;REQ 2024-019667;REQ;SIC;AMOROMISATO;04_Desarrollo;19/02/2026;04:00:00;Cerrada
;REQ 2024-019667;REQ;SIC;AMOROMISATO;05_Pruebas Unitarias;19/02/2026;03:30:00;Cerrada
;REQ 2026-007748;REQ;APP/ WEB;JROSALES;02_Analisis;19/02/2026;00:30:00;Cerrada
;INC 2026-006360;EXP;SIC;PBARDALES;02_Analisis;19/02/2026;00:10:00;Cerrada
;REQ 2026-006915;REQ;SAP;PBARDALES;02_Analisis;19/02/2026;00:40:00;Cerrada
;REQ 2026-005669;REQ;SAP;PBARDALES;02_Analisis;19/02/2026;00:10:00;Cerrada
;REQ 2026-007024;REQ;SAP;PBARDALES;02_Analisis;19/02/2026;00:40:00;Cerrada
;INC 2026-007451;INC;SIC;PBARDALES;02_Analisis;19/02/2026;00:30:00;Cerrada
;INC 2026-007561;INC;SIC;PBARDALES;02_Analisis;19/02/2026;00:30:00;Cerrada
;REQ 2026-007492;REQ;DATOS;PBARDALES;04_Desarrollo;19/02/2026;02:00:00;Cerrada
;REQ 2025-019667;REQ;SIC;PBARDALES;04_Desarrollo;19/02/2026;02:00:00;Cerrada
;REQ 2026-006420;EXP;SIC;PBARDALES;04_Desarrollo;19/02/2026;01:00:00;Cerrada
;INC 2026-005163;EXP;SAP;PBARDALES;04_Desarrollo;19/02/2026;01:00:00;Cerrada
;REQ 2025-005137;REQ;SIC;FPINEDO;10_Acompañamiento PRD;19/02/2026;02:00:00;Cerrada
;REQ 2026-006159;REQ;DATOS;PBARDALES;01_Reunion de Entendimiento;19/02/2026;02:00:00;Cerrada
;INC 2026-007551;EXP;AGENDA CITAS;YSUYCO;02_Analisis;19/02/2026;03:00:00;Cerrada
;INC 2026-006885;EXP;SIC;YSUYCO;02_Analisis;19/02/2026;04:00:00;Cerrada
;INC 2026-007684;EXP;SIC;YSUYCO;02_Analisis;19/02/2026;01:30:00;Cerrada
;REQ 2026-007547;REQ;MAC;JREBAZA;02_Analisis;19/02/2026;00:30:00;Cerrada
;REQ 2026-006723;REQ;MAC;JREBAZA;02_Analisis;19/02/2026;00:20:00;Cerrada
;REQ 2026-006884;REQ;MAC;JREBAZA;02_Analisis;19/02/2026;00:20:00;Cerrado
;REQ 2026-007195;REQ;SIC;JREBAZA;02_Analisis;19/02/2026;00:30:00;Cerrada
;INC 2026-007431;INC;AGENDA CITAS;JREBAZA;02_Analisis;19/02/2026;00:40:00;Cerrada
;INC 2026-007589;INC;SAP;JREBAZA;02_Analisis;19/02/2026;00:50:00;Cerrada
;INC 2026-007568;INC;SIC;JREBAZA;02_Analisis;19/02/2026;00:50:00;Cerrada
;INC 2026-007521;INC;SIC;JREBAZA;02_Analisis;19/02/2026;00:50:00;Cerrada
;INC 2026-007495;INC;SIC;JREBAZA;02_Analisis;19/02/2026;00:50:00;Cerrada
;INC 2026-007458;INC;SIC;JREBAZA;02_Analisis;19/02/2026;00:50:00;Cerrada
;REQ 2026-007681;REQ;SIC;JREBAZA;02_Analisis;19/02/2026;00:50:00;Cerrado
;INC 2026-007389;INC;SIC;JREBAZA;02_Analisis;19/02/2026;00:50:00;Cerrada
;REQ 2026-007719;REQ;SIC;JREBAZA;02_Analisis;19/02/2026;00:50:00;Cerrada
;INC 2026-007697;INC;SIC;JREBAZA;02_Analisis;19/02/2026;00:30:00;Cerrada
;INC 2026-007612;INC;SIC;JREBAZA;02_Analisis;19/02/2026;00:30:00;Cerrada
;REQ 2026-007405;REQ;HCE;JREBAZA;02_Analisis;19/02/2026;00:50:00;Cerrada
;REQ 2026-001702;REQ;HCE;FPINEDO;04_Desarrollo;19/02/2026;07:30:00;Cerrado
;INC 2026-000233;INC;SIC;JGUILLEN;04_Desarrollo;19/02/2026;09:30:00;Cerrada
;REQ 2026-007449;REQ;SIC;RGREY;04_Desarrollo;19/02/2026;10:20:00;Cerrada
;REQ 2024-022552;PRY;MAC;CRODRIGUEZ;04_Desarrollo;20/02/2026;04:00:00;Cerrada
;REQ 2025-025667;REQ;APP/ WEB;CRODRIGUEZ;04_Desarrollo;20/02/2026;06:30:00;Cerrada
;REQ 2024-019667;REQ;SIC;AMOROMISATO;11_Reunion Interna DEV;20/02/2026;01:00:00;Cerrada
;REQ 2025-011741;REQ;AGENDA PROCEDMIENTOS;AMOROMISATO;02_Analisis;20/02/2026;01:00:00;Cerrada
;REQ 2025-011741;REQ;AGENDA PROCEDMIENTOS;AMOROMISATO;04_Desarrollo;20/02/2026;02:30:00;Cerrada
;REQ 2025-011741;REQ;AGENDA PROCEDMIENTOS;AMOROMISATO;05_Pruebas Unitarias;20/02/2026;02:00:00;Cerrada
;REQ 2025-011741;REQ;AGENDA PROCEDMIENTOS;AMOROMISATO;07_Documentación;20/02/2026;04:00:00;Cerrada
;REQ 2026-007821;EXP;AGENDA CITAS;JROSALES;02_Analisis;20/02/2026;01:30:00;Cerrada
;INC 2026-007852;EXP;APP/ WEB;JROSALES;02_Analisis;20/02/2026;02:20:00;Cerrada
;REQ 2026-007832;EXP;AGENDA CITAS;JROSALES;02_Analisis;20/02/2026;01:10:00;Cerrada
;INC 2026-007562;INC;APP/ WEB;JROSALES;02_Analisis;20/02/2026;00:45:00;Cerrada
;INC 2026-007844;INC;APP/ WEB;JROSALES;02_Analisis;20/02/2026;01:20:00;Cerrado
;INC 2026-007711;INC;APP/ WEB;JROSALES;02_Analisis;20/02/2026;00:45:00;Cerrado
;INC 2026-007768;EXP;APP/ WEB;JROSALES;02_Analisis;20/02/2026;01:30:00;Cerrado
;REQ 2026-003423;REQ;APP/ WEB;JROSALES;02_Analisis;20/02/2026;01:10:00;Cerrado
;INC 2026-005919;INC;SIC;YSUYCO;02_Analisis;20/02/2026;01:30:00;Cerrado
;REQ 2026-006098;REQ;SIC;YSUYCO;02_Analisis;20/02/2026;01:30:00;Cerrado
;INC 2026-003853;INC;SIC;YSUYCO;02_Analisis;20/02/2026;02:00:00;Cerrado
;INC 2026-004759;INC;SIC;YSUYCO;02_Analisis;20/02/2026;01:00:00;Cerrado
;REQ 2026-007789;EXP;SIC;YSUYCO;02_Analisis;20/02/2026;02:00:00;Cerrada
;INC 2026-006377;INC;SIC;YSUYCO;02_Analisis;20/02/2026;01:30:00;Cerrada
;REQ 2026-007405;REQ;HCE;JREBAZA;05_Pruebas Unitarias;20/02/2026;02:20:00;Cerrada
;REQ 2026-007087;REQ;MAC;JREBAZA;02_Analisis;20/02/2026;00:20:00;Cerrada
;INC 2026-007757;INC;SIC;JREBAZA;02_Analisis;20/02/2026;01:00:00;Cerrada
;INC 2026-007746;INC;SIC;JREBAZA;02_Analisis;20/02/2026;01:00:00;Cerrada
;REQ 2026-007687;REQ;HCE;JREBAZA;02_Analisis;20/02/2026;00:30:00;Cerrada
;INC 2026-007794;INC;SAP;JREBAZA;02_Analisis;20/02/2026;00:30:00;Cerrada
;INC 2026-007762;INC;SIC;JREBAZA;02_Analisis;20/02/2026;00:30:00;Cerrada
;REQ 2026-007488;REQ;SIC;JREBAZA;02_Analisis;20/02/2026;00:50:00;Cerrada
;REQ 2026-007264;REQ;SIC;JREBAZA;02_Analisis;20/02/2026;00:30:00;Cerrada
;REQ 2026-007848;REQ;HCE;JREBAZA;02_Analisis;20/02/2026;00:50:00;Cerrada
;INC 2026-007520;INC;SIC;JREBAZA;02_Analisis;20/02/2026;00:30:00;Cerrado
;INC 2026-007860;INC;SIC;JREBAZA;02_Analisis;20/02/2026;00:30:00;Cerrada
;REQ 2026-007926;EXP;SIC;JREBAZA;02_Analisis;20/02/2026;00:50:00;Cerrada
;REQ 2026-007848;REQ;HCE;JREBAZA;07_Documentación;20/02/2026;01:50:00;Cerrada
;REQ 2026-007249;REQ;HIS;FPINEDO;04_Desarrollo;20/02/2026;06:00:00;Cerrada
;REQ 2026-007118;REQ;HIS;FPINEDO;04_Desarrollo;20/02/2026;02:00:00;Cerrada
;REQ 2026-007118;REQ;HIS;FPINEDO;04_Desarrollo;20/02/2026;02:00:00;Cerrada
;INC 2026-000233;INC;SIC;JGUILLEN;04_Desarrollo;20/02/2026;09:30:00;Cerrada
;REQ 2026-002773;REQ;MAC;RGREY;04_Desarrollo;20/02/2026;10:20:00;Cerrada
;INC 2026-007938;INC;SIC;PBARDALES;02_Analisis;20/02/2026;00:30:00;Cerrado
;REQ 2026-007880;EXP;SAP;PBARDALES;04_Desarrollo;20/02/2026;01:00:00;Cerrada
;REQ 2026-007564;REQ;SAP;PBARDALES;04_Desarrollo;20/02/2026;01:00:00;Cerrada
;REQ 2026-007833;REQ;SAP;PBARDALES;02_Analisis;20/02/2026;00:30:00;Cerrada
;INC 2026-007831;INC;SAP;PBARDALES;02_Analisis;20/02/2026;00:30:00;Cerrada
;REQ 2025-019667;REQ;SIC;PBARDALES;04_Desarrollo;20/02/2026;02:30:00;Cerrada
;REQ 2026-007492;REQ;DATOS;PBARDALES;04_Desarrollo;20/02/2026;02:00:00;Cerrada
;REQ 2026-006159;REQ;DATOS;PBARDALES;11_Reunion Interna DEV;20/02/2026;02:00:00;Cerrada
;REQ 2026-003423;REQ;APP/ WEB;JROSALES;02_Analisis;21/02/2026;02:00:00;Cerrada
;REQ 2026-008124;REQ;AGENDA CITAS;AMOROMISATO;01_Reunion de Entendimiento;23/02/2026;00:30:00;Cerrada
;REQ 2026-008124;REQ;AGENDA CITAS;JROSALES;01_Reunion de Entendimiento;23/02/2026;00:30:00;Cerrada
;REQ 2026-001281;REQ;APP/ WEB;JROSALES;02_Analisis;23/02/2026;02:00:00;Cerrada
;REQ 2024-022552;PRY;MAC;CRODRIGUEZ;04_Desarrollo;23/02/2026;09:30:00;Cerrada
;REQ 2026-005002;REQ;APP/ WEB;CRODRIGUEZ;09_Acompañamiento QA;23/02/2026;01:00:00;Cerrada
;INC 2026-007945;INC;APP/ WEB;JROSALES;02_Analisis;23/02/2026;00:45:00;Cerrada
;INC 2026-008166;INC;APP/ WEB;JROSALES;02_Analisis;23/02/2026;01:20:00;Cerrada
;REQ 2026-007943;REQ;APP/ WEB;JROSALES;02_Analisis;23/02/2026;00:40:00;Cerrada
;INC 2026-008114;INC;APP/ WEB;JROSALES;02_Analisis;23/02/2026;00:45:00;Cerrada
;INC 2026-008136;INC;AGENDA CITAS;JROSALES;02_Analisis;23/02/2026;00:30:00;Cerrada
;INC 2026-007858;INC;APP/ WEB;JROSALES;02_Analisis;23/02/2026;01:10:00;Cerrada
;INC 2026-007689;INC;APP/ WEB;JROSALES;02_Analisis;23/02/2026;01:30:00;Cerrada
;REQ 2026-005930;REQ;APP/ WEB;JROSALES;02_Analisis;23/02/2026;00:50:00;Cerrada
;REQ 2026-008124;REQ;AGENDA CITAS;AMOROMISATO;03_Estimación de Actividades;23/02/2026;01:00:00;Cerrada
;REQ 2026-008124;REQ;AGENDA CITAS;AMOROMISATO;04_Desarrollo;23/02/2026;05:00:00;Cerrada
;REQ 2026-008124;REQ;AGENDA CITAS;AMOROMISATO;05_Pruebas Unitarias;23/02/2026;03:30:00;Cerrada
;REQ 2025-017900;REQ;SIC;JREBAZA;15_Acompañamiento SD;23/02/2026;02:50:00;Cerrada
;REQ 2026-008164;REQ;SIC;JREBAZA;01_Reunion de Entendimiento;23/02/2026;01:00:00;Cerrada
;REQ 2026-007249;REQ;HIS;FPINEDO;04_Desarrollo;23/02/2026;09:30:00;Cerrada
;REQ 2026-007729;REQ;MAC;JREBAZA;02_Analisis;23/02/2026;00:20:00;Cerrada
;REQ 2026-007205;REQ;MAC;JREBAZA;02_Analisis;23/02/2026;00:20:00;Cerrada
;INC 2026-007941;INC;HCE;JREBAZA;02_Analisis;23/02/2026;00:50:00;Cerrada
;REQ 2026-007940;REQ;SIC;JREBAZA;02_Analisis;23/02/2026;00:30:00;Cerrada
;INC 2026-008081;INC;SIC;JREBAZA;02_Analisis;23/02/2026;00:20:00;Cerrada
;REQ 2026-008145;REQ;SIC;JREBAZA;02_Analisis;23/02/2026;00:30:00;Cerrada
;INC 2026-008022;INC;SIC;JREBAZA;02_Analisis;23/02/2026;00:30:00;Cerrada
;INC 2026-008169;INC;SAP;JREBAZA;02_Analisis;23/02/2026;00:30:00;Cerrada
;INC 2026-008142;INC;SIC;JREBAZA;02_Analisis;23/02/2026;00:50:00;Cerrada
;REQ 2026-005649;REQ;SIC;JREBAZA;02_Analisis;23/02/2026;00:40:00;Cerrada
;REQ 2026-008188;REQ;MAC;JREBAZA;02_Analisis;23/02/2026;00:20:00;Cerrada
;INC 2026-008103;INC;SIC;JREBAZA;02_Analisis;23/02/2026;00:30:00;Cerrada
;INC 2026-008170;INC;SIC;JREBAZA;02_Analisis;23/02/2026;00:30:00;Cerrada
;INC 2026-008075;EXP;SIC;JREBAZA;02_Analisis;23/02/2026;00:30:00;Cerrada
;REQ 2026-008049;EXP;SIC;JREBAZA;02_Analisis;23/02/2026;00:30:00;Cerrada
;INC 2026-000233;INC;SIC;JGUILLEN;05_Pruebas Unitarias;23/02/2026;09:30:00;Cerrada
;REQ 2025-008093;REQ;HCE;RGREY;07_Documentación;23/02/2026;09:30:00;Cerrada
;REQ 2026-002773;REQ;MAC;RGREY;04_Desarrollo;23/02/2026;02:30:00;Cerrada
;INC 2026-004759;INC;SIC;YSUYCO;02_Analisis;23/02/2026;01:30:00;Cerrada
;INC 2026-004931;INC;SIC;YSUYCO;02_Analisis;23/02/2026;01:30:00;Cerrada
;INC 2026-006099;INC;SIC;YSUYCO;02_Analisis;23/02/2026;02:00:00;Cerrada
;REQ 2026-007627;EXP;SIC;YSUYCO;02_Analisis;23/02/2026;02:00:00;Cerrada
;INC 2026-006342;INC;SIC;YSUYCO;02_Analisis;23/02/2026;01:00:00;Cerrada
;REQ 2026-006278;REQ;SIC;YSUYCO;02_Analisis;23/02/2026;01:30:00;Cerrada
;REQ 2025-019667;REQ;SIC;PBARDALES;04_Desarrollo;23/02/2026;02:30:00;Cerrada
;REQ 2026-008127;EXP;SAP;PBARDALES;04_Desarrollo;23/02/2026;00:40:00;Cerrada
;REQ 2026-008117;EXP;SAP;PBARDALES;04_Desarrollo;23/02/2026;01:00:00;Cerrada
;REQ 2026-007041;REQ;DATOS;PBARDALES;02_Analisis;23/02/2026;00:30:00;Cerrado
;REQ 2026-008202;REQ;SIC;PBARDALES;02_Analisis;23/02/2026;01:00:00;Cerrada
;REQ 2026-008067;EXP;SAP;PBARDALES;04_Desarrollo;23/02/2026;01:00:00;Cerrada
;INC 2026-008120;INC;SIC;PBARDALES;02_Analisis;23/02/2026;00:40:00;Cerrada
;INC 2026-008228;INC;SIC;PBARDALES;02_Analisis;23/02/2026;00:30:00;Cerrada
;REQ 2026-008220;REQ;SIC;PBARDALES;02_Analisis;23/02/2026;00:30:00;Cerrada
;INC 2026-008221;INC;SIC;PBARDALES;02_Analisis;23/02/2026;00:30:00;Cerrada
;INC 2026-006640;INC;SIC;PBARDALES;02_Analisis;23/02/2026;00:30:00;Cerrada
;REQ 2026-008219;REQ;SAP;PBARDALES;02_Analisis;23/02/2026;00:30:00;Cerrada
;REQ 2024-022552;PRY;MAC;CRODRIGUEZ;04_Desarrollo;24/02/2026;05:00:00;Cerrada
;REQ 2024-022552;PRY;MAC;CRODRIGUEZ;04_Desarrollo;24/02/2026;05:30:00;Cerrada
;REQ 2026-008124;REQ;AGENDA CITAS;AMOROMISATO;05_Pruebas Unitarias;24/02/2026;04:00:00;Cerrada
;REQ 2026-008124;REQ;AGENDA CITAS;AMOROMISATO;07_Documentación;24/02/2026;06:30:00;Cerrada
;INC 2026-008128;INC;AGENDA CITAS;JROSALES;02_Analisis;24/02/2026;01:20:00;Cerrada
;INC 2026-007936;INC;APP/ WEB;JROSALES;02_Analisis;24/02/2026;01:20:00;Cerrada
;INC 2026-008277;INC;APP/ WEB;JROSALES;02_Analisis;24/02/2026;01:20:00;Cerrada
;REQ 2026-003423;REQ;APP/ WEB;JROSALES;02_Analisis;24/02/2026;02:00:00;Cerrada
;REQ 2026-003423;REQ;APP/ WEB;JROSALES;01_Reunion de Entendimiento;24/02/2026;00:30:00;Cerrada
;REQ 2026-005930;REQ;APP/ WEB;JROSALES;02_Analisis;24/02/2026;04:00:00;Cerrado
;INC 2026-008142;INC;SIC;JREBAZA;02_Analisis;24/02/2026;00:50:00;Cerrado
;REQ 2026-008164;REQ;SIC;JREBAZA;02_Analisis;24/02/2026;02:30:00;Cerrada
;INC 2026-008238;INC;SIC;JREBAZA;02_Analisis;24/02/2026;00:40:00;Cerrada
;REQ 2026-008251;REQ;DATOS;JREBAZA;02_Analisis;24/02/2026;00:40:00;Cerrada
;INC 2026-008203;INC;SIC;JREBAZA;02_Analisis;24/02/2026;00:50:00;Cerrada
;INC 2026-008369;INC;AGENDA CITAS;JREBAZA;02_Analisis;24/02/2026;00:40:00;Cerrada
;REQ 2026-008379;REQ;MAC;JREBAZA;02_Analisis;24/02/2026;00:40:00;Cerrada
;REQ 2026-008374;REQ;MAC;JREBAZA;02_Analisis;24/02/2026;00:30:00;Cerrada
;INC 2026-008211;INC;SIC;YSUYCO;02_Analisis;24/02/2026;01:00:00;Cerrada
;REQ 2026-006790;REQ;SIC;YSUYCO;02_Analisis;24/02/2026;01:30:00;Cerrada
;INC 2026-007184;INC;SIC;YSUYCO;02_Analisis;24/02/2026;03:00:00;Cerrada
;REQ 2026-007208;REQ;SIC;YSUYCO;02_Analisis;24/02/2026;00:30:00;Cerrada
;INC 2026-006511;INC;SIC;YSUYCO;02_Analisis;24/02/2026;01:30:00;Cerrada
;INC 2026-006508;INC;SIC;YSUYCO;02_Analisis;24/02/2026;01:30:00;Cerrada
;INC 2026-007393;INC;SIC;YSUYCO;02_Analisis;24/02/2026;01:30:00;Cerrada
;INC 2026-006170;INC;SIC;YSUYCO;02_Analisis;24/02/2026;02:00:00;Cerrada
;INC 2026-006342;INC;SIC;YSUYCO;02_Analisis;24/02/2026;01:00:00;Cerrada
;REQ 2025-019667;REQ;SIC;PBARDALES;04_Desarrollo;24/02/2026;03:30:00;Cerrada
;REQ 2026-008296;REQ;MAC;JREBAZA;02_Analisis;24/02/2026;00:30:00;Cerrada
;REQ 2026-007760;REQ;SIC;JREBAZA;02_Analisis;24/02/2026;01:00:00;Cerrada
;REQ 2026-008402;REQ;SIC;JREBAZA;02_Analisis;24/02/2026;00:50:00;Cerrada
;REQ 2026-008320;REQ;SIC;JREBAZA;02_Analisis;24/02/2026;00:40:00;Cerrada
;REQ 2025-012665;REQ;SIC;JREBAZA;02_Analisis;24/02/2026;00:50:00;Cerrada
;REQ 2024-017864;PRY;PORTAL PROVEEDORES;PBARDALES;01_Reunion de Entendimiento;24/02/2026;01:00:00;Cerrada
;REQ 2026-006908;REQ;SIC;PBARDALES;02_Analisis;24/02/2026;00:40:00;Cerrada
;INC 2026-008240;INC;SIC;PBARDALES;02_Analisis;24/02/2026;00:40:00;Cerrada
;INC 2026-008240;INC;SIC;PBARDALES;04_Desarrollo;24/02/2026;00:40:00;Cerrada
;REQ 2026-007262;REQ;SIC;PBARDALES;02_Analisis;24/02/2026;01:00:00;Cerrada
;INC 2026-008151;INC;SAP;PBARDALES;02_Analisis;24/02/2026;00:30:00;Cerrada
;REQ 2026-007546;REQ;SAP;PBARDALES;04_Desarrollo;24/02/2026;01:00:00;Cerrada
;REQ 2026-007555;REQ;SIC;PBARDALES;04_Desarrollo;24/02/2026;01:00:00;Cerrada
;REQ 2026-008444;REQ;SIC;PBARDALES;10_Acompañamiento PRD;24/02/2026;01:00:00;Cerrado
;REQ 2026-007249;REQ;HIS;FPINEDO;15_Acompañamiento SD;24/02/2026;01:00:00;Cerrada
;REQ 2026-007249;REQ;HIS;FPINEDO;09_Acompañamiento QA;24/02/2026;02:00:00;Cerrada
;REQ 2026-006706;REQ;HCE;FPINEDO;04_Desarrollo;24/02/2026;06:30:00;Cerrada
;INC 2026-000233;INC;SIC;JGUILLEN;04_Desarrollo;24/02/2026;09:30:00;Cerrada
;REQ 2026-002773;REQ;MAC;RGREY;04_Desarrollo;24/02/2026;10:20:00;Cerrada
;REQ 2024-022552;PRY;MAC;CRODRIGUEZ;04_Desarrollo;25/02/2026;11:00:00;Cerrada
;REQ 2026-003423;REQ;APP/ WEB;JROSALES;02_Analisis;25/02/2026;03:00:00;Cerrada
;REQ 2026-001281;REQ;APP/ WEB;JROSALES;02_Analisis;25/02/2026;03:00:00;Cerrada
;REQ 2026-003156;REQ;APP/ WEB;JROSALES;02_Analisis;25/02/2026;02:00:00;Cerrada
;INC 2026-008590;INC;APP/ WEB;JROSALES;02_Analisis;25/02/2026;01:30:00;Cerrada
;INC 2026-008523;INC;APP/ WEB;JROSALES;02_Analisis;25/02/2026;00:45:00;Cerrada
;INC 2026-008614;INC;APP/ WEB;JROSALES;02_Analisis;25/02/2026;00:30:00;Cerrada
;REQ 2026-008124;REQ;AGENDA CITAS;AMOROMISATO;07_Documentación;25/02/2026;04:00:00;Cerrada
;REQ 2026-008124;REQ;AGENDA CITAS;AMOROMISATO;07_Documentación;25/02/2026;06:30:00;Cerrada
;REQ 2025-017900;REQ;SIC;JREBAZA;15_Acompañamiento SD;25/02/2026;02:30:00;Cerrado
;REQ 2026-008164;REQ;SIC;JREBAZA;02_Analisis;25/02/2026;01:00:00;Cerrado
;INC 2026-008398;INC;SAP;JREBAZA;02_Analisis;25/02/2026;00:40:00;Cerrado
;REQ 2026-008405;REQ;SIC;JREBAZA;02_Analisis;25/02/2026;00:40:00;Cerrada
;REQ 2026-006380;REQ;SIC;JREBAZA;02_Analisis;25/02/2026;00:40:00;Cerrada
;INC 2026-008459;INC;SAP;JREBAZA;02_Analisis;25/02/2026;00:40:00;Cerrada
;INC 2026-008489;INC;SIC;JREBAZA;02_Analisis;25/02/2026;00:40:00;Cerrada
;REQ 2026-008469;REQ;SIC;JREBAZA;02_Analisis;25/02/2026;00:40:00;Cerrada
;INC 2026-008392;EXP;SIC;JREBAZA;02_Analisis;25/02/2026;00:40:00;Cerrada
;INC 2026-008510;EXP;SIC;JREBAZA;02_Analisis;25/02/2026;00:40:00;Cerrada
;REQ 2026-008403;EXP;SIC;JREBAZA;02_Analisis;25/02/2026;00:40:00;Cerrada
;REQ 2026-008520;EXP;SIC;JREBAZA;02_Analisis;25/02/2026;00:40:00;Cerrada
;REQ 2026-008483;REQ;MAC;JREBAZA;02_Analisis;25/02/2026;00:30:00;Cerrada
;REQ 2026-006706;REQ;HCE;FPINEDO;04_Desarrollo;25/02/2026;09:30:00;Cerrada
;REQ 2026-005830;REQ;HIS;FPINEDO;10_Acompañamiento PRD;25/02/2026;02:00:00;Cerrada
;INC 2026-000233;INC;SIC;JGUILLEN;04_Desarrollo;25/02/2026;09:30:00;Cerrada
;INC 2026-008418;EXP;SIC;YSUYCO;02_Analisis;25/02/2026;01:30:00;Cerrada
;INC 2026-006377;INC;SIC;YSUYCO;02_Analisis;25/02/2026;03:30:00;Cerrado
;INC 2026-008499;INC;MAC;YSUYCO;02_Analisis;25/02/2026;01:30:00;Cerrada
;INC 2026-006885;EXP;SIC;YSUYCO;01_Reunion de Entendimiento;25/02/2026;03:00:00;Cerrada
;REQ 2025-041033;REQ;HIS;RGREY;04_Desarrollo;25/02/2026;10:20:00;Cerrada
;REQ 2026-007470;REQ;SAP;PBARDALES;02_Analisis;25/02/2026;01:00:00;Cerrada
;REQ 2025-019667;REQ;SIC;PBARDALES;04_Desarrollo;25/02/2026;03:00:00;Cerrada
;REQ 2026-006194;REQ;DATOS;PBARDALES;11_Reunion Interna DEV;25/02/2026;01:00:00;Cerrada
;INC 2026-008418;EXP;SIC;PBARDALES;02_Analisis;25/02/2026;00:30:00;Cerrado
;INC 2026-001025;INC;SIC;PBARDALES;02_Analisis;25/02/2026;01:00:00;Cerrada
;REQ 2026-007262;REQ;SIC;PBARDALES;04_Desarrollo;25/02/2026;01:00:00;Cerrada
;REQ 2026-008548;EXP;SAP;PBARDALES;04_Desarrollo;25/02/2026;01:00:00;Cerrada
;REQ 2026-008587;REQ;SAP;PBARDALES;02_Analisis;25/02/2026;01:00:00;Cerrada
;REQ 2025-025667;REQ;APP/ WEB;CRODRIGUEZ;04_Desarrollo;26/02/2026;06:30:00;Cerrada
;REQ 2025-041027;REQ;AGENDA CITAS;CRODRIGUEZ;04_Desarrollo;26/02/2026;04:00:00;Cerrada
;REQ 2024-022552;PRY;MAC;JROSALES;02_Analisis;26/02/2026;02:00:00;Cerrada
;REQ 2026-003423;REQ;APP/ WEB;JROSALES;02_Analisis;26/02/2026;01:00:00;Cerrada
;REQ 2026-003423;REQ;APP/ WEB;JROSALES;02_Analisis;26/02/2026;01:00:00;Cerrada
;REQ 2025-037789;REQ;AGENDA CITAS;JROSALES;02_Analisis;26/02/2026;01:00:00;Cerrada
;REQ 2026-008670;EXP;APP/ WEB;JROSALES;02_Analisis;26/02/2026;00:40:00;Cerrada
;REQ 2026-003423;REQ;APP/ WEB;JROSALES;02_Analisis;26/02/2026;01:00:00;Cerrada
;INC 2026-008662;EXP;AGENDA CITAS;JROSALES;02_Analisis;26/02/2026;01:20:00;Cerrada
;INC 2026-008561;EXP;AGENDA CITAS;JROSALES;02_Analisis;26/02/2026;01:30:00;Cerrada
;INC 2026-008411;INC;APP/ WEB;JROSALES;02_Analisis;26/02/2026;00:45:00;Cerrada
;INC 2026-008535;INC;AGENDA CITAS;JROSALES;02_Analisis;26/02/2026;00:20:00;Cerrada
;REQ 2024-019667;REQ;SIC;AMOROMISATO;05_Pruebas Unitarias;26/02/2026;02:30:00;Cerrada
;REQ 2024-022552;PRY;MAC;AMOROMISATO;02_Analisis;26/02/2026;02:00:00;Cerrada
;REQ 2024-022552;PRY;MAC;AMOROMISATO;04_Desarrollo;26/02/2026;06:00:00;Cerrado
;INC 2026-008613;INC;SIC;JREBAZA;02_Analisis;26/02/2026;01:30:00;Cerrado
;INC 2026-008626;INC;SIC;JREBAZA;02_Analisis;26/02/2026;01:00:00;Cerrado
;REQ 2026-007525;REQ;MAC;JREBAZA;02_Analisis;26/02/2026;00:40:00;Cerrado
;INC 2026-008585;INC;SAP;JREBAZA;02_Analisis;26/02/2026;00:40:00;Cerrado
;REQ 2026-007554;REQ;SIC;JREBAZA;04_Desarrollo;26/02/2026;03:00:00;Cerrado
;REQ 2026-007554;REQ;SIC;JREBAZA;04_Desarrollo;26/02/2026;03:20:00;Cerrada
;REQ 2026-002773;REQ;MAC;RGREY;04_Desarrollo;26/02/2026;04:00:00;Cerrada
;REQ 2025-041033;REQ;HIS;RGREY;04_Desarrollo;26/02/2026;03:30:00;Cerrada
;REQ 2024-023822;PRY;HCE UNIFICADA;RGREY;02_Analisis;26/02/2026;02:00:00;Cerrada
;REQ 2026-007442;REQ;PORTAL PROVEEDORES;JGUILLEN;04_Desarrollo;26/02/2026;10:30:00;Cerrada
;REQ 2026-008463;REQ;SIC;YSUYCO;02_Analisis;26/02/2026;01:00:00;Cerrada
;INC 2026-008423;INC;SIC;YSUYCO;02_Analisis;26/02/2026;01:30:00;Cerrada
;INC 2026-006885;EXP;SIC;YSUYCO;02_Analisis;26/02/2026;03:00:00;Cerrada
;INC 2026-008655;EXP;SIC;YSUYCO;02_Analisis;26/02/2026;01:00:00;Cerrada
;INC 2026-008654;EXP;SIC;YSUYCO;02_Analisis;26/02/2026;01:00:00;Cerrada
;INC 2026-008556;EXP;SIC;YSUYCO;02_Analisis;26/02/2026;02:00:00;Cerrada
;REQ 2026-008589;REQ;SAP;FPINEDO;01_Reunion de Entendimiento;26/02/2026;01:00:00;Cerrada
;REQ 2026-008589;REQ;SAP;FPINEDO;04_Desarrollo;26/02/2026;03:00:00;Cerrada
;REQ 2026-007421;REQ;SIRI;FPINEDO;04_Desarrollo;26/02/2026;05:00:00;Cerrada
;REQ 2024-023822;PRY;HCE UNIFICADA;FPINEDO;01_Reunion de Entendimiento;26/02/2026;01:00:00;Cerrada
;REQ 2024-002604;REQ;SIC;FPINEDO;04_Desarrollo;26/02/2026;02:00:00;Cerrada
;REQ 2025-019667;REQ;SIC;PBARDALES;04_Desarrollo;26/02/2026;03:00:00;Cerrada
;REQ 2026-006194;REQ;DATOS;PBARDALES;04_Desarrollo;26/02/2026;02:00:00;Cerrada
;REQ 2026-008570;REQ;SAP;PBARDALES;02_Analisis;26/02/2026;00:40:00;Cerrada
;REQ 2026-008569;REQ;SAP;PBARDALES;04_Desarrollo;26/02/2026;00:40:00;Cerrada
;INC 2026-008703;INC;SAP;PBARDALES;19_Reunion Proveedores;26/02/2026;01:30:00;Cerrada
;REQ 2026-008631;REQ;SAP;PBARDALES;02_Analisis;26/02/2026;00:40:00;Cerrada
;INC 2026-008556;EXP;SIC;PBARDALES;02_Analisis;26/02/2026;01:20:00;Cerrada
;REQ 2026-003423;REQ;APP/ WEB;JROSALES;02_Analisis;27/02/2026;02:30:00;Cerrada
;INC 2026-008851;EXP;AGENDA CITAS;JROSALES;02_Analisis;27/02/2026;01:30:00;Cerrada
;INC 2026-008747;INC;APP/ WEB;JROSALES;02_Analisis;27/02/2026;00:50:00;Cerrada
;REQ 2026-008709;REQ;SIC;JROSALES;02_Analisis;27/02/2026;01:30:00;Cerrada
;INC 2026-008557;INC;APP/ WEB;JROSALES;02_Analisis;27/02/2026;00:50:00;Cerrada
;REQ 2026-008652;REQ;APP/ WEB;JROSALES;02_Analisis;27/02/2026;01:00:00;Cerrada
;INC 2026-008649;INC;APP/ WEB;JROSALES;02_Analisis;27/02/2026;01:20:00;Cerrado
;REQ 2026-003423;REQ;APP/ WEB;JROSALES;02_Analisis;27/02/2026;01:00:00;Cerrada
;REQ 2025-025667;REQ;APP/ WEB;CRODRIGUEZ;04_Desarrollo;27/02/2026;08:00:00;Cerrada
;REQ 2024-022552;PRY;MAC;CRODRIGUEZ;04_Desarrollo;27/02/2026;03:00:00;Cerrada
;REQ 2024-019667;REQ;SIC;AMOROMISATO;07_Documentación;27/02/2026;01:30:00;Cerrada
;REQ 2024-022552;PRY;MAC;AMOROMISATO;02_Analisis;27/02/2026;08:00:00;Cerrada
;REQ 2024-022552;PRY;MAC;AMOROMISATO;15_Acompañamiento SD;27/02/2026;01:00:00;Cerrada
;REQ 2026-008776;REQ;MAC;JREBAZA;02_Analisis;27/02/2026;00:30:00;Cerrada
;INC 2026-008782;INC;SIC;JREBAZA;02_Analisis;27/02/2026;00:50:00;Cerrada
;REQ 2026-008722;REQ;SIC;JREBAZA;02_Analisis;27/02/2026;00:50:00;Cerrada
;REQ 2026-008718;REQ;SIC;JREBAZA;02_Analisis;27/02/2026;00:50:00;Cerrada
;REQ 2026-008714;REQ;SIC;JREBAZA;02_Analisis;27/02/2026;00:50:00;Cerrada
;REQ 2026-008618;REQ;MAC;JREBAZA;02_Analisis;27/02/2026;00:30:00;Cerrada
;REQ 2026-008788;REQ;MAC;JREBAZA;02_Analisis;27/02/2026;00:30:00;Cerrada
;INC 2026-008807;INC;AGENDA CITAS;JREBAZA;02_Analisis;27/02/2026;00:40:00;Cerrada
;INC 2026-008798;INC;SIC;JREBAZA;02_Analisis;27/02/2026;00:50:00;Cerrada
;INC 2026-008838;INC;SIC;JREBAZA;02_Analisis;27/02/2026;00:40:00;Cerrada
;INC 2026-008843;INC;SIC;JREBAZA;02_Analisis;27/02/2026;00:40:00;Cerrada
;REQ 2024-022552;PRY;MAC;JREBAZA;11_Reunion Interna DEV;27/02/2026;05:30:00;Cerrada
;INC 2026-006678;INC;SIC;YSUYCO;01_Reunion de Entendimiento;27/02/2026;03:30:00;Cerrada
;REQ 2026-008863;EXP;SIC;YSUYCO;02_Analisis;27/02/2026;03:00:00;Cerrada
;INC 2026-006724;EXP;SIC;YSUYCO;02_Analisis;27/02/2026;03:00:00;Cerrada
;REQ 2026-007421;REQ;SIRI;FPINEDO;04_Desarrollo;27/02/2026;10:30:00;Cerrada
;REQ 2024-022552;PRY;MAC;FPINEDO;09_Acompañamiento QA;27/02/2026;05:30:00;Cerrada
;REQ 2026-006194;REQ;DATOS;PBARDALES;04_Desarrollo;27/02/2026;02:00:00;Cerrada
;REQ 2024-022552;PRY;MAC;PBARDALES;02_Analisis;27/02/2026;04:30:00;Cerrada
;INC 2026-008850;EXP;SAP;PBARDALES;04_Desarrollo;27/02/2026;01:00:00;Cerrada
;REQ 2026-008895;EXP;SAP;PBARDALES;04_Desarrollo;27/02/2026;00:40:00;Cerrada
;REQ 2026-008936;REQ;SIC;PBARDALES;02_Analisis;27/02/2026;00:30:00;Cerrada
;INC 2026-008830;EXP;SAP;PBARDALES;04_Desarrollo;27/02/2026;00:30:00;Cerrada
;REQ 2026-008570;REQ;SAP;PBARDALES;02_Analisis;27/02/2026;00:30:00;Cerrada
;INC 2026-008830;EXP;SAP;PBARDALES;02_Analisis;27/02/2026;00:40:00;Cerrada
;REQ 2026-008733;EXP;SAP;PBARDALES;04_Desarrollo;27/02/2026;00:40:00;Cerrada
;REQ 2026-008787;EXP;SAP;PBARDALES;04_Desarrollo;27/02/2026;00:40:00;Cerrada
;REQ 2026-002773;REQ;MAC;RGREY;04_Desarrollo;27/02/2026;09:30:00;Cerrada
;REQ 2026-007442;REQ;PORTAL PROVEEDORES;JGUILLEN;07_Documentación;27/02/2026;08:30:00;Cerrada
;REQ 2025-025454;REQ;SIC;JGUILLEN;04_Desarrollo;27/02/2026;02:00:00;Cerrada
;REQ 2025-025667;REQ;APP/ WEB;CRODRIGUEZ;04_Desarrollo;02/03/2026;09:00:00;Cerrada
;REQ 2026-001664;REQ;HCE;CRODRIGUEZ;01_Reunion de Entendimiento;02/03/2026;00:30:00;Cerrada
;REQ 2026-009032;REQ;APP/ WEB;JROSALES;02_Analisis;02/03/2026;01:45:00;Cerrada
;INC 2026-009117;INC;AGENDA CITAS;JROSALES;02_Analisis;02/03/2026;01:00:00;Cerrada
;INC 2026-008859;INC;APP/ WEB;JROSALES;02_Analisis;02/03/2026;00:45:00;Cerrada
;INC 2026-008764;INC;APP/ WEB;JROSALES;02_Analisis;02/03/2026;00:45:00;Cerrada
;INC 2026-008658;INC;APP/ WEB;JROSALES;02_Analisis;02/03/2026;00:45:00;Cerrada
;INC 2026-009704;INC;APP/ WEB;JROSALES;02_Analisis;02/03/2026;00:45:00;Cerrada
;INC 2026-008979;INC;APP/ WEB;JROSALES;02_Analisis;02/03/2026;00:45:00;Cerrada
;INC 2026-008726;INC;APP/ WEB;JROSALES;02_Analisis;02/03/2026;00:45:00;Cerrada
;INC 2026-008724;INC;APP/ WEB;JROSALES;02_Analisis;02/03/2026;00:45:00;Cerrada
;INC 2026-008711;INC;APP/ WEB;JROSALES;02_Analisis;02/03/2026;01:00:00;Cerrada
;REQ 2026-007717;REQ;HCE;AMOROMISATO;01_Reunion de Entendimiento;02/03/2026;00:30:00;Cerrada
;REQ 2026-007717;REQ;HCE;AMOROMISATO;02_Analisis;02/03/2026;01:00:00;Cerrada
;REQ 2026-007717;REQ;HCE;AMOROMISATO;03_Estimación de Actividades;02/03/2026;00:30:00;Cerrada
;REQ 2026-007717;REQ;HCE;AMOROMISATO;04_Desarrollo;02/03/2026;07:00:00;Cerrada
;REQ 2025-036992;REQ;HCE;FPINEDO;01_Reunion de Entendimiento;02/03/2026;00:30:00;Cerrada
;REQ 2026-007420;REQ;SIRI;FPINEDO;01_Reunion de Entendimiento;02/03/2026;00:30:00;Cerrada
;REQ 2025-036927;EXP;SIC;FPINEDO;01_Reunion de Entendimiento;02/03/2026;00:30:00;Cerrada
;REQ 2024-002604;REQ;SIC;FPINEDO;01_Reunion de Entendimiento;02/03/2026;00:30:00;Cerrado
;REQ 2026-004648;REQ;SIC;FGONZALES;02_Analisis;02/03/2026;00:30:00;Cerrada
;REQ 2026-006683;REQ;SIC;FGONZALES;02_Analisis;02/03/2026;00:15:00;Cerrada
;INC 2026-008922;INC;SIC;JREBAZA;02_Analisis;02/03/2026;00:50:00;Cerrada
;REQ 2026-008913;REQ;SIC;JREBAZA;02_Analisis;02/03/2026;00:40:00;Cerrada
;REQ 2026-008481;REQ;MAC;JREBAZA;02_Analisis;02/03/2026;00:40:00;Cerrada
;REQ 2026-008676;REQ;SIC;JREBAZA;02_Analisis;02/03/2026;00:30:00;Cerrada
;REQ 2026-009035;REQ;DATOS;JREBAZA;02_Analisis;02/03/2026;00:30:00;Cerrada
;INC 2026-008845;INC;SIC;JREBAZA;02_Analisis;02/03/2026;00:50:00;Cerrada
;REQ 2026-008853;EXP;SIC;JREBAZA;02_Analisis;02/03/2026;00:40:00;Cerrada
;REQ 2026-009088;EXP;SIC;JREBAZA;02_Analizado;02/03/2026;00:40:00;Cerrada
;INC 2026-009028;EXP;SIC;JREBAZA;02_Analisis;02/03/2026;00:40:00;Cerrada
;INC 2026-008927;EXP;SIC;JREBAZA;02_Analisis;02/03/2026;00:40:00;Cerrada
;REQ 2026-008868;EXP;SIC;JREBAZA;02_Analisis;02/03/2026;00:40:00;Cerrada
;INC 2026-009046;INC;SAP;PBARDALES;02_Analisis;02/03/2026;00:40:00;Cerrada
;INC 2026-009002;INC;SIC;PBARDALES;02_Analisis;02/03/2026;00:20:00;Cerrada
;INC 2026-007363;INC;SIC;YSUYCO;02_Analisis;02/03/2026;01:00:00;Cerrada
;INC 2026-006724;EXP;SIC;YSUYCO;02_Analizado;02/03/2026;02:00:00;Cerrada
;REQ 2026-007501;REQ;SIC;YSUYCO;02_Analisis;02/03/2026;01:30:00;Cerrada
;INC 2026-008840;INC;SIC;YSUYCO;02_Analisis;02/03/2026;02:00:00;Cerrada
;REQ 2026-009072;REQ;SIC;YSUYCO;02_Analisis;02/03/2026;01:30:00;Cerrada
;INC 2026-009090;INC;SIC;YSUYCO;02_Analisis;02/03/2026;01:30:00;Cerrada
;INC 2026-008933;INC;HIS;PBARDALES;02_Analisis;02/03/2026;00:30:00;Cerrada
;REQ 2025-012665;REQ;SIC;JREBAZA;02_Analisis;02/03/2026;02:30:00;Cerrada
;INC 2026-009116;EXP;SIC;JREBAZA;02_Analisis;02/03/2026;00:30:00;Cerrada
;REQ 2025-025454;REQ;SIC;JGUILLEN;04_Desarrollo;02/03/2026;06:00:00;Cerrada
;REQ 2026-002397;REQ;HCE;RGREY;04_Desarrollo;02/03/2026;09:30:00;Cerrada
;REQ 2026-009086;REQ;SAP;PBARDALES;04_Desarrollo;02/03/2026;00:40:00;Cerrada
;REQ 2026-008787;EXP;SAP;PBARDALES;04_Desarrollo;02/03/2026;00:40:00;Cerrada
;REQ 2025-019667;REQ;SIC;PBARDALES;04_Desarrollo;02/03/2026;03:30:00;Cerrada
;REQ 2026-008954;EXP;SAP;PBARDALES;04_Desarrollo;02/03/2026;02:00:00;Cerrada
;REQ 2026-007420;REQ;SIRI;FPINEDO;04_Desarrollo;02/03/2026;06:00:00;Cerrada
;REQ 2026-008855;EXP;SAP;PBARDALES;04_Desarrollo;02/03/2026;00:40:00;Cerrada
;REQ 2025-025454;REQ;SIC;JGUILLEN;04_Desarrollo;02/03/2026;03:30:00;Cerrada
;REQ 2025-007426;REQ;HCE;FGONZALES;05_Pruebas Unitarias;02/03/2026;02:00:00;Cerrada
;REQ 2026-007421;REQ;SIRI;FPINEDO;07_Documentación;02/03/2026;02:00:00;Cerrada
;REQ 2026-005893;REQ;SIC;FGONZALES;09_Acompañamiento QA;02/03/2026;01:00:00;Cerrada
;REQ 2026-008589;REQ;SAP;FGONZALES;11_Reunion Interna DEV;02/03/2026;00:30:00;Cerrada
;REQ 2025-025667;REQ;APP/ WEB;CRODRIGUEZ;04_Desarrollo;03/03/2026;06:00:00;Cerrada
;REQ 2026-005925;REQ;APP/ WEB;JROSALES;11_Reunion Interna DEV;03/21/2026;00:45:00;Cerrada
;REQ 2026-005925;REQ;APP/ WEB;JROSALES;11_Reunion Interna DEV;03/03/2026;01:00:00;Cerrada
;REQ 2026-001281;REQ;APP/ WEB;JROSALES;19_Reunion Proveedores;03/03/2026;01:00:00;Cerrada
;REQ 2026-005930;REQ;APP/ WEB;JROSALES;01_Reunion de Entendimiento;03/03/2026;00:30:00;Cerrada
;REQ 2026-005925;REQ;APP/ WEB;JROSALES;02_Analisis;03/03/2026;02:00:00;Cerrada
;REQ 2026-005925;REQ;APP/ WEB;JROSALES;02_Analisis;03/03/2026;02:00:00;Cerrada
;REQ 2026-001281;REQ;APP/ WEB;JROSALES;02_Analizado;03/03/2026;01:45:00;Cerrado
;REQ 2026-007717;REQ;HCE;AMOROMISATO;05_Pruebas Unitarias;03/03/2026;08:00:00;Cerrado
;REQ 2026-004648;REQ;SIC;FGONZALES;01_Reunion de Entendimiento;03/03/2026;00:45:00;Cerrada
;REQ 2026-007313;REQ;HCE;FGONZALES;01_Reunion de Entendimiento;03/03/2026;00:30:00;Cerrada
;REQ 2026-009236;REQ;MAC;JREBAZA;02_Analisis;03/03/2026;01:30:00;Cerrada
;REQ 2026-000067;REQ;SIC;JREBAZA;02_Analisis;03/03/2026;01:10:00;Cerrada
;REQ 2026-009273;REQ;SIC;JREBAZA;02_Analisis;03/03/2026;00:30:00;Cerrada
;INC 2026-009294;INC;SIC;JREBAZA;02_Analisis;03/03/2026;00:40:00;Cerrada
;INC 2026-009280;INC;SIC;JREBAZA;02_Analisis;03/03/2026;00:40:00;Cerrada
;INC 2026-009230;INC;SIC;JREBAZA;02_Analisis;03/03/2026;00:40:00;Cerrada
;INC 2026-009223;INC;SIC;JREBAZA;02_Analisis;03/03/2026;00:40:00;Cerrada
;REQ 2026-009067;EXP;SIC;JREBAZA;02_Analisis;03/03/2026;00:30:00;Cerrada
;INC 2026-009260;INC;SIC;JREBAZA;02_Analisis;03/03/2026;00:40:00;Cerrada
;INC 2026-008980;EXP;AGENDA CITAS;JREBAZA;02_Analisis;03/03/2026;00:40:00;Cerrada
;REQ 2026-009226;EXP;PORTAL PROVEEDORES;JREBAZA;02_Analisis;03/03/2026;00:30:00;Cerrada
;INC 2026-009326;INC;SIC;JREBAZA;02_Analisis;03/03/2026;00:40:00;Cerrada
;INC 2026-009362;INC;SIC;JREBAZA;02_Analisis;03/03/2026;00:40:00;Cerrada
;INC 2026-009048;INC;SIC;JREBAZA;02_Analisis;03/03/2026;00:40:00;Cerrada
;INC 2026-008062;INC;SIC;YSUYCO;02_Analisis;03/03/2026;02:00:00;Cerrada
;INC 2026-008190;INC;SIC;YSUYCO;02_Analisis;03/03/2026;02:00:00;Cerrada
;INC 2026-008388;INC;SIC;YSUYCO;02_Analisis;03/03/2026;02:30:00;Cerrada
;INC 2026-008556;EXP;SIC;YSUYCO;02_Analisis;03/03/2026;03:00:00;Cerrada
;INC 2026-008498;INC;SIC;PBARDALES;02_Analisis;03/03/2026;00:30:00;Cerrada
;REQ 2025-019667;REQ;SIC;PBARDALES;02_Analisis;03/03/2026;03:30:00;Cerrada
;REQ 2025-025454;REQ;SIC;JGUILLEN;04_Desarrollo;03/03/2026;03:00:00;Cerrada
;REQ 2025-025291;REQ;SIC;JGUILLEN;04_Desarrollo;03/03/2026;07:00:00;Cerrada
;REQ 2026-008589;REQ;SAP;FPINEDO;04_Desarrollo;03/03/2026;05:00:00;Cerrada
;REQ 2026-007420;REQ;SIRI;FPINEDO;04_Desarrollo;03/03/2026;05:30:00;Cerrada
;REQ 2026-008275;EXP;SAP;PBARDALES;04_Desarrollo;03/03/2026;01:00:00;Cerrada
;REQ 2026-008995;REQ;SAP;PBARDALES;04_Desarrollo;03/21/2026;01:00:00;Cerrada
;REQ 2026-009127;EXP;SIC;PBARDALES;04_Desarrollo;03/03/2026;00:40:00;Cerrada
;REQ 2026-002397;REQ;HCE;RGREY;04_Desarrollo;03/03/2026;02:00:00;Cerrada
;REQ 2025-008093;REQ;HCE;RGREY;04_Desarrollo;03/03/2026;08:00:00;Cerrada
;REQ 2026-005893;REQ;SIC;FGONZALES;07_Documentación;03/03/2026;00:15:00;Cerrada
;REQ 2026-000614;REQ;SIC;FGONZALES;07_Documentación;03/03/2026;00:30:00;Cerrada
;REQ 2025-007426;REQ;HCE;FGONZALES;09_Acompañamiento QA;03/03/2026;02:00:00;Cerrada
;REQ 2025-007426;REQ;HCE;FGONZALES;15_Acompañamiento SD;03/03/2026;01:30:00;Cerrada
;REQ 2026-009283;REQ;SAP;PBARDALES;19_Reunion Proveedores;03/03/2026;01:30:00;Cerrada
;REQ 2025-025667;REQ;APP/ WEB;CRODRIGUEZ;04_Desarrollo;04/03/2026;09:00:00;Cerrada
;INC 2026-009404;INC;APP/ WEB;JROSALES;02_Analisis;04/03/2026;01:20:00;Cerrada
;INC 2026-009440;INC;APP/ WEB;JROSALES;02_Analisis;04/03/2026;01:20:00;Cerrada
;INC 2026-009299;INC;APP/ WEB;JROSALES;02_Analisis;04/03/2026;01:20:00;Cerrada
;INC 2026-009400;INC;APP/ WEB;JROSALES;02_Analisis;04/03/2026;01:20:00;Cerrada
;INC 2026-009427;INC;AGENDA CITAS;JROSALES;02_Analisis;04/03/2026;00:45:00;Cerrada
;REQ 2026-001281;REQ;APP/ WEB;JROSALES;02_Analisis;04/03/2026;03:00:00;Cerrada
;REQ 2025-036965;REQ;AGENDA CITAS;AMOROMISATO;02_Analisis;04/03/2026;01:00:00;Cerrada
;REQ 2026-007717;REQ;HCE;AMOROMISATO;07_Documentación;04/03/2026;08:00:00;Cerrada
;INC 2026-009445;INC;SIC;PBARDALES;01_Reunion de Entendimiento;04/03/2026;01:00:00;Cerrada
;REQ 2026-008708;EXP;SIC;JREBAZA;02_Analisis;04/03/2026;01:00:00;Cerrada
;REQ 2026-008481;REQ;MAC;JREBAZA;02_Analisis;04/03/2026;00:50:00;Cerrado
;INC 2026-009470;INC;SIC;JREBAZA;02_Analisis;04/03/2026;01:00:00;Cerrado
;REQ 2026-009528;REQ;SIC;JREBAZA;02_Analisis;04/03/2026;00:40:00;Cerrada
;REQ 2026-006682;REQ;SIC;JREBAZA;02_Analisis;04/03/2026;01:00:00;Cerrada
;REQ 2026-009444;REQ;SIC;JREBAZA;02_Analisis;04/03/2026;01:00:00;Cerrada
;INC 2026-009539;INC;SIC;JREBAZA;02_Analisis;04/03/2026;00:50:00;Cerrada
;REQ 2026-006683;REQ;SIC;FGONZALES;02_Analisis;04/03/2026;02:00:00;Cerrada
;REQ 2026-008650;EXP;SIC;YSUYCO;02_Analisis;04/03/2026;04:00:00;Cerrada
;REQ 2026-008884;REQ;SIC;YSUYCO;02_Analisis;04/03/2026;01:00:00;Cerrada
;INC 2026-008423;INC;SIC;YSUYCO;02_Analisis;04/03/2026;03:00:00;Cerrada
;INC 2026-009556;INC;SIC;YSUYCO;02_Analisis;04/03/2026;01:00:00;Cerrada
;INC 2026-009090;INC;SIC;YSUYCO;02_Analisis;04/03/2026;00:30:00;Cerrada
;REQ 2026-009353;REQ;SAP;PBARDALES;02_Analisis;04/03/2026;00:40:00;Cerrada
;INC 2026-009351;INC;SAP;PBARDALES;02_Analisis;04/03/2026;00:10:00;Cerrada
;REQ 2026-008416;REQ;SIC;PBARDALES;02_Analisis;04/03/2026;00:40:00;Cerrada
;INC 2026-009396;EXP;SIC;PBARDALES;02_Analisis;04/03/2026;01:30:00;Cerrada
;REQ 2026-009089;REQ;SAP;PBARDALES;02_Analisis;04/03/2026;00:40:00;Cerrado
;REQ 2025-044790;REQ;SIC;FGONZALES;04_Desarrollo;04/03/2026;03:00:00;Cerrada
;REQ 2026-001435;REQ;HIS;JREBAZA;04_Desarrollo;04/03/2026;02:00:00;Cerrada
;REQ 2026-001435;REQ;HIS;JREBAZA;04_Desarrollo;04/03/2026;02:00:00;Cerrada
;REQ 2025-022343;REQ;SIC;FGONZALES;04_Desarrollo;04/03/2026;01:00:00;Cerrada
;REQ 2026-006683;REQ;SIC;FGONZALES;04_Desarrollo;04/03/2026;02:00:00;Cerrada
;REQ 2026-001732;REQ;HCE;JGUILLEN;04_Desarrollo;04/03/2026;04:00:00;Cerrada
;REQ 2025-008093;REQ;HCE;RGREY;04_Desarrollo;04/03/2026;11:00:00;Cerrada
;REQ 2026-007420;REQ;SIRI;FPINEDO;04_Desarrollo;04/03/2026;07:00:00;Cerrada
;REQ 2026-008589;REQ;SAP;FPINEDO;04_Desarrollo;04/03/2026;02:30:00;Cerrada
;REQ 2026-000067;REQ;SIC;JGUILLEN;04_Desarrollo;04/03/2026;05:30:00;Cerrada
;INC 2026-008968;EXP;SIC;PBARDALES;04_Desarrollo;04/03/2026;01:00:00;Cerrada
;REQ 2026-009286;REQ;SAP;PBARDALES;04_Desarrollo;04/03/2026;00:40:00;Cerrada
;REQ 2025-020052;REQ;SAP;PBARDALES;04_Desarrollo;04/03/2026;03:30:00;Cerrada
;REQ 2026-009483;REQ;DATOS;FGONZALES;11_Reunion Interna DEV;04/03/2026;00:30:00;Cerrada
;REQ 2025-025667;REQ;APP/ WEB;CRODRIGUEZ;04_Desarrollo;05/03/2026;09:30:00;Cerrada
;REQ 2025-036965;REQ;AGENDA CITAS;AMOROMISATO;03_Estimación de Actividades;05/03/2026;01:30:00;Cerrada
;REQ 2025-020782;REQ;SIC;AMOROMISATO;07_Documentación;05/03/2026;04:00:00;Cerrada
;REQ 2025-020782;REQ;SIC;AMOROMISATO;07_Documentación;05/03/2026;04:00:00;Cerrada
;REQ 2026-003156;REQ;APP/ WEB;JROSALES;02_Analisis;05/03/2026;04:00:00;Cerrada
;REQ 2026-003156;REQ;APP/ WEB;JROSALES;05_Pruebas Unitarias;05/03/2026;02:00:00;Cerrada
;INC 2026-009367;INC;APP/ WEB;JROSALES;02_Analisis;05/03/2026;00:45:00;Cerrada
;REQ 2026-009600;REQ;APP/ WEB;JROSALES;02_Analisis;05/03/2026;00:45:00;Cerrada
;INC 2026-009602;INC;APP/ WEB;JROSALES;02_Analisis;05/03/2026;01:00:00;Cerrada
;INC 2026-009193;INC;APP/ WEB;JROSALES;02_Analisis;05/03/2026;01:00:00;Cerrada
;REQ 2026-009341;REQ;SIC;FGONZALES;01_Reunion de Entendimiento;05/03/2026;00:30:00;Cerrada
;REQ 2026-009652;REQ;PORTAL PROVEEDORES;PBARDALES;01_Reunion de Entendimiento;05/03/2026;01:00:00;Cerrada
;REQ 2026-009456;REQ;MAC;JREBAZA;02_Analisis;05/03/2026;00:20:00;Cerrada
;REQ 2026-009610;REQ;SIC;JREBAZA;02_Analisis;05/03/2026;00:30:00;Cerrada
;REQ 2026-009631;REQ;SIC;JREBAZA;02_Analisis;05/03/2026;00:40:00;Cerrada
;REQ 2026-009668;REQ;MAC;JREBAZA;02_Analisis;05/03/2026;00:20:00;Cerrada
;INC 2026-009613;INC;SIC;JREBAZA;02_Analisis;05/03/2026;00:40:00;Cerrada
;INC 2026-009495;INC;SIC;JREBAZA;02_Analisis;05/03/2026;00:40:00;Cerrado
;INC 2026-009676;INC;SIC;JREBAZA;02_Analisis;05/03/2026;00:40:00;Cerrado
;REQ 2026-009696;REQ;MAC;JREBAZA;02_Analisis;05/03/2026;00:40:00;Cerrada
;INC 2026-009727;INC;SIC;JREBAZA;02_Analisis;05/03/2026;00:40:00;Cerrada
;INC 2026-009727;INC;SIC;JREBAZA;02_Analisis;05/03/2026;00:40:00;Cerrada
;INC 2026-009700;INC;SIC;JREBAZA;02_Analisis;05/03/2026;00:40:00;Cerrada
;REQ 2026-009750;REQ;SIC;JREBAZA;02_Analisis;05/03/2026;00:20:00;Cerrada
;REQ 2026-009103;REQ;MAC;JREBAZA;02_Analisis;05/03/2026;00:20:00;Cerrada
;REQ 2026-009295;REQ;SIC;JREBAZA;02_Analisis;05/03/2026;00:20:00;Cerrada
;REQ 2026-009691;EXP;SIC;JREBAZA;02_Analisis;05/03/2026;00:40:00;Cerrada
;REQ 2026-009665;EXP;SIC;JREBAZA;02_Analisis;05/03/2026;00:30:00;Cerrada
;REQ 2026-009687;EXP;SIC;JREBAZA;02_Analisis;05/03/2026;00:40:00;Cerrada
;REQ 2026-009569;EXP;SIC;JREBAZA;02_Analisis;05/03/2026;00:30:00;Cerrada
;INC 2026-009540;EXP;SIC;YSUYCO;02_Analisis;05/03/2026;03:00:00;Cerrada
;INC 2026-009397;EXP;HCE;YSUYCO;02_Analisis;05/03/2026;02:00:00;Cerrada
;INC 2026-009706;EXP;HCE;YSUYCO;02_Analisis;05/03/2026;01:00:00;Cerrada
;INC 2026-009702;INC;SIC;YSUYCO;02_Analisis;05/03/2026;01:00:00;Cerrada
;INC 2026-009755;INC;SIC;YSUYCO;02_Analisis;05/03/2026;02:30:00;Cerrada
;INC 2026-008916;INC;SIC;PBARDALES;02_Analisis;05/03/2026;00:30:00;Cerrada
;REQ 2026-008793;REQ;SIC;PBARDALES;02_Analisis;05/03/2026;00:20:00;Cerrada
;REQ 2026-008854;REQ;SIL;PBARDALES;02_Analisis;05/03/2026;00:20:00;Cerrada
;REQ 2026-009483;REQ;DATOS;FGONZALES;04_Desarrollo;05/03/2026;01:00:00;Cerrada
;REQ 2026-009341;REQ;SIC;FGONZALES;04_Desarrollo;05/03/2026;06:00:00;Cerrada
;REQ 2025-020052;REQ;SAP;PBARDALES;04_Desarrollo;05/03/2026;03:30:00;Cerrada
;INC 2026-009099;INC;SIC;PBARDALES;04_Desarrollo;05/03/2026;00:30:00;Cerrada
;INC 2026-009347;EXP;SAP;PBARDALES;04_Desarrollo;05/03/2026;01:00:00;Cerrada
;INC 2026-009445;INC;SIC;PBARDALES;04_Desarrollo;05/03/2026;02:30:00;Cerrada
;REQ 2025-000692;REQ;HCE;FPINEDO;04_Desarrollo;05/03/2026;08:00:00;Cerrada
;REQ 2026-000067;REQ;SIC;JGUILLEN;04_Desarrollo;05/03/2026;09:00:00;Cerrado
;REQ 2025-008093;REQ;HCE;RGREY;04_Desarrollo;05/03/2026;09:30:00;Cerrada
;REQ 2026-008589;REQ;SAP;FPINEDO;07_Documentación;05/03/2026;01:30:00;Cerrada
;REQ 2025-007426;REQ;HCE;FGONZALES;09_Acompañamiento QA;05/03/2026;01:00:00;Cerrada
;REQ 2025-025667;REQ;APP/ WEB;CRODRIGUEZ;04_Desarrollo;06/03/2026;09:30:00;Cerrada
;REQ 2025-020782;REQ;SIC;AMOROMISATO;09_Acompañamiento QA;06/03/2026;02:00:00;Cerrada
;REQ 2025-020782;REQ;SIC;AMOROMISATO;07_Documentación;06/03/2026;02:00:00;Cerrada
;REQ 2025-036965;REQ;AGENDA CITAS;AMOROMISATO;02_Analisis;06/03/2026;01:30:00;Cerrada
;REQ 2025-036965;REQ;AGENDA CITAS;AMOROMISATO;04_Desarrollo;06/03/2026;04:00:00;Cerrada
;INC 2026-009537;EXP;APP/ WEB;JROSALES;02_Analisis;06/03/2026;01:30:00;Cerrada
;INC 2026-008859;INC;APP/ WEB;JROSALES;02_Analisis;06/03/2026;01:30:00;Cerrada
;REQ 2026-003156;REQ;APP/ WEB;JROSALES;02_Analisis;06/03/2026;04:00:00;Cerrada
;REQ 2026-005930;REQ;APP/ WEB;JROSALES;02_Analisis;06/03/2026;02:30:00;Cerrada
;REQ 2026-009893;REQ;SIC;FGONZALES;01_Reunion de Entendimiento;06/03/2026;00:30:00;Cerrada
;REQ 2026-009893;REQ;SIC;FGONZALES;02_Analisis;06/03/2026;01:00:00;Cerrada
;REQ 2026-009819;EXP;SIC;YSUYCO;02_Analisis;06/03/2026;01:00:00;Cerrada
;INC 2026-008423;INC;SIC;YSUYCO;02_Analisis;06/03/2026;03:00:00;Cerrada
;INC 2026-009180;INC;SIC;YSUYCO;02_Analisis;06/03/2026;03:30:00;Cerrada
;INC 2026-009950;EXP;SIC;YSUYCO;02_Analisis;06/03/2026;02:00:00;Cerrada
;INC 2026-009041;INC;SAP;PBARDALES;02_Analisis;06/03/2026;00:40:00;Cerrada
;INC 2026-009884;INC;SIC;JREBAZA;02_Analisis;06/03/2026;01:00:00;Cerrada
;INC 2026-009875;INC;SIC;JREBAZA;02_Analisis;06/03/2026;01:00:00;Cerrada
;INC 2026-009900;INC;SIC;JREBAZA;02_Analisis;06/03/2026;00:40:00;Cerrada
;REQ 2026-009615;REQ;SAP;PBARDALES;04_Desarrollo;06/03/2026;01:30:00;Cerrada
;REQ 2025-012665;REQ;SIC;JREBAZA;04_Desarrollo;06/03/2026;06:20:00;Cerrada
;REQ 2026-000067;REQ;SIC;JGUILLEN;04_Desarrollo;06/03/2026;05:00:00;Cerrado
;REQ 2026-009328;REQ;PORTAL PROVEEDORES;JGUILLEN;04_Desarrollo;06/03/2026;05:00:00;Cerrada
;REQ 2025-008093;REQ;HCE;RGREY;04_Desarrollo;06/03/2026;09:30:00;Cerrada
;REQ 2025-000692;REQ;HCE;FPINEDO;04_Desarrollo;06/03/2026;08:30:00;Cerrada
;REQ 2025-020052;REQ;SAP;PBARDALES;04_Desarrollo;06/03/2026;03:00:00;Cerrada
;REQ 2026-009861;REQ;SAP;PBARDALES;04_Desarrollo;06/03/2026;01:30:00;Cerrada
;REQ 2026-009615;REQ;SAP;PBARDALES;04_Desarrollo;06/03/2026;01:30:00;Cerrada
;REQ 2026-009893;REQ;SIC;FGONZALES;04_Desarrollo;06/03/2026;03:00:00;Cerrada
;REQ 2026-009341;REQ;SIC;FGONZALES;06_Pruebas Usuario Final;06/03/2026;00:30:00;Cerrada
;REQ 2026-009341;REQ;SIC;FGONZALES;07_Documentación;06/03/2026;02:00:00;Cerrada
;REQ 2025-007426;REQ;HCE;FGONZALES;09_Acompañamiento QA;06/03/2026;00:15:00;Cerrada
;REQ 2025-017900;REQ;SIC;JREBAZA;11_Reunion Interna DEV;06/03/2026;01:00:00;Cerrada
;REQ 2025-017900;REQ;SIC;PBARDALES;11_Reunion Interna DEV;06/03/2026;01:00:00;Cerrada
;REQ 2026-009652;REQ;PORTAL PROVEEDORES;PBARDALES;15_Acompañamiento SD;06/03/2026;01:00:00;Cerrada
;REQ 2024-014806;REQ;OTROS;RGREY;04_Desarrollo;07/03/2026;10:00:00;Cerrada
;REQ 2026-003156;REQ;APP/ WEB;JROSALES;02_Analisis;09/03/2026;06:00:00;Cerrada
;REQ 2026-010151;EXP;APP/ WEB;JROSALES;02_Analisis;09/03/2026;02:00:00;Cerrada
;REQ 2026-005930;REQ;APP/ WEB;JROSALES;02_Analisis;09/03/2026;01:00:00;Cerrada
;INC 2026-009789;INC;APP/ WEB;JROSALES;02_Analisis;09/03/2026;00:30:00;Cerrada
;INC 2026-009846;INC;APP/ WEB;JROSALES;02_Analisis;09/03/2026;01:00:00;Cerrada
;REQ 2025-025667;REQ;APP/ WEB;CRODRIGUEZ;04_Desarrollo;09/03/2026;09:30:00;Cerrada
;REQ 2025-036965;REQ;AGENDA CITAS;AMOROMISATO;04_Desarrollo;09/03/2026;09:30:00;Cerrada
;REQ 2024-023822;PRY;HCE UNIFICADA;FPINEDO;01_Reunion de Entendimiento;09/03/2026;01:00:00;Cerrada
;REQ 2025-023805;REQ;SIC;AGARCIA;01_Reunion de Entendimiento;09/03/2026;00:45:00;Cerrada
;REQ 2026-009615;REQ;SAP;PBARDALES;01_Reunion de Entendimiento;09/03/2026;01:00:00;Cerrada
;REQ 2026-008260;REQ;SIC;JGUILLEN;02_Analisis;09/03/2026;01:30:00;Cerrada
;INC 2026-010043;INC;SIC;JREBAZA;02_Analisis;09/03/2026;00:40:00;Cerrada
;INC 2026-010042;INC;SIC;JREBAZA;02_Analisis;09/03/2026;00:40:00;Cerrada
;INC 2026-009873;INC;SIC;JREBAZA;02_Analisis;09/03/2026;00:40:00;Cerrada
;INC 2026-009662;INC;SIC;JREBAZA;02_Analisis;09/03/2026;00:30:00;Cerrada
;INC 2026-010168;INC;SIC;JREBAZA;02_Analisis;09/03/2026;00:30:00;Cerrada
;REQ 2026-009311;REQ;MAC;JREBAZA;02_Analisis;09/03/2026;00:20:00;Cerrada
;REQ 2026-009981;REQ;SIC;JREBAZA;02_Analisis;09/03/2026;00:30:00;Cerrada
;INC 2026-008190;INC;SIC;JREBAZA;02_Analisis;09/03/2026;00:20:00;Cerrada
;REQ 2026-008354;REQ;SIC;JREBAZA;02_Analisis;09/03/2026;00:30:00;Cerrada
;REQ 2026-009363;REQ;MAC;JREBAZA;02_Analisis;09/03/2026;00:20:00;Cerrada
;REQ 2026-009693;REQ;SIC;JREBAZA;02_Analisis;09/03/2026;00:20:00;Cerrada
;REQ 2026-009956;EXP;SIC;JREBAZA;02_Analisis;09/03/2026;00:50:00;Cerrada
;REQ 2026-009985;EXP;SIC;JREBAZA;02_Analisis;09/03/2026;00:30:00;Cerrada
;REQ 2026-010254;REQ;MAC;JREBAZA;02_Analisis;09/03/2026;00:20:00;Cerrada
;REQ 2026-009023;REQ;SIC;TMACASSI;02_Analisis;09/03/2026;04:30:00;Cerrada
;INC 2026-008530;INC;SIC;FGONZALES;02_Analisis;09/03/2026;00:30:00;Cerrada
;INC 2026-008190;INC;SIC;FGONZALES;02_Analisis;09/03/2026;00:15:00;Cerrada
;REQ 2026-010257;REQ;SIC;TMACASSI;02_Analisis;09/03/2026;03:40:00;Cerrada
;REQ 2026-007701;REQ;SIC;AGARCIA;02_Analisis;09/03/2026;00:45:00;Cerrada
;INC 2026-010031;INC;SIC;YSUYCO;02_Analisis;09/03/2026;00:30:00;Cerrada
;INC 2026-008059;INC;SIC;YSUYCO;02_Analisis;09/03/2026;01:00:00;Cerrada
;REQ 2026-008354;REQ;SIC;YSUYCO;02_Analisis;09/03/2026;01:00:00;Cerrada
;INC 2026-008530;INC;SIC;YSUYCO;02_Analisis;09/03/2026;01:00:00;Cerrada
;REQ 2026-009077;REQ;SIC;YSUYCO;02_Analisis;09/03/2026;01:00:00;Cerrado
;INC 2026-009180;INC;SIC;YSUYCO;02_Analisis;09/03/2026;03:00:00;Cerrada
;REQ 2026-007701;REQ;SIC;YSUYCO;02_Analisis;09/03/2026;02:00:00;Cerrada
;INC 2026-008723;INC;SIC;AGARCIA;02_Analisis;09/03/2026;02:00:00;Cerrada
;INC 2026-009180;INC;SIC;AGARCIA;02_Analisis;09/03/2026;00:30:00;Cerrada
;REQ 2026-009038;REQ;SAP;PBARDALES;02_Analisis;09/03/2026;00:30:00;Cerrada
;INC 2026-009699;INC;SAP;PBARDALES;02_Analisis;09/03/2026;00:40:00;Cerrada
;INC 2026-010059;INC;SAP;PBARDALES;02_Analisis;09/03/2026;00:20:00;Cerrada
;INC 2026-010117;INC;PORTAL PROVEEDORES;PBARDALES;02_Analisis;09/03/2026;00:30:00;Cerrada
;REQ 2026-010128;EXP;PORTAL PROVEEDORES;JGUILLEN;04_Desarrollo;09/03/2026;02:00:00;Cerrada
;REQ 2025-012665;REQ;SIC;JREBAZA;04_Desarrollo;09/03/2026;03:00:00;Cerrada
;REQ 2026-010277;EXP;HCE;FGONZALES;04_Desarrollo;09/03/2026;00:30:00;Cerrada
;REQ 2026-004648;REQ;SIC;FGONZALES;04_Desarrollo;09/03/2026;00:30:00;Cerrada
;REQ 2026-000067;REQ;SIC;JGUILLEN;04_Desarrollo;09/03/2026;05:00:00;Cerrada
;REQ 2026-009328;REQ;PORTAL PROVEEDORES;JGUILLEN;04_Desarrollo;09/03/2026;01:00:00;Cerrada
;REQ 2026-009893;REQ;SIC;FGONZALES;04_Desarrollo;09/03/2026;03:30:00;Cerrada
;REQ 2024-023822;PRY;HCE UNIFICADA;FPINEDO;04_Desarrollo;09/03/2026;04:00:00;Cerrada
;REQ 2025-000692;REQ;HCE;FPINEDO;04_Desarrollo;09/03/2026;04:30:00;Cerrada
;REQ 2026-006730;REQ;SIC;AGARCIA;04_Desarrollo;09/03/2026;00:20:00;Cerrada
;REQ 2026-006810;REQ;SIC;AGARCIA;04_Desarrollo;09/03/2026;00:30:00;Cerrada
;REQ 2026-006812;REQ;SIC;AGARCIA;04_Desarrollo;09/03/2026;00:20:00;Cerrada
;REQ 2026-007251;REQ;SIC;AGARCIA;04_Desarrollo;09/03/2026;00:20:00;Cerrada
;REQ 2026-008469;REQ;SIC;AGARCIA;04_Desarrollo;09/03/2026;00:30:00;Cerrada
;REQ 2025-020052;REQ;SAP;PBARDALES;04_Desarrollo;09/03/2026;03:00:00;Cerrada
;INC 2026-008370;INC;SIC;PBARDALES;04_Desarrollo;09/03/2026;01:00:00;Cerrada
;REQ 2026-009888;EXP;SAP;PBARDALES;04_Desarrollo;09/03/2026;01:00:00;Cerrada
;REQ 2025-008093;REQ;HCE;RGREY;04_Desarrollo;09/03/2026;09:30:00;Cerrada
;REQ 2026-010277;EXP;HCE;FGONZALES;10_Acompañamiento PRD;09/03/2026;00:15:00;Cerrada
;REQ 2026-006194;REQ;DATOS;PBARDALES;11_Reunion Interna DEV;09/03/2026;01:30:00;Cerrada
;REQ 2026-010842;REQ;SIC;SRODRIGUEZ;11_Reunion Interna DEV;09/03/2026;09:30:00;Cerrada
;REQ 2026-006194;REQ;DATOS;TMACASSI;14_Seguimiento Requerimiento;09/03/2026;01:00:00;Cerrada
;INC 2026-010008;EXP;APP/ WEB;JROSALES;02_Analisis;10/03/2026;01:30:00;Cerrada
;INC 2026-009975;EXP;APP/ WEB;JROSALES;02_Analisis;10/03/2026;01:30:00;Cerrada
;INC 2026-010088;INC;APP/ WEB;JROSALES;02_Analisis;10/03/2026;01:20:00;Cerrada
;INC 2026-010001;INC;APP/ WEB;JROSALES;02_Analisis;10/03/2026;01:30:00;Cerrada
;INC 2026-010397;INC;APP/ WEB;JROSALES;02_Analisis;10/03/2026;00:45:00;Cerrada
;INC 2026-009537;EXP;APP/ WEB;JROSALES;02_Analisis;10/03/2026;01:20:00;Cerrada
;REQ 2025-025667;REQ;APP/ WEB;CRODRIGUEZ;04_Desarrollo;10/03/2026;09:00:00;Cerrada
;REQ 2025-036965;REQ;AGENDA CITAS;AMOROMISATO;04_Desarrollo;10/03/2026;09:30:00;Cerrada
;REQ 2026-010289;REQ;SIC;TMACASSI;01_Reunion de Entendimiento;10/03/2026;00:30:00;Cerrada
;REQ 2026-006683;REQ;SIC;FGONZALES;01_Reunion de Entendimiento;10/03/2026;00:30:00;Cerrada
;INC 2026-010099;INC;SIC;AGARCIA;01_Reunion de Entendimiento;10/03/2026;01:00:00;Cerrada
;INC 2026-010099;INC;SIC;PBARDALES;01_Reunion de Entendimiento;10/03/2026;01:00:00;Cerrada
;REQ 2026-010257;REQ;SIC;TMACASSI;02_Analisis;10/03/2026;02:50:00;Cerrada
;REQ 2026-009814;REQ;MAC;JREBAZA;02_Analisis;10/03/2026;00:20:00;Cerrada
;REQ 2026-009813;REQ;MAC;JREBAZA;02_Analisis;10/03/2026;00:20:00;Cerrada
;REQ 2026-010344;REQ;SIC;JREBAZA;02_Analisis;10/03/2026;00:40:00;Cerrada
;INC 2026-010407;INC;SIC;JREBAZA;02_Analisis;10/03/2026;00:30:00;Cerrada
;REQ 2026-009901;REQ;SIC;JREBAZA;02_Analisis;10/03/2026;00:30:00;Cerrada
;REQ 2026-009887;REQ;MAC;JREBAZA;02_Analisis;10/03/2026;00:20:00;Cerrada
;REQ 2026-009891;REQ;MAC;JREBAZA;02_Analisis;10/03/2026;00:20:00;Cerrado
;REQ 2026-010336;REQ;SIC;JREBAZA;02_Analisis;10/03/2026;00:50:00;Cerrada
;INC 2026-010429;INC;AGENDA CITAS;JREBAZA;02_Analisis;10/03/2026;00:30:00;Cerrada
;REQ 2026-010359;REQ;SIRI;JREBAZA;02_Analisis;10/03/2026;00:40:00;Cerrada
;REQ 2025-012665;REQ;SIC;JREBAZA;02_Analisis;10/03/2026;00:40:00;Cerrada
;REQ 2025-012665;REQ;SIC;JREBAZA;02_Analisis;10/03/2026;04:00:00;Cerrado
;INC 2026-010403;EXP;SIC;YSUYCO;02_Analisis;10/03/2026;01:30:00;Cerrado
;INC 2026-010445;EXP;SIC;YSUYCO;02_Analisis;10/03/2026;02:00:00;Cerrada
;INC 2026-010002;EXP;HIS;YSUYCO;02_Analisis;10/03/2026;03:00:00;Cerrada
;INC 2026-008723;INC;SIC;YSUYCO;02_Analisis;10/03/2026;03:00:00;Cerrada
;INC 2026-009180;INC;SIC;YSUYCO;02_Analisis;10/03/2026;00:30:00;Cerrada
;REQ 2024-023822;PRY;HCE UNIFICADA;FPINEDO;02_Analisis;10/03/2026;05:00:00;Cerrada
;REQ 2026-007614;REQ;SAP;PBARDALES;02_Analisis;10/03/2026;00:30:00;Cerrada
;REQ 2025-041033;REQ;HIS;RGREY;02_Analisis;10/03/2026;02:30:00;Cerrada
;REQ 2026-010842;REQ;SIC;FGONZALES;04_Desarrollo;10/03/2026;04:30:00;Cerrada
;REQ 2026-010353;EXP;SIC;FGONZALES;04_Desarrollo;10/03/2026;00:30:00;Cerrado
;REQ 2026-009893;REQ;SIC;FGONZALES;04_Desarrollo;10/03/2026;00:45:00;Cerrada
;REQ 2026-008860;EXP;SIC;AGARCIA;04_Desarrollo;10/03/2026;00:40:00;Cerrada
;REQ 2026-009444;REQ;SIC;AGARCIA;04_Desarrollo;10/03/2026;00:40:00;Cerrada
;INC 2026-009726;INC;SIC;AGARCIA;04_Desarrollo;10/03/2026;00:20:00;Cerrada
;INC 2026-009758;INC;SIC;AGARCIA;04_Desarrollo;10/03/2026;02:00:00;Cerrada
;REQ 2026-008373;REQ;SIC;AGARCIA;04_Desarrollo;10/03/2026;00:50:00;Cerrada
;REQ 2025-000692;REQ;HCE;FPINEDO;04_Desarrollo;10/03/2026;04:30:00;Cerrada
;REQ 2026-010400;EXP;SAP;PBARDALES;04_Desarrollo;10/03/2026;01:00:00;Cerrada
;REQ 2026-010360;EXP;SAP;PBARDALES;04_Desarrollo;10/03/2026;00:40:00;Cerrada
;REQ 2026-009615;REQ;SAP;PBARDALES;04_Desarrollo;10/03/2026;01:00:00;Cerrada
;REQ 2026-010217;EXP;SAP;PBARDALES;04_Desarrollo;10/03/2026;00:40:00;Cerrada
;INC 2026-010048;INC;SIC;AGARCIA;04_Desarrollo;10/03/2026;00:50:00;Cerrada
;REQ 2026-010333;EXP;PORTAL PROVEEDORES;JGUILLEN;04_Desarrollo;10/03/2026;02:00:00;Cerrada
;REQ 2026-009328;REQ;PORTAL PROVEEDORES;JGUILLEN;04_Desarrollo;10/03/2026;04:30:00;Cerrada
;REQ 2026-009077;REQ;SIC;RGREY;04_Desarrollo;10/03/2026;04:00:00;Cerrada
;REQ 2024-030409;REQ;SIC;PBARDALES;06_Pruebas Usuario Final;10/03/2026;03:00:00;Cerrada
;REQ 2026-010458;REQ;SIC;FGONZALES;07_Documentación;10/03/2026;02:30:00;Cerrada
;REQ 2026-007701;REQ;SIC;AGARCIA;07_Documentación;10/03/2026;00:15:00;Cerrada
;REQ 2026-003289;REQ;PORTAL PROVEEDORES;JGUILLEN;09_Acompañamiento QA;10/03/2026;03:00:00;Cerrada
;REQ 2026-010130;REQ;SIC;PBARDALES;10_Acompañamiento PRD;10/03/2026;02:00:00;Cerrada
;INC 2026-008556;EXP;SIC;TMACASSI;11_Reunion Interna DEV;10/03/2026;03:00:00;Cerrada
;INC 2026-008723;INC;SIC;TMACASSI;11_Reunion Interna DEV;10/03/2026;03:00:00;Cerrada
;REQ 2024-018390;PRY;SIL;PBARDALES;11_Reunion Interna DEV;10/03/2026;01:30:00;Cerrada
;REQ 2026-010842;REQ;SIC;SRODRIGUEZ;11_Reunion Interna DEV;10/03/2026;09:30:00;Cerrada
;REQ 2024-018390;PRY;SIL;RGREY;19_Reunion Proveedores;10/03/2026;03:00:00;Cerrada
;REQ 2025-025667;REQ;APP/ WEB;CRODRIGUEZ;04_Desarrollo;11/03/2026;09:30:00;Cerrada
;REQ 2025-036965;REQ;AGENDA CITAS;AMOROMISATO;04_Desarrollo;11/03/2026;09:30:00;Cerrada
;INC 2026-010215;INC;APP/ WEB;JROSALES;02_Analisis;11/03/2026;01:30:00;Cerrada
;REQ 2026-010672;EXP;APP/ WEB;JROSALES;02_Analisis;11/03/2026;01:00:00;Cerrada
;INC 2026-010544;INC;APP/ WEB;JROSALES;02_Analisis;11/03/2026;01:00:00;Cerrada
;INC 2026-010545;INC;APP/ WEB;JROSALES;02_Analisis;11/03/2026;00:45:00;Cerrada
;REQ 2026-003423;REQ;APP/ WEB;JROSALES;02_Analisis;11/03/2026;02:00:00;Cerrada
;REQ 2026-001281;REQ;APP/ WEB;JROSALES;10_Acompañamiento PRD;11/03/2026;02:15:00;Cerrada
;REQ 2026-001281;REQ;APP/ WEB;JROSALES;02_Analisis;11/03/2026;01:00:00;Cerrada
;REQ 2026-010375;REQ;SIC;JREBAZA;01_Reunion de Entendimiento;11/03/2026;01:30:00;Cerrada
;REQ 2025-017900;REQ;SIC;JREBAZA;01_Reunion de Entendimiento;11/03/2026;02:00:00;Cerrada
;REQ 2026-009652;REQ;PORTAL PROVEEDORES;PBARDALES;01_Reunion de Entendimiento;11/03/2026;01:30:00;Cerrada
;REQ 2026-010613;REQ;HCE;JREBAZA;02_Analisis;11/03/2026;01:00:00;Cerrada
;INC 2026-010492;INC;SIC;JREBAZA;02_Analisis;11/03/2026;01:00:00;Cerrada
;REQ 2026-009424;EXP;SIC;JREBAZA;02_Analisis;11/03/2026;01:00:00;Cerrada
;REQ 2026-010465;EXP;SIC;JREBAZA;02_Analisis;11/03/2026;00:40:00;Cerrada
;REQ 2026-010257;REQ;SIC;TMACASSI;02_Analisis;11/03/2026;06:20:00;Cerrada
;INC 2026-008723;INC;SIC;YSUYCO;02_Analisis;11/03/2026;02:00:00;Cerrada
;INC 2026-008556;EXP;SIC;YSUYCO;02_Analisis;11/03/2026;03:00:00;Cerrada
;INC 2026-010612;EXP;SIC;YSUYCO;02_Analisis;11/03/2026;01:00:00;Cerrada
;INC 2026-010352;INC;SIC;YSUYCO;02_Analisis;11/03/2026;02:00:00;Cerrado
;REQ 2026-009749;REQ;SIC;YSUYCO;02_Analisis;11/03/2026;01:30:00;Cerrada
;REQ 2026-010547;REQ;SIC;YSUYCO;02_Analisis;11/03/2026;00:15:00;Cerrada
;INC 2026-010512;INC;SIC;YSUYCO;02_Analisis;11/03/2026;00:15:00;Cerrada
;REQ 2026-010430;REQ;SIC;YSUYCO;02_Analisis;11/03/2026;00:15:00;Cerrado
;REQ 2026-010371;REQ;SIC;YSUYCO;02_Analisis;11/03/2026;00:15:00;Cerrado
;INC 2026-010169;INC;SIC;AGARCIA;02_Analisis;11/03/2026;02:00:00;Cerrada
;INC 2026-010267;INC;SAP;PBARDALES;02_Analisis;11/03/2026;00:30:00;Cerrada
;REQ 2026-010269;REQ;SAP;PBARDALES;02_Analisis;11/03/2026;00:30:00;Cerrada
;REQ 2026-009520;REQ;SIC;PBARDALES;02_Analisis;11/03/2026;00:40:00;Cerrada
;INC 2026-010071;INC;SIC;PBARDALES;02_Analisis;11/03/2026;00:40:00;Cerrada
;INC 2026-010404;INC;SIC;PBARDALES;02_Analisis;11/03/2026;00:40:00;Cerrada
;REQ 2026-010842;REQ;SIC;SRODRIGUEZ;02_Analisis;11/03/2026;09:30:00;Cerrada
;REQ 2026-009893;REQ;SIC;FGONZALES;04_Desarrollo;11/03/2026;03:00:00;Cerrada
;REQ 2025-012665;REQ;SIC;JREBAZA;04_Desarrollo;11/03/2026;03:00:00;Cerrada
;INC 2026-010048;INC;SIC;AGARCIA;04_Desarrollo;11/03/2026;01:00:00;Cerrada
;INC 2026-010234;INC;SIC;AGARCIA;04_Desarrollo;11/03/2026;02:00:00;Cerrada
;INC 2026-010355;EXP;SIC;AGARCIA;04_Desarrollo;11/03/2026;00:40:00;Cerrada
;REQ 2026-009893;REQ;SIC;FGONZALES;04_Desarrollo;11/03/2026;02:00:00;Cerrada
;INC 2026-010479;INC;SIC;AGARCIA;04_Desarrollo;11/03/2026;00:30:00;Cerrada
;REQ 2026-010623;REQ;SIC;PBARDALES;04_Desarrollo;11/03/2026;01:00:00;Cerrada
;REQ 2026-010621;REQ;SIC;PBARDALES;04_Desarrollo;11/03/2026;01:00:00;Cerrada
;REQ 2026-010584;EXP;SAP;PBARDALES;04_Desarrollo;11/03/2026;01:00:00;Cerrada
;REQ 2024-023822;PRY;HCE UNIFICADA;FPINEDO;04_Desarrollo;11/03/2026;02:00:00;Cerrada
;REQ 2025-000692;REQ;HCE;FPINEDO;04_Desarrollo;11/03/2026;03:00:00;Cerrada
;REQ 2026-002878;REQ;SIC;FPINEDO;04_Desarrollo;11/03/2026;05:00:00;Cerrada
;REQ 2026-009077;REQ;SIC;RGREY;04_Desarrollo;11/03/2026;06:00:00;Cerrada
;REQ 2025-041033;REQ;HIS;RGREY;04_Desarrollo;11/03/2026;03:30:00;Cerrada
;REQ 2025-025291;REQ;SIC;JGUILLEN;04_Desarrollo;11/03/2026;01:00:00;Cerrada
;REQ 2026-001732;REQ;HCE;JGUILLEN;04_Desarrollo;11/03/2026;01:00:00;Cerrada
;REQ 2025-022343;REQ;SIC;AGARCIA;05_Pruebas Unitarias;11/03/2026;01:30:00;Cerrada
;REQ 2025-022344;REQ;SIC;AGARCIA;05_Pruebas Unitarias;11/03/2026;01:50:00;Cerrada
;REQ 2026-009893;REQ;SIC;FGONZALES;06_Pruebas Usuario Final;11/03/2026;01:00:00;Asignada a un grupo
;REQ 2026-009893;REQ;SIC;FGONZALES;07_Documentación;11/03/2026;01:30:00;Cerrada
;REQ 2026-010602;REQ;SIC;FGONZALES;09_Acompañamiento QA;11/03/2026;00:30:00;Cerrada
;REQ 2026-003421;REQ;PORTAL PROVEEDORES;JGUILLEN;09_Acompañamiento QA;11/03/2026;06:00:00;Cerrada
;INC 2026-008556;EXP;SIC;TMACASSI;11_Reunion Interna DEV;11/03/2026;03:30:00;Cerrada
;REQ 2026-010602;REQ;SIC;FGONZALES;11_Reunion Interna DEV;11/03/2026;01:00:00;Cerrada
;REQ 2024-030409;REQ;SIC;PBARDALES;14_Seguimiento Requerimiento;11/03/2026;02:00:00;Cerrada
;REQ 2025-025667;REQ;APP/ WEB;CRODRIGUEZ;04_Desarrollo;12/03/2026;09:30:00;Cerrada
;REQ 2025-036965;REQ;AGENDA CITAS;AMOROMISATO;04_Desarrollo;12/03/2026;09:30:00;Cerrada
;REQ 2026-008124;REQ;AGENDA CITAS;AMOROMISATO;09_Acompañamiento QA;12/03/2026;01:00:00;Cerrada
;REQ 2025-011266;PRY;AGENDA PROCEDMIENTOS;JROSALES;02_Analisis;12/03/2026;06:00:00;Cerrada
;INC 2026-010958;INC;APP/ WEB;JROSALES;02_Analisis;12/03/2026;02:00:00;Cerrada
;INC 2026-010675;INC;APP/ WEB;JROSALES;02_Analisis;12/03/2026;00:45:00;Cerrado
;INC 2026-010615;INC;APP/ WEB;JROSALES;02_Analisis;12/03/2026;00:45:00;Cerrada
;INC 2026-010729;INC;AGENDA CITAS;JROSALES;02_Analisis;12/03/2026;00:30:00;Cerrada
;REQ 2026-005925;REQ;APP/ WEB;JROSALES;11_Reunion Interna DEV;12/03/2026;01:00:00;Cerrada
;INC 2026-010927;INC;SIC;JREBAZA;01_Reunion de Entendimiento;12/03/2026;01:30:00;Cerrada
;REQ 2026-010375;REQ;SIC;JREBAZA;02_Analisis;12/03/2026;00:40:00;Cerrado
;REQ 2026-010695;REQ;HCE;JREBAZA;02_Analisis;12/03/2026;00:50:00;Cerrada
;INC 2026-010520;INC;SIC;TMACASSI;02_Analisis;12/03/2026;03:00:00;Cerrada
;REQ 2026-010257;REQ;SIC;TMACASSI;02_Analisis;12/03/2026;04:30:00;Cerrada
;INC 2026-010860;EXP;SAP;TMACASSI;02_Analisis;12/03/2026;00:30:00;Cerrada
;INC 2026-010002;EXP;HIS;YSUYCO;02_Analisis;12/03/2026;00:30:00;Cerrada
;INC 2026-009180;INC;SIC;YSUYCO;02_Analisis;12/03/2026;03:00:00;Asignada a un grupo
;INC 2026-010436;INC;SIC;YSUYCO;02_Analisis;12/03/2026;01:00:00;Cerrada
;INC 2026-010521;INC;SIC;YSUYCO;02_Analisis;12/03/2026;01:00:00;Cerrada
;INC 2026-010862;INC;SIC;YSUYCO;02_Analisis;12/03/2026;02:00:00;Cerrada
;INC 2026-010641;INC;SIC;YSUYCO;02_Analisis;12/03/2026;00:30:00;Cerrada
;REQ 2026-010464;EXP;SIC;YSUYCO;02_Analisis;12/03/2026;00:30:00;Cerrada
;INC 2026-010887;INC;SIC;YSUYCO;02_Analisis;12/03/2026;00:30:00;Cerrada
;INC 2026-010953;INC;SIC;YSUYCO;02_Analisis;12/03/2026;00:30:00;Cerrada
;REQ 2026-010257;REQ;SIC;TMACASSI;02_Analisis;12/03/2026;01:40:00;Cerrada
;REQ 2026-010608;REQ;MAC;PBARDALES;02_Analisis;12/03/2026;00:30:00;Cerrado
;REQ 2026-010793;REQ;SAP;PBARDALES;02_Analisis;12/03/2026;00:30:00;Cerrada
;REQ 2026-010602;REQ;SIC;FGONZALES;04_Desarrollo;12/03/2026;01:15:00;Cerrada
;REQ 2025-025454;REQ;SIC;JGUILLEN;04_Desarrollo;12/03/2026;02:00:00;Cerrada
;REQ 2026-000067;REQ;SIC;JGUILLEN;04_Desarrollo;12/03/2026;05:00:00;Cerrada
;REQ 2025-045125;REQ;SIC;FGONZALES;04_Desarrollo;12/03/2026;00:30:00;Cerrada
;REQ 2025-000692;REQ;HCE;FPINEDO;04_Desarrollo;12/03/2026;03:00:00;Cerrada
;REQ 2024-002604;REQ;SIC;FPINEDO;04_Desarrollo;12/03/2026;05:30:00;Cerrada
;INC 2026-010860;EXP;SAP;PBARDALES;04_Desarrollo;12/03/2026;01:00:00;Cerrada
;INC 2026-010520;INC;SIC;PBARDALES;04_Desarrollo;12/03/2026;03:00:00;Cerrada
;REQ 2026-010616;REQ;SIC;PBARDALES;04_Desarrollo;12/03/2026;01:00:00;Cerrada
;REQ 2026-010567;EXP;SAP;PBARDALES;04_Desarrollo;12/03/2026;00:40:00;Cerrada
;REQ 2026-010818;EXP;SAP;PBARDALES;04_Desarrollo;12/03/2026;01:00:00;Cerrada
;REQ 2025-041033;REQ;HIS;RGREY;04_Desarrollo;12/03/2026;04:00:00;Cerrada
;REQ 2026-009077;REQ;SIC;RGREY;04_Desarrollo;12/03/2026;03:30:00;Cerrada
;REQ 2026-010644;REQ;SIC;AGARCIA;04_Desarrollo;12/03/2026;01:00:00;Cerrada
;INC 2026-010556;INC;SIC;AGARCIA;04_Desarrollo;12/03/2026;00:30:00;Cerrada
;INC 2026-009180;INC;SIC;AGARCIA;04_Desarrollo;12/03/2026;02:00:00;Cerrada
;REQ 2026-010303;REQ;SIC;AGARCIA;04_Desarrollo;12/03/2026;02:50:00;Cerrada
;INC 2026-010436;INC;SIC;AGARCIA;04_Desarrollo;12/03/2026;00:30:00;Cerrada
;INC 2026-010521;INC;SIC;AGARCIA;04_Desarrollo;12/03/2026;01:30:00;Cerrada
;REQ 2026-010464;EXP;SIC;AGARCIA;04_Desarrollo;12/03/2026;00:40:00;Cerrada
;INC 2026-010641;INC;SIC;AGARCIA;04_Desarrollo;12/03/2026;00:30:00;Cerrada
;INC 2026-010929;INC;SIC;JREBAZA;05_Pruebas Unitarias;12/03/2026;06:50:00;Cerrada
;REQ 2026-009893;REQ;SIC;FGONZALES;06_Pruebas Usuario Final;12/03/2026;00:30:00;Cerrada
;REQ 2026-009328;REQ;PORTAL PROVEEDORES;JGUILLEN;07_Documentación;12/03/2026;01:30:00;Cerrada
;REQ 2026-009893;REQ;SIC;FGONZALES;07_Documentación;12/03/2026;01:00:00;Cerrada
;REQ 2026-009077;REQ;SIC;RGREY;07_Documentación;12/03/2026;02:00:00;Cerrada
;REQ 2026-010602;REQ;SIC;FGONZALES;09_Acompañamiento QA;12/03/2026;00:45:00;Cerrada
;REQ 2026-003421;REQ;PORTAL PROVEEDORES;JGUILLEN;09_Acompañamiento QA;12/03/2026;01:00:00;Cerrada
;REQ 2026-010602;REQ;SIC;FGONZALES;09_Acompañamiento QA;12/03/2026;03:00:00;Cerrada
;REQ 2026-007420;REQ;SIRI;FPINEDO;09_Acompañamiento QA;12/03/2026;01:00:00;Cerrada
;REQ 2026-011004;REQ;SAP;PBARDALES;10_Acompañamiento PRD;12/03/2026;00:40:00;Cerrada
;INC 2026-009626;EXP;SIC;FGONZALES;11_Reunion Interna DEV;12/03/2026;00:30:00;Cerrada
;REQ 2026-001435;REQ;HIS;FGONZALES;11_Reunion Interna DEV;12/03/2026;00:15:00;Cerrada
;REQ 2026-001435;REQ;HIS;FGONZALES;11_Reunion Interna DEV;12/03/2026;00:45:00;Cerrada
;REQ 2026-006159;REQ;DATOS;FGONZALES;11_Reunion Interna DEV;12/03/2026;00:45:00;Cerrada
;REQ 2026-010842;REQ;SIC;SRODRIGUEZ;11_Reunion Interna DEV;12/03/2026;01:30:00;Cerrada
;REQ 2026-010842;REQ;SIC;SRODRIGUEZ;11_Reunion Interna DEV;12/03/2026;08:00:00;Cerrada
;REQ 2026-009652;REQ;PORTAL PROVEEDORES;PBARDALES;15_Acompañamiento SD;12/03/2026;01:00:00;Cerrada
;REQ 2026-010842;REQ;SIC;FGONZALES;17_Capacitaciones;12/03/2026;00:30:00;Cerrada
;REQ 2026-011003;REQ;DATOS;PBARDALES;19_Reunion Proveedores;12/03/2026;01:00:00;Cerrada
;REQ 2026-010842;REQ;SIC;FGONZALES;20_Reunion Seguimiento;12/03/2026;00:30:00;Cerrada
;REQ 2025-025667;REQ;APP/ WEB;CRODRIGUEZ;04_Desarrollo;13/03/2026;09:00:00;Cerrada
;REQ 2025-041027;REQ;AGENDA CITAS;CRODRIGUEZ;02_Analisis;13/03/2026;01:00:00;Cerrado
;REQ 2025-036965;REQ;AGENDA CITAS;AMOROMISATO;04_Desarrollo;13/03/2026;09:30:00;Cerrado
;INC 2026-010952;INC;APP/ WEB;JROSALES;02_Analisis;13/03/2026;01:30:00;Cerrada
;INC 2026-010879;INC;APP/ WEB;JROSALES;02_Analisis;13/03/2026;01:00:00;Cerrado
;INC 2026-010815;INC;APP/ WEB;JROSALES;02_Analisis;13/03/2026;01:30:00;Cerrada
;REQ 2025-042069;REQ;APP/ WEB;JROSALES;02_Analisis;13/03/2026;03:30:00;Cerrada
;REQ 2025-037789;REQ;AGENDA CITAS;JROSALES;02_Analisis;13/03/2026;02:00:00;Cerrada
;REQ 2025-023805;REQ;SIC;AGARCIA;01_Reunion de Entendimiento;13/03/2026;01:00:00;Cerrada
;INC 2026-010071;INC;SIC;PBARDALES;01_Reunion de Entendimiento;13/03/2026;00:30:00;Cerrada
;REQ 2024-018390;PRY;SIL;RGREY;01_Reunion de Entendimiento;13/03/2026;02:00:00;Cerrada
;REQ 2026-010842;REQ;SIC;SRODRIGUEZ;02_Analisis;13/03/2026;07:30:00;Cerrada
;INC 2026-009196;INC;SIC;YSUYCO;02_Analisis;13/03/2026;04:00:00;Cerrada
;REQ 2026-009803;EXP;SIC;YSUYCO;02_Analisis;13/03/2026;00:30:00;Cerrada
;REQ 2026-010594;EXP;SIC;YSUYCO;02_Analisis;13/03/2026;02:00:00;Cerrada
;REQ 2026-011002;REQ;SIC;YSUYCO;02_Analisis;13/03/2026;00:30:00;Cerrada
;INC 2026-010936;INC;SIC;YSUYCO;02_Analisis;13/03/2026;03:00:00;Cerrada
;REQ 2026-010257;REQ;SIC;TMACASSI;02_Analisis;13/03/2026;06:00:00;Cerrada
;REQ 2026-010257;REQ;SIC;TMACASSI;02_Analisis;13/03/2026;03:40:00;Cerrada
;REQ 2026-011065;REQ;SIC;PBARDALES;02_Analisis;13/03/2026;00:30:00;Cerrada
;REQ 2026-010602;REQ;SIC;FGONZALES;04_Desarrollo;13/03/2026;04:00:00;Cerrada
;REQ 2026-010602;REQ;SIC;FGONZALES;04_Desarrollo;13/03/2026;04:15:00;Cerrada
;REQ 2024-002604;REQ;SIC;FPINEDO;04_Desarrollo;13/03/2026;04:00:00;Cerrada
;REQ 2026-007701;REQ;SIC;AGARCIA;04_Desarrollo;13/03/2026;04:00:00;Cerrada
;REQ 2026-011002;REQ;SIC;AGARCIA;04_Desarrollo;13/03/2026;00:20:00;Cerrada
;INC 2026-011157;INC;SIC;AGARCIA;04_Desarrollo;13/03/2026;00:20:00;Cerrada
;INC 2026-011159;INC;SIC;AGARCIA;04_Desarrollo;13/03/2026;00:20:00;Cerrada
;INC 2026-011163;INC;SIC;AGARCIA;04_Desarrollo;13/03/2026;00:50:00;Cerrada
;REQ 2026-011068;REQ;SIC;PBARDALES;04_Desarrollo;13/03/2026;01:00:00;Cerrada
;INC 2026-010890;EXP;SIC;PBARDALES;04_Desarrollo;13/03/2026;00:40:00;Cerrada
;REQ 2026-011068;REQ;SIC;PBARDALES;04_Desarrollo;13/03/2026;00:40:00;Cerrada
;REQ 2026-011044;EXP;SAP;PBARDALES;04_Desarrollo;13/03/2026;00:50:00;Cerrada
;REQ 2026-011030;EXP;SAP;PBARDALES;04_Desarrollo;13/03/2026;01:00:00;Cerrada
;REQ 2026-010841;REQ;SIC;RGREY;04_Desarrollo;13/03/2026;06:30:00;Cerrada
;REQ 2025-025454;REQ;SIC;JGUILLEN;04_Desarrollo;13/03/2026;07:00:00;Cerrada
;INC 2026-010929;INC;SIC;JREBAZA;05_Pruebas Unitarias;13/03/2026;06:50:00;Cerrada
;REQ 2026-010602;REQ;SIC;FPINEDO;07_Documentación;13/03/2026;05:30:00;Cerrada
;REQ 2026-003421;REQ;PORTAL PROVEEDORES;JGUILLEN;09_Acompañamiento QA;13/03/2026;02:30:00;Cerrada
;REQ 2026-011004;REQ;SAP;PBARDALES;10_Acompañamiento PRD;13/03/2026;01:00:00;Cerrada
;REQ 2026-010842;REQ;SIC;JREBAZA;11_Reunion Interna DEV;13/03/2026;03:00:00;Cerrada
;REQ 2026-010842;REQ;SIC;SRODRIGUEZ;11_Reunion Interna DEV;13/03/2026;02:00:00;Cerrada
;REQ 2024-018390;PRY;SIL;AGARCIA;11_Reunion Interna DEV;13/03/2026;01:30:00;Cerrado
;REQ 2024-018390;PRY;SIL;PBARDALES;11_Reunion Interna DEV;13/03/2026;01:30:00;Cerrada
;REQ 2026-011003;REQ;DATOS;PBARDALES;19_Reunion Proveedores;13/03/2026;02:00:00;Cerrada
;REQ 2024-018390;PRY;SIL;RGREY;19_Reunion Proveedores;13/03/2026;01:00:00;Cerrada
;REQ 2025-025667;REQ;APP/ WEB;CRODRIGUEZ;07_Documentación;16/03/2026;05:00:00;Cerrada
;REQ 2025-041027;REQ;AGENDA CITAS;CRODRIGUEZ;02_Analisis;16/03/2026;01:00:00;Cerrada
;REQ 2026-011345;REQ;SIC;CRODRIGUEZ;02_Analisis;16/03/2026;03:30:00;Cerrada
;REQ 2026-011488;REQ;APP/ WEB;JROSALES;02_Analisis;16/03/2026;00:20:00;Cerrada
;REQ 2026-011496;EXP;APP/ WEB;JROSALES;02_Analisis;16/03/2026;00:45:00;Cerrada
;REQ 2026-011384;EXP;APP/ WEB;JROSALES;02_Analisis;16/03/2026;00:45:00;Cerrada
;REQ 2025-041203;REQ;SIC;JROSALES;02_Analisis;16/03/2026;05:00:00;Cerrada
;REQ 2025-042069;REQ;APP/ WEB;JROSALES;02_Analisis;16/03/2026;02:40:00;Cerrada
;REQ 2025-036965;REQ;AGENDA CITAS;AMOROMISATO;04_Desarrollo;16/03/2026;05:00:00;Cerrada
;REQ 2025-036965;REQ;AGENDA CITAS;AMOROMISATO;04_Desarrollo;16/03/2026;04:30:00;Cerrada
;REQ 2025-017900;REQ;SIC;JREBAZA;02_Analisis;16/03/2026;03:00:00;Cerrada
;REQ 2026-010842;REQ;SIC;SRODRIGUEZ;02_Analisis;16/03/2026;04:00:00;Cerrado
;REQ 2026-010933;REQ;MAC;JREBAZA;02_Analisis;16/03/2026;00:20:00;Cerrada
;INC 2026-010929;INC;SIC;JREBAZA;02_Analisis;16/03/2026;00:20:00;Cerrado
;REQ 2026-010842;REQ;SIC;SRODRIGUEZ;02_Analisis;16/03/2026;01:30:00;Cerrado
;INC 2026-011273;INC;SIC;YSUYCO;02_Analisis;16/03/2026;00:30:00;Cerrada
;INC 2026-009196;INC;SIC;YSUYCO;02_Analisis;16/03/2026;01:00:00;Asignada a un grupo
;INC 2026-009746;INC;SIC;YSUYCO;02_Analisis;16/03/2026;03:00:00;Cerrado
;REQ 2026-009424;EXP;SIC;YSUYCO;02_Analisis;16/03/2026;02:00:00;Cerrada
;REQ 2026-010889;EXP;SIC;YSUYCO;02_Analisis;16/03/2026;02:00:00;Cerrada
;REQ 2026-010855;REQ;SIC;YSUYCO;02_Analisis;16/03/2026;01:00:00;Cerrada
;REQ 2026-011092;REQ;SAP;PBARDALES;02_Analisis;16/03/2026;01:00:00;Cerrada
;REQ 2025-025291;REQ;SIC;PBARDALES;02_Analisis;16/03/2026;00:40:00;Cerrada
;REQ 2026-011213;REQ;SAP;PBARDALES;02_Analisis;16/03/2026;00:30:00;Cerrado
;INC 2026-009997;INC;SIC;PBARDALES;02_Analisis;16/03/2026;00:30:00;Cerrada
;REQ 2026-011302;REQ;SAP;PBARDALES;02_Analisis;16/03/2026;00:30:00;Cerrada
;REQ 2026-011296;REQ;SAP;PBARDALES;02_Analisis;16/03/2026;00:30:00;Cerrada
;REQ 2026-011204;REQ;SAP;PBARDALES;02_Analisis;16/03/2026;00:30:00;Cerrada
;INC 2026-011166;INC;SIC;PBARDALES;02_Analisis;16/03/2026;00:30:00;Cerrada
;REQ 2026-010842;REQ;SIC;FGONZALES;02_Analisis;16/03/2026;03:00:00;Cerrada
;INC 2026-010169;INC;SIC;AGARCIA;02_Analisis;16/03/2026;02:30:00;Cerrada
;REQ 2026-009023;REQ;SIC;TMACASSI;02_Analisis;16/03/2026;04:00:00;Cerrada
;REQ 2026-010257;REQ;SIC;TMACASSI;02_Analisis;16/03/2026;01:30:00;Cerrada
;REQ 2025-044056;REQ;SIC;TMACASSI;02_Analisis;16/03/2026;00:30:00;Cerrada
;REQ 2026-011346;PRY;SIC;RGREY;02_Analisis;16/03/2026;04:00:00;Cerrada
;REQ 2026-010364;REQ;MAC;JREBAZA;02_Analisis;16/03/2026;00:20:00;Cerrada
;REQ 2026-010285;REQ;MAC;JREBAZA;02_Analisis;16/03/2026;00:20:00;Cerrada
;REQ 2026-011165;REQ;MAC;JREBAZA;02_Analisis;16/03/2026;00:20:00;Cerrada
;REQ 2026-011155;REQ;MAC;JREBAZA;02_Analisis;16/03/2026;00:20:00;Cerrada
;REQ 2026-011088;REQ;MAC;JREBAZA;02_Analisis;16/03/2026;00:20:00;Cerrada
;REQ 2026-011089;REQ;MAC;JREBAZA;02_Analisis;16/03/2026;00:20:00;Cerrada
;REQ 2026-011096;REQ;MAC;JREBAZA;02_Analisis;16/03/2026;00:20:00;Cerrada
;REQ 2026-010842;REQ;SIC;SRODRIGUEZ;03_Estimación de Actividades;16/03/2026;02:00:00;Cerrada
;REQ 2024-023822;PRY;HCE UNIFICADA;FPINEDO;04_Desarrollo;16/03/2026;05:00:00;Cerrada
;REQ 2024-002604;REQ;SIC;FPINEDO;04_Desarrollo;16/03/2026;05:00:00;Cerrada
;INC 2026-010860;EXP;SAP;PBARDALES;04_Desarrollo;16/03/2026;01:00:00;Cerrada
;REQ 2026-010957;EXP;SAP;PBARDALES;04_Desarrollo;16/03/2026;00:40:00;Cerrada
;REQ 2026-011530;REQ;SAP;PBARDALES;04_Desarrollo;16/03/2026;01:00:00;Cerrada
;INC 2026-011359;EXP;SIC;PBARDALES;04_Desarrollo;16/03/2026;01:00:00;Cerrada
;REQ 2026-003421;REQ;PORTAL PROVEEDORES;JGUILLEN;04_Desarrollo;16/03/2026;02:30:00;Cerrada
;REQ 2026-006683;REQ;SIC;FGONZALES;04_Desarrollo;16/03/2026;02:00:00;Cerrada
;INC 2026-011299;INC;SIC;AGARCIA;04_Desarrollo;16/03/2026;00:30:00;Cerrada
;INC 2026-011300;INC;SIC;AGARCIA;04_Desarrollo;16/03/2026;01:00:00;Cerrada
;INC 2026-011301;INC;SIC;AGARCIA;04_Desarrollo;16/03/2026;00:30:00;Cerrada
;INC 2026-011404;INC;SIC;AGARCIA;04_Desarrollo;16/03/2026;02:00:00;Asignada a un grupo
;REQ 2024-030409;REQ;SIC;PBARDALES;05_Pruebas Unitarias;16/03/2026;02:30:00;Cerrada
;REQ 2025-025291;REQ;SIC;JGUILLEN;07_Documentación;16/03/2026;02:00:00;Cerrada
;REQ 2026-001732;REQ;HCE;JGUILLEN;07_Documentación;16/03/2026;02:30:00;Cerrada
;REQ 2025-025454;REQ;SIC;JGUILLEN;07_Documentación;16/03/2026;02:30:00;Cerrado
;REQ 2024-018390;PRY;SIL;RGREY;07_Documentación;16/03/2026;05:30:00;Cerrada
;REQ 2025-017900;REQ;SIC;JREBAZA;11_Reunion Interna DEV;16/03/2026;04:00:00;Cerrada
;REQ 2026-010602;REQ;SIC;FGONZALES;11_Reunion Interna DEV;16/03/2026;02:00:00;Cerrado
;REQ 2025-033936;REQ;SIC;AGARCIA;11_Reunion Interna DEV;16/03/2026;00:30:00;Cerrado
;REQ 2026-010842;REQ;SIC;SRODRIGUEZ;15_Acompañamiento SD;16/03/2026;02:00:00;Cerrado
;REQ 2026-010842;REQ;SIC;FGONZALES;15_Acompañamiento SD;16/03/2026;01:00:00;Cerrada
;REQ 2026-011345;REQ;SIC;CRODRIGUEZ;02_Analisis;17/03/2026;03:00:00;Cerrada
;REQ 2026-011409;REQ;APP/ WEB;CRODRIGUEZ;02_Analisis;17/03/2026;03:00:00;Cerrada
;INC 2026-011244;INC;APP/ WEB;JROSALES;02_Analisis;17/03/2026;01:00:00;Cerrado
;REQ 2025-042069;REQ;APP/ WEB;JROSALES;02_Analisis;;05:00:00;Cerrada
;REQ 2025-011266;PRY;AGENDA PROCEDMIENTOS;JROSALES;02_Analisis;;03:00:00;Cerrada
;REQ 2025-041203;REQ;SIC;JROSALES;02_Analisis;;02:00:00;Cerrada
;REQ 2025-020782;REQ;SIC;AMOROMISATO;07_Documentación;;04:30:00;Cerrada
;REQ 2025-037648;REQ;SIC;AMOROMISATO;02_Analisis;;01:30:00;Cerrada
;REQ 2025-020782;REQ;SIC;AMOROMISATO;07_Documentación;;03:30:00;Cerrada
;REQ 2026-011460;REQ;SIC;JREBAZA;01_Reunion de Entendimiento;;01:00:00;Cerrado
;INC 2026-011539;INC;HCE;JREBAZA;01_Reunion de Entendimiento;17/03/2026;01:00:00;Cerrado
;REQ 2025-023805;REQ;SIC;AGARCIA;01_Reunion de Entendimiento;17/03/2026;01:20:00;Cerrada
;REQ 2025-023805;REQ;SIC;AGARCIA;01_Reunion de Entendimiento;17/03/2026;01:00:00;Cerrada
;REQ 2026-010261;EXP;SIC;PBARDALES;01_Reunion de Entendimiento;17/03/2026;00:30:00;Cerrada
;REQ 2026-010956;REQ;SIC;TMACASSI;02_Analisis;17/03/2026;00:30:00;Cerrada
;REQ 2025-017900;REQ;SIC;JREBAZA;02_Analisis;17/03/2026;03:00:00;Cerrada
;REQ 2026-011556;REQ;SIC;JREBAZA;02_Analisis;17/03/2026;00:40:00;Cerrada
;INC 2026-011518;EXP;SIC;YSUYCO;02_Analisis;17/03/2026;00:30:00;Cerrada
;REQ 2026-010855;REQ;SIC;YSUYCO;02_Analisis;17/03/2026;00:30:00;Cerrada
;INC 2026-011565;INC;SIC;YSUYCO;02_Analisis;17/03/2026;00:30:00;Cerrada
;INC 2026-011469;EXP;SIC;YSUYCO;02_Analisis;33/03/2026;00:30:00;Cerrada
;INC 2026-011549;INC;SIC;YSUYCO;02_Analisis;17/03/2026;00:30:00;Cerrada
;REQ 2026-011670;REQ;SIC;YSUYCO;02_Analisis;17/03/2026;01:30:00;Cerrada
;INC 2026-011594;INC;SIC;YSUYCO;02_Analisis;17/03/2026;01:30:00;Cerrada
;REQ 2026-011060;REQ;SIC;YSUYCO;02_Analisis;17/03/2026;01:00:00;Cerrada
;REQ 2026-011500;EXP;SIC;YSUYCO;02_Analisis;17/03/2026;00:30:00;Cerrada
;INC 2026-011144;EXP;AGENDA CITAS;YSUYCO;02_Analisis;17/03/2026;02:00:00;Cerrada
;REQ 2026-010257;REQ;SIC;TMACASSI;02_Analisis;17/03/2026;04:00:00;Cerrada
;REQ 2025-017900;REQ;SIC;JREBAZA;02_Analisis;17/03/2026;05:50:00;Cerrado
;INC 2026-011144;EXP;AGENDA CITAS;TMACASSI;02_Analisis;17/03/2026;00:40:00;Cerrado
;REQ 2025-017900;REQ;SIC;TMACASSI;02_Analisis;17/03/2026;01:00:00;Cerrado
;REQ 2025-023805;REQ;SIC;AGARCIA;02_Analisis;17/03/2026;02:00:00;Cerrado
;REQ 2026-011381;REQ;SIC;AGARCIA;02_Analisis;17/03/2026;01:00:00;Cerrado
;INC 2026-011565;INC;SIC;AGARCIA;02_Analisis;17/03/2026;00:30:00;Cerrada
;REQ 2025-023805;REQ;SIC;AGARCIA;02_Analisis;17/03/2026;01:20:00;Cerrada
;REQ 2026-010842;REQ;SIC;SRODRIGUEZ;02_Analisis;17/03/2026;01:30:00;Cerrada
;REQ 2026-006683;REQ;SIC;FGONZALES;04_Desarrollo;17/03/2026;00:30:00;Cerrado
;REQ 2025-003378;PRY;HIS;FGONZALES;04_Desarrollo;17/03/2026;08:00:00;Cerrado
;REQ 2024-023822;PRY;HCE UNIFICADA;FPINEDO;04_Desarrollo;17/03/2026;07:00:00;Cerrada
;REQ 2024-002604;REQ;SIC;FPINEDO;04_Desarrollo;17/03/2026;02:30:00;Cerrado
;INC 2026-011587;INC;SIC;AGARCIA;04_Desarrollo;17/03/2026;01:00:00;Cerrado
;INC 2026-011602;INC;SIC;AGARCIA;04_Desarrollo;17/03/2026;00:20:00;Cerrada
;INC 2026-011615;INC;SIC;AGARCIA;04_Desarrollo;17/03/2026;00:20:00;Cerrado
;REQ 2026-010842;REQ;SIC;SRODRIGUEZ;04_Desarrollo;17/03/2026;08:00:00;Cerrado
;REQ 2026-000067;REQ;SIC;JGUILLEN;04_Desarrollo;17/03/2026;09:00:00;Cerrado
;REQ 2026-010261;EXP;SIC;PBARDALES;04_Desarrollo;17/03/2026;01:00:00;Cerrada
;REQ 2025-020052;REQ;SAP;PBARDALES;04_Desarrollo;17/03/2026;03:30:00;Cerrado
;INC 2026-011495;EXP;SIC;RGREY;04_Desarrollo;17/03/2026;05:00:00;Cerrada
;INC 2026-011543;EXP;SIC;RGREY;04_Desarrollo;17/03/2026;04:30:00;Cerrada
;REQ 2025-025454;REQ;SIC;JGUILLEN;05_Pruebas Unitarias;17/03/2026;00:30:00;Cerrada
;REQ 2026-001732;REQ;HCE;JGUILLEN;05_Pruebas Unitarias;17/03/2026;00:30:00;Cerrada
;REQ 2026-006683;REQ;SIC;FGONZALES;06_Pruebas Usuario Final;17/03/2026;00:30:00;Cerrada
;REQ 2026-010257;REQ;SIC;TMACASSI;07_Documentación;17/03/2026;03:45:00;Cerrada
;REQ 2026-010602;REQ;SIC;FGONZALES;07_Documentación;17/03/2026;01:00:00;Cerrado
;REQ 2026-003421;REQ;PORTAL PROVEEDORES;JGUILLEN;09_Acompañamiento QA;17/03/2026;00:30:00;Cerrada
;REQ 2026-011003;REQ;DATOS;PBARDALES;10_Acompañamiento PRD;17/03/2026;01:00:00;Cerrada
;REQ 2024-019667;REQ;SIC;PBARDALES;11_Reunion Interna DEV;17/03/2026;00:30:00;Cerrada
;REQ 2026-010602;REQ;SIC;FGONZALES;14_Seguimiento Requerimiento;17/03/2026;00:30:00;Cerrada
;REQ 2024-030409;REQ;SIC;PBARDALES;19_Reunion Proveedores;17/03/2026;02:00:00;Cerrada
;REQ 2025-011266;PRY;AGENDA PROCEDMIENTOS;JROSALES;02_Analisis;18/03/2026;03:00:00;Cerrada
;REQ 2026-001281;REQ;APP/ WEB;JROSALES;02_Analisis;18/03/2026;00:35:00;Cerrada
;REQ 2026-011345;REQ;SIC;CRODRIGUEZ;02_Analisis;18/03/2026;03:00:00;Cerrada
;REQ 2026-011409;REQ;APP/ WEB;CRODRIGUEZ;02_Analisis;18/03/2026;03:30:00;Cerrada
;INC 2026-011272;INC;APP/ WEB;JROSALES;02_Analisis;18/03/2026;01:30:00;Cerrada
;INC 2026-011765;INC;APP/ WEB;JROSALES;02_Analisis;18/03/2026;01:30:00;Cerrada
;INC 2026-011780;INC;AGENDA CITAS;JROSALES;02_Analisis;18/03/2026;01:30:00;Cerrada
;REQ 2025-011266;PRY;AGENDA PROCEDMIENTOS;JROSALES;19_Reunion Proveedores;18/03/2026;01:25:00;Cerrada
;REQ 2024-019667;REQ;SIC;AMOROMISATO;11_Reunion Interna DEV;18/03/2026;02:00:00;Cerrada
;REQ 2025-037648;REQ;SIC;AMOROMISATO;01_Reunion de Entendimiento;18/03/2026;00:30:00;Cerrada
;REQ 2025-037648;REQ;SIC;AMOROMISATO;04_Desarrollo;18/03/2026;02:00:00;Cerrada
;REQ 2025-037648;REQ;SIC;AMOROMISATO;05_Pruebas Unitarias;18/03/2026;02:00:00;Cerrada
;REQ 2025-037648;REQ;SIC;AMOROMISATO;07_Documentación;18/03/2026;03:00:00;Cerrada
;REQ 2025-020782;REQ;SIC;AMOROMISATO;06_Pruebas Usuario Final;18/03/2026;01:00:00;Cerrada
;REQ 2026-001702;REQ;HCE;FPINEDO;01_Reunion de Entendimiento;18/03/2026;01:00:00;Cerrada
;REQ 2024-023822;PRY;HCE UNIFICADA;FPINEDO;01_Reunion de Entendimiento;18/03/2026;01:00:00;Cerrada
;REQ 2024-023822;PRY;HCE UNIFICADA;RGREY;01_Reunion de Entendimiento;18/03/2026;01:30:00;Cerrada
;REQ 2024-022552;PRY;MAC;AGARCIA;01_Reunion de Entendimiento;18/03/2026;00:50:00;Cerrada
;REQ 2024-024413;REQ;SIC;PBARDALES;01_Reunion de Entendimiento;18/03/2026;01:00:00;Cerrada
;REQ 2026-011741;REQ;HCE;JREBAZA;02_Analisis;18/03/2026;00:20:00;Cerrada
;REQ 2026-011742;REQ;HCE;JREBAZA;02_Analisis;18/03/2026;00:20:00;Cerrada
;Req 2024-006886;PRY;HIS;TMACASSI;02_Analisis;18/03/2026;01:00:00;Cerrado
;REQ 2026-009725;REQ;SIC;TMACASSI;02_Analisis;18/03/2026;01:00:00;Cerrada
;REQ 2025-017900;REQ;SIC;JREBAZA;02_Analisis;18/03/2026;01:30:00;Cerrada
;REQ 2022-004744;PRY;SIC;TMACASSI;02_Analisis;18/03/2026;01:00:00;Cerrada
;REQ 2026-009725;REQ;SIC;TMACASSI;02_Analisis;18/03/2026;04:15:00;Cerrada
;INC 2026-011200;EXP;HCE;TMACASSI;02_Analisis;18/03/2026;01:00:00;Cerrado
;REQ 2026-011792;EXP;SIC;JREBAZA;02_Analisis;18/03/2026;00:40:00;Cerrada
;INC 2026-011775;EXP;SIC;YSUYCO;02_Analisis;18/03/2026;00:30:00;Cerrada
;INC 2026-011771;EXP;SIC;YSUYCO;02_Analisis;18/03/2026;00:30:00;Cerrada
;INC 2026-011784;EXP;SIC;YSUYCO;02_Analisis;18/03/2026;00:30:00;Cerrada
;INC 2026-010939;INC;HCE;YSUYCO;02_Analisis;18/03/2026;02:00:00;Cerrada
;INC 2026-011200;EXP;HCE;YSUYCO;02_Analisis;18/03/2026;02:00:00;Cerrada
;INC 2026-011801;INC;SCANFLOW;YSUYCO;02_Analisis;18/03/2026;01:00:00;Cerrado
;INC 2026-011842;EXP;SIC;YSUYCO;02_Analisis;18/03/2026;00:30:00;Cerrada
;INC 2026-011518;EXP;SIC;YSUYCO;02_Analisis;18/03/2026;00:30:00;Cerrada
;REQ 2026-011789;REQ;SIC;YSUYCO;02_Analisis;18/03/2026;01:00:00;Cerrado
;INC 2026-011575;EXP;SIC;YSUYCO;02_Analisis;18/03/2026;00:30:00;Cerrada
;INC 2026-011703;EXP;SIC;YSUYCO;02_Analisis;18/03/2026;00:30:00;Cerrado
;REQ 2025-017900;REQ;SIC;SRODRIGUEZ;02_Analisis;18/03/2026;02:00:00;Cerrada
;REQ 2026-007313;REQ;HCE;JGUILLEN;02_Analisis;18/03/2026;00:30:00;Cerrada
;REQ 2026-008037;REQ;SIC;JGUILLEN;02_Analisis;18/03/2026;00:30:00;Cerrada
;REQ 2026-011381;REQ;SIC;AGARCIA;02_Analisis;18/03/2026;02:30:00;Cerrada
;INC 2026-011823;INC;SIC;AGARCIA;02_Analisis;18/03/2026;01:00:00;Cerrada
;INC 2026-011365;INC;SIC;PBARDALES;02_Analisis;18/03/2026;01:00:00;Cerrada
;INC 2026-011469;EXP;SIC;PBARDALES;02_Analisis;18/03/2026;00:30:00;Cerrada
;REQ 2025-017900;REQ;SIC;JREBAZA;04_Desarrollo;18/03/2026;06:30:00;Cerrada
;REQ 2025-017900;REQ;SIC;SRODRIGUEZ;04_Desarrollo;18/03/2026;05:30:00;Cerrada
;REQ 2026-009898;REQ;HCE;FGONZALES;04_Desarrollo;18/03/2026;04:00:00;Cerrada
;REQ 2024-023822;PRY;HCE UNIFICADA;FPINEDO;04_Desarrollo;18/03/2026;05:00:00;Cerrada
;REQ 2026-001702;REQ;HCE;FPINEDO;04_Desarrollo;18/03/2026;02:30:00;Cerrada
;REQ 2026-003421;REQ;PORTAL PROVEEDORES;JGUILLEN;04_Desarrollo;18/03/2026;01:00:00;Cerrada
;REQ 2026-000067;REQ;SIC;JGUILLEN;04_Desarrollo;18/03/2026;05:30:00;Cerrada
;REQ 2025-041033;REQ;HIS;RGREY;04_Desarrollo;18/03/2026;06:30:00;Cerrada
;REQ 2026-011482;REQ;SIC;AGARCIA;04_Desarrollo;18/03/2026;01:30:00;Cerrada
;INC 2026-011729;EXP;SIC;AGARCIA;04_Desarrollo;18/03/2026;00:40:00;Cerrado
;REQ 2026-010855;REQ;SIC;AGARCIA;04_Desarrollo;18/03/2026;00:30:00;Cerrado
;INC 2026-011587;INC;SIC;AGARCIA;04_Desarrollo;18/03/2026;00:40:00;Cerrada
;INC 2026-011779;INC;SIC;AGARCIA;04_Desarrollo;18/03/2026;00:20:00;Cerrada
;INC 2026-011819;INC;SIC;AGARCIA;04_Desarrollo;18/03/2026;00:30:00;Cerrada
;INC 2026-011862;EXP;SIC;PBARDALES;04_Desarrollo;18/03/2026;01:30:00;Cerrada
;REQ 2025-025291;REQ;SIC;JGUILLEN;05_Pruebas Unitarias;18/03/2026;01:00:00;Cerrada
;REQ 2025-025291;REQ;SIC;PBARDALES;05_Pruebas Unitarias;18/03/2026;01:00:00;Cerrada
;REQ 2024-030409;REQ;SIC;PBARDALES;06_Pruebas Usuario Final;18/03/2026;01:30:00;Cerrada
;REQ 2026-006683;REQ;SIC;FGONZALES;07_Documentación;18/03/2026;02:30:00;Cerrada
;REQ 2026-003421;REQ;PORTAL PROVEEDORES;JGUILLEN;10_Acompañamiento PRD;18/03/2026;03:00:00;Cerrada
;REQ 2026-000067;REQ;SIC;FGONZALES;11_Reunion Interna DEV;18/03/2026;00:30:00;Cerrada
;REQ 2026-000067;REQ;SIC;FGONZALES;11_Reunion Interna DEV;18/03/2026;00:15:00;Cerrada
;REQ 2025-017900;REQ;SIC;FGONZALES;11_Reunion Interna DEV;18/03/2026;01:30:00;Cerrada
;REQ 2025-017900;REQ;SIC;FGONZALES;11_Reunion Interna DEV;18/03/2026;00:30:00;Cerrada
;REQ 2024-019667;REQ;SIC;PBARDALES;11_Reunion Interna DEV;18/03/2026;02:00:00;Cerrada
;REQ 2025-017900;REQ;SIC;JREBAZA;15_Acompañamiento SD;18/03/2026;01:00:00;Cerrada
;REQ 2025-017900;REQ;SIC;SRODRIGUEZ;15_Acompañamiento SD;18/03/2026;01:00:00;Cerrada
;REQ 2025-017900;REQ;SIC;FGONZALES;15_Acompañamiento SD;18/03/2026;01:00:00;Cerrada
;REQ 2026-011345;REQ;SIC;CRODRIGUEZ;02_Analisis;19/03/2026;04:30:00;Cerrada
;REQ 2026-011409;REQ;APP/ WEB;CRODRIGUEZ;02_Analisis;19/03/2026;05:00:00;Cerrada
;INC 2026-011890;INC;APP/ WEB;JROSALES;02_Analisis;19/03/2026;02:00:00;Cerrada
;INC 2026-011980;INC;APP/ WEB;JROSALES;02_Analisis;19/03/2026;01:30:00;Cerrada
;REQ 2026-011838;EXP;APP/ WEB;JROSALES;02_Analisis;19/03/2026;01:30:00;Cerrado
;REQ 2025-041203;REQ;SIC;JROSALES;02_Analisis;19/03/2026;02:30:00;Cerrado
;INC 2026-011144;EXP;AGENDA CITAS;JROSALES;02_Analisis;19/03/2026;02:00:00;Cerrada
;REQ 2025-020782;REQ;SIC;AMOROMISATO;09_Acompañamiento QA;19/03/2026;01:00:00;Cerrada
;REQ 2025-020782;REQ;SIC;AMOROMISATO;04_Desarrollo;19/03/2026;05:00:00;Cerrada
;REQ 2025-036965;REQ;AGENDA CITAS;AMOROMISATO;04_Desarrollo;19/03/2026;03:30:00;Cerrada
;REQ 2025-034476;PRY;CHATBOT;AMOROMISATO;01_Reunion de Entendimiento;19/03/2026;01:00:00;Cerrada
;REQ 2026-011790;REQ;SIC;FGONZALES;01_Reunion de Entendimiento;19/03/2026;00:30:00;Cerrado
;REQ 2026-009341;REQ;SIC;FGONZALES;01_Reunion de Entendimiento;19/03/2026;00:30:00;Asignada a un grupo
;REQ 2026-008854;REQ;SIL;PBARDALES;01_Reunion de Entendimiento;19/03/2026;02:00:00;Cerrada
;REQ 2024-022552;PRY;MAC;AGARCIA;01_Reunion de Entendimiento;19/03/2026;00:30:00;Cerrada
;INC 2026-010915;INC;HCE;TMACASSI;02_Analisis;19/03/2026;04:30:00;Cerrada
;REQ 2026-011945;REQ;SIC;JREBAZA;02_Analisis;19/03/2026;00:30:00;Cerrada
;REQ 2026-011988;REQ;MAC;JREBAZA;02_Analisis;19/03/2026;00:40:00;Cerrada
;REQ 2026-012008;REQ;MAC;JREBAZA;02_Analisis;19/03/2026;00:20:00;Cerrada
;INC 2026-011943;EXP;SIC;JREBAZA;02_Analisis;19/03/2026;01:00:00;Cerrada
;INC 2026-011397;INC;SIC;RGREY;02_Analisis;19/03/2026;02:30:00;Asignada a un grupo
;INC 2026-011181;INC;SIC;YSUYCO;02_Analisis;19/03/2026;01:00:00;Cerrada
;INC 2026-011959;EXP;SIC;YSUYCO;02_Analisis;19/03/2026;01:00:00;Cerrada
;INC 2026-011771;EXP;SIC;YSUYCO;02_Analisis;19/03/2026;01:00:00;Asignada a un grupo
;INC 2026-011688;INC;SIC;YSUYCO;02_Analisis;19/03/2026;02:00:00;Cerrado
;INC 2026-011927;INC;SIC;YSUYCO;02_Analisis;19/03/2026;01:00:00;Cerrado
;INC 2026-011575;EXP;SIC;YSUYCO;02_Analisis;19/03/2026;01:30:00;Cerrado
;REQ 2026-011420;EXP;HCE;YSUYCO;02_Analisis;19/03/2026;02:00:00;Cerrada
;REQ 2026-011420;EXP;HCE;YSUYCO;02_Analisis;19/03/2026;02:00:00;Cerrada
;REQ 2024-030409;REQ;SIC;PBARDALES;02_Analisis;19/03/2026;01:00:00;Cerrada
;REQ 2026-011848;REQ;SAP;PBARDALES;02_Analisis;19/03/2026;00:40:00;Cerrada
;INC 2026-011181;INC;SIC;AGARCIA;02_Analisis;19/03/2026;00:30:00;Cerrada
;REQ 2026-011322;REQ;SIC;AGARCIA;02_Analisis;19/03/2026;00:40:00;Cerrado
;REQ 2025-003378;PRY;HIS;FGONZALES;04_Desarrollo;19/03/2026;06:00:00;Cerrada
;INC 2026-011799;EXP;SIC;FGONZALES;04_Desarrollo;19/03/2026;00:30:00;Cerrada
;REQ 2026-011420;EXP;HCE;RGREY;04_Desarrollo;19/03/2026;02:00:00;Cerrada
;REQ 2025-017900;REQ;SIC;JREBAZA;04_Desarrollo;19/03/2026;04:00:00;Cerrada
;REQ 2024-023822;PRY;HCE UNIFICADA;RGREY;04_Desarrollo;19/03/2026;05:00:00;Cerrada
;REQ 2025-017900;REQ;SIC;JREBAZA;04_Desarrollo;19/03/2026;04:00:00;Cerrada
;REQ 2025-017900;REQ;SIC;SRODRIGUEZ;04_Desarrollo;19/03/2026;04:00:00;Cerrada
;REQ 2025-017900;REQ;SIC;SRODRIGUEZ;04_Desarrollo;19/03/2026;04:30:00;Cerrada
;REQ 2026-009898;REQ;HCE;FGONZALES;04_Desarrollo;19/03/2026;02:00:00;Cerrada
;REQ 2024-023822;PRY;HCE UNIFICADA;FPINEDO;04_Desarrollo;19/03/2026;06:00:00;Cerrada
;REQ 2026-003975;REQ;HIS;FPINEDO;04_Desarrollo;19/03/2026;03:30:00;Cerrada
;REQ 2026-003421;REQ;PORTAL PROVEEDORES;JGUILLEN;04_Desarrollo;19/03/2026;07:30:00;Cerrada
;INC 2026-011758;INC;SIC;PBARDALES;04_Desarrollo;19/03/2026;01:00:00;Cerrada
;INC 2026-011928;INC;SAP;PBARDALES;04_Desarrollo;19/03/2026;01:00:00;Asignada a un grupo
;INC 2026-011862;EXP;SIC;PBARDALES;04_Desarrollo;19/03/2026;01:00:00;Cerrado
;INC 2026-011909;EXP;SIC;AGARCIA;04_Desarrollo;19/03/2026;00:40:00;Cerrada
;INC 2026-011965;INC;SIC;AGARCIA;04_Desarrollo;19/03/2026;00:25:00;Cerrado
;INC 2026-011970;INC;SIC;AGARCIA;04_Desarrollo;19/03/2026;00:10:00;Cerrada
;INC 2026-011986;INC;SIC;AGARCIA;04_Desarrollo;19/03/2026;00:30:00;Cerrada
;INC 2026-011990;INC;SIC;AGARCIA;04_Desarrollo;19/03/2026;00:30:00;Cerrado
;INC 2026-011991;INC;SIC;AGARCIA;04_Desarrollo;19/03/2026;00:30:00;Cerrada
;INC 2026-011993;INC;SIC;AGARCIA;04_Desarrollo;19/03/2026;00:25:00;Cerrada
;INC 2026-011998;INC;SIC;AGARCIA;04_Desarrollo;19/03/2026;02:00:00;Cerrada
;INC 2026-012005;INC;SIC;AGARCIA;04_Desarrollo;19/03/2026;00:20:00;Cerrada
;INC 2026-012000;INC;SIC;AGARCIA;04_Desarrollo;19/03/2026;00:50:00;Cerrada
;INC 2026-012065;INC;SIC;AGARCIA;04_Desarrollo;19/03/2026;00:25:00;Cerrada
;REQ 2026-012068;REQ;SIC;AGARCIA;04_Desarrollo;19/03/2026;00:20:00;Cerrada
;INC 2026-012064;INC;SIC;AGARCIA;04_Desarrollo;19/03/2026;00:25:00;Cerrada
;REQ 2026-012075;EXP;SAP;PBARDALES;04_Desarrollo;19/03/2026;01:00:00;Cerrada
;REQ 2026-003421;REQ;PORTAL PROVEEDORES;JGUILLEN;10_Acompañamiento PRD;19/03/2026;02:00:00;Cerrada
;REQ 2025-022343;REQ;SIC;AGARCIA;10_Acompañamiento PRD;19/03/2026;00:30:00;Cerrada
;REQ 2025-022344;REQ;SIC;AGARCIA;10_Acompañamiento PRD;19/03/2026;00:30:00;Cerrada
;REQ 2025-017900;REQ;SIC;JREBAZA;11_Reunion Interna DEV;19/03/2026;00:40:00;Cerrada
;REQ 2025-017900;REQ;SIC;SRODRIGUEZ;14_Seguimiento Requerimiento;19/03/2026;01:00:00;Cerrada
;REQ 2026-010842;REQ;SIC;FGONZALES;14_Seguimiento Requerimiento;19/03/2026;00:30:00;Cerrada
;REQ 2026-010842;REQ;SIC;FGONZALES;15_Acompañamiento SD;19/03/2026;00:30:00;Cerrada
;REQ 2026-012221;REQ;SIC;JROSALES;02_Analisis;20/03/2026;02:00:00;Cerrada
;INC 2026-012010;INC;APP/ WEB;JROSALES;02_Analisis;20/03/2026;01:00:00;Cerrada
;INC 2026-012190;EXP;AGENDA CITAS;JROSALES;02_Analisis;20/03/2026;01:00:00;Cerrada
;INC 2026-012172;INC;APP/ WEB;JROSALES;02_Analisis;20/03/2026;01:20:00;Cerrada
;INC 2026-011877;INC;SIC;JROSALES;02_Analisis;20/03/2026;01:20:00;Cerrada
;REQ 2026-012026;REQ;APP/ WEB;JROSALES;01_Reunion de Entendimiento;20/03/2026;00:30:00;Cerrada
;REQ 2025-011266;PRY;AGENDA PROCEDMIENTOS;JROSALES;02_Analisis;20/03/2026;02:20:00;Cerrada
;REQ 2026-011345;REQ;SIC;CRODRIGUEZ;02_Analisis;20/03/2026;05:00:00;Cerrada
;REQ 2026-011409;REQ;APP/ WEB;CRODRIGUEZ;04_Desarrollo;20/03/2026;04:30:00;Cerrada
;REQ 2025-034476;PRY;CHATBOT;AMOROMISATO;01_Reunion de Entendimiento;20/03/2026;01:30:00;Cerrada
;REQ 2025-036965;REQ;AGENDA CITAS;AMOROMISATO;04_Desarrollo;20/03/2026;08:00:00;NULL
;REQ 2026-012205;REQ;APP/ WEB;FGONZALES;01_Reunion de Entendimiento;20/03/2026;00:30:00;NULL
;REQ 2024-022552;PRY;MAC;AGARCIA;01_Reunion de Entendimiento;20/03/2026;00:40:00;NULL
;REQ 2026-008589;REQ;SAP;FPINEDO;01_Reunion de Entendimiento;20/03/2026;01:00:00;NULL
;REQ 2022-004744;PRY;SIC;TMACASSI;02_Analisis;20/03/2026;01:00:00;NULL
;REQ 2026-011400;REQ;SIC;YSUYCO;02_Analisis;20/03/2026;01:00:00;NULL
;INC 2026-011273;INC;SIC;YSUYCO;02_Analisis;20/03/2026;00:30:00;NULL
;REQ 2026-011322;REQ;SIC;YSUYCO;02_Analisis;20/03/2026;01:00:00;NULL
;REQ 2026-011743;REQ;SIC;YSUYCO;02_Analisis;20/03/2026;01:00:00;NULL
;INC 2026-011801;INC;SCANFLOW;YSUYCO;02_Analisis;20/03/2026;01:00:00;NULL
;INC 2026-011886;INC;SIC;YSUYCO;02_Analisis;20/03/2026;00:30:00;NULL
;INC 2026-011526;INC;SIC;YSUYCO;02_Analisis;20/03/2026;01:00:00;NULL
;REQ 2026-011500;EXP;SIC;YSUYCO;02_Analisis;20/03/2026;00:30:00;NULL
;INC 2026-011877;INC;SIC;YSUYCO;02_Analisis;20/03/2026;00:30:00;NULL
;INC 2026-011910;INC;SIC;YSUYCO;02_Analisis;20/03/2026;00:30:00;NULL
;INC 2026-012053;EXP;SIC;YSUYCO;02_Analisis;20/03/2026;00:30:00;NULL
;INC 2026-011922;EXP;SIC;YSUYCO;02_Analisis;20/03/2026;00:30:00;NULL
;INC 2026-012044;EXP;SIC;YSUYCO;02_Analisis;20/03/2026;00:30:00;NULL
;INC 2026-012085;INC;SIC;YSUYCO;02_Analisis;20/03/2026;00:30:00;NULL
;INC 2026-011924;EXP;SIC;YSUYCO;02_Analisis;20/03/2026;00:30:00;NULL
;INC 2026-012236;EXP;SIC;YSUYCO;02_Analisis;20/03/2026;00:30:00;NULL
;REQ 2025-017900;REQ;SIC;SRODRIGUEZ;02_Analisis;20/03/2026;01:30:00;NULL
;REQ 2026-011904;REQ;SAP;PBARDALES;02_Analisis;20/03/2026;01:00:00;NULL
;INC 2026-010624;INC;SAP;PBARDALES;02_Analisis;20/03/2026;00:30:00;NULL
;INC 2026-012120;INC;SAP;PBARDALES;02_Analisis;20/03/2026;00:40:00;NULL
;INC 2026-012122;INC;SIC;PBARDALES;02_Analisis;20/03/2026;00:40:00;NULL
;INC 2026-012235;INC;SAP;PBARDALES;02_Analisis;20/03/2026;00:40:00;NULL
;INC 2026-012108;INC;SIC;PBARDALES;02_Analisis;20/03/2026;00:40:00;NULL
;INC 2026-010169;INC;SIC;AGARCIA;02_Analisis;20/03/2026;02:00:00;NULL
;INC 2026-011549;INC;SIC;AGARCIA;02_Analisis;20/03/2026;00:20:00;NULL
;REQ 2026-009898;REQ;HCE;FGONZALES;04_Desarrollo;20/03/2026;04:00:00;NULL
;REQ 2026-008708;EXP;SIC;TMACASSI;04_Desarrollo;20/03/2026;01:30:00;NULL
;REQ 2025-017900;REQ;SIC;JREBAZA;04_Desarrollo;20/03/2026;04:00:00;NULL
;REQ 2025-017900;REQ;SIC;JREBAZA;04_Desarrollo;20/03/2026;05:00:00;NULL
;REQ 2026-012174;REQ;PORTAL PROVEEDORES;JGUILLEN;04_Desarrollo;20/03/2026;08:00:00;NULL
;REQ 2026-003097;REQ;HIS;JGUILLEN;04_Desarrollo;20/03/2026;01:30:00;NULL
;REQ 2025-017900;REQ;SIC;SRODRIGUEZ;04_Desarrollo;20/03/2026;04:00:00;NULL
;REQ 2025-017900;REQ;SIC;SRODRIGUEZ;04_Desarrollo;20/03/2026;04:00:00;NULL
;REQ 2025-020052;REQ;SAP;PBARDALES;04_Desarrollo;20/03/2026;02:30:00;NULL
;REQ 2026-012087;REQ;SAP;PBARDALES;04_Desarrollo;20/03/2026;01:00:00;NULL
;INC 2026-011970;INC;SIC;AGARCIA;04_Desarrollo;20/03/2026;00:10:00;NULL
;INC 2026-012102;INC;SIC;AGARCIA;04_Desarrollo;20/03/2026;00:30:00;NULL
;INC 2026-012103;INC;SIC;AGARCIA;04_Desarrollo;20/03/2026;00:30:00;NULL
;INC 2026-012104;INC;SIC;AGARCIA;04_Desarrollo;20/03/2026;00:30:00;NULL
;INC 2026-011880;INC;SIC;AGARCIA;04_Desarrollo;20/03/2026;00:40:00;NULL
;INC 2026-012105;INC;SIC;AGARCIA;04_Desarrollo;20/03/2026;00:20:00;NULL
;INC 2026-012142;INC;SIC;AGARCIA;04_Desarrollo;20/03/2026;00:30:00;NULL
;REQ 2026-012156;REQ;SIC;AGARCIA;04_Desarrollo;20/03/2026;01:30:00;NULL
;REQ 2026-011826;EXP;SIC;RGREY;04_Desarrollo;20/03/2026;09:30:00;NULL
;REQ 2024-023822;PRY;HCE UNIFICADA;FPINEDO;04_Desarrollo;20/03/2026;08:30:00;NULL
;REQ 2026-009898;REQ;HCE;FGONZALES;07_Documentación;20/03/2026;03:00:00;NULL
;REQ 2026-008164;REQ;SIC;TMACASSI;14_Seguimiento Requerimiento;20/03/2026;01:00:00;NULL
;REQ 2025-022343;REQ;SIC;AGARCIA;14_Seguimiento Requerimiento;20/03/2026;00:20:00;NULL
;REQ 2025-022344;REQ;SIC;AGARCIA;14_Seguimiento Requerimiento;20/03/2026;00:20:00;NULL
;REQ 2026-008164;REQ;SIC;JREBAZA;19_Reunion Proveedores;20/03/2026;01:30:00;NULL
;REQ 2024-030409;REQ;SIC;PBARDALES;19_Reunion Proveedores;20/03/2026;01:00:00;NULL
;REQ 2026-011963;REQ;SAP;PBARDALES;19_Reunion Proveedores;20/03/2026;01:00:00;NULL
;INC 2026-013533;INC;SIC;AGARCIA;02_Analisis;21/03/2026;04:00:00;NULL
;REQ 2025-041027;REQ;AGENDA CITAS;CRODRIGUEZ;04_Desarrollo;23/03/2026;05:00:00;NULL
;REQ 2025-041027;REQ;AGENDA CITAS;CRODRIGUEZ;09_Acompañamiento QA;23/03/2026;02:00:00;NULL
;REQ 2026-011409;REQ;APP/ WEB;CRODRIGUEZ;04_Desarrollo;23/03/2026;02:30:00;NULL
;REQ 2025-036965;REQ;AGENDA CITAS;AMOROMISATO;04_Desarrollo;23/03/2026;09:30:00;NULL
;REQ 2026-011402;EXP;APP/ WEB;JROSALES;02_Analisis;23/03/2026;01:40:00;NULL
;INC 2026-012472;EXP;APP/ WEB;JROSALES;02_Analisis;23/03/2026;01:30:00;NULL
;INC 2026-012481;EXP;AGENDA CITAS;JROSALES;02_Analisis;23/03/2026;00:45:00;NULL
;INC 2026-012488;EXP;AGENDA CITAS;JROSALES;02_Analisis;23/03/2026;00:45:00;NULL
;REQ 2026-012449;EXP;APP/ WEB;JROSALES;02_Analisis;23/03/2026;03:30:00;NULL
;INC 2026-012424;INC;AGENDA CITAS;JROSALES;02_Analisis;23/03/2026;00:45:00;NULL
;INC 2026-011855;INC;APP/ WEB;JROSALES;02_Analisis;23/03/2026;00:40:00;NULL
;REQ 2026-007313;REQ;HCE;JGUILLEN;01_Reunion de Entendimiento;23/03/2026;00:30:00;NULL
;REQ 2026-008037;REQ;SIC;JGUILLEN;01_Reunion de Entendimiento;23/03/2026;00:30:00;NULL
;REQ 2024-022552;PRY;MAC;AGARCIA;01_Reunion de Entendimiento;23/03/2026;01:30:00;NULL
;REQ 2024-024413;REQ;SIC;PBARDALES;01_Reunion de Entendimiento;23/03/2026;01:00:00;NULL
;REQ 2024-018390;PRY;SIL;RGREY;01_Reunion de Entendimiento;23/03/2026;01:00:00;NULL
;REQ 2024-023822;PRY;HCE UNIFICADA;FPINEDO;01_Reunion de Entendimiento;23/03/2026;01:00:00;NULL
;REQ 2026-009725;REQ;SIC;TMACASSI;02_Analisis;23/03/2026;03:30:00;NULL
;REQ 2024-006886;PRY;HIS;TMACASSI;02_Analisis;23/03/2026;03:00:00;NULL
;REQ 2025-008920;PRY;SIC;AGARCIA;02_Analisis;23/03/2026;00:20:00;NULL
;INC 2026-011465;INC;SAP;PBARDALES;02_Analisis;23/03/2026;00:20:00;NULL
;INC 2026-012320;INC;SAP;PBARDALES;02_Analisis;23/03/2026;00:30:00;NULL
;INC 2026-011531;INC;SAP;PBARDALES;02_Analisis;23/03/2026;01:00:00;NULL
;REQ 2026-012417;REQ;SAP;PBARDALES;02_Analisis;23/03/2026;00:10:00;NULL
;INC 2026-012212;INC;SIC;YSUYCO;02_Analisis;23/03/2026;02:00:00;NULL
;INC 2026-011964;INC;SIC;YSUYCO;02_Analisis;23/03/2026;02:00:00;NULL
;INC 2026-012176;INC;SIC;YSUYCO;02_Analisis;23/03/2026;02:00:00;NULL
;INC 2026-012226;INC;SIC;YSUYCO;02_Analisis;23/03/2026;01:00:00;NULL
;INC 2026-012388;INC;SIC;YSUYCO;02_Analisis;23/03/2026;00:30:00;NULL
;INC 2026-011801;INC;SCANFLOW;YSUYCO;02_Analisis;23/03/2026;02:00:00;NULL
;REQ 2026-012205;REQ;APP/ WEB;FGONZALES;04_Desarrollo;23/03/2026;03:30:00;NULL
;REQ 2026-012174;REQ;PORTAL PROVEEDORES;JGUILLEN;04_Desarrollo;23/03/2026;05:30:00;NULL
;REQ 2026-012473;REQ;MAC;JREBAZA;04_Desarrollo;23/03/2026;00:30:00;NULL
;REQ 2025-039750;REQ;SIC;FGONZALES;04_Desarrollo;23/03/2026;01:00:00;NULL
;INC 2026-012388;INC;SIC;AGARCIA;04_Desarrollo;23/03/2026;00:40:00;NULL
;REQ 2025-017900;REQ;SIC;SRODRIGUEZ;04_Desarrollo;23/03/2026;05:00:00;NULL
;REQ 2025-017900;REQ;SIC;SRODRIGUEZ;04_Desarrollo;23/03/2026;04:30:00;NULL
;REQ 2026-012258;EXP;SAP;PBARDALES;04_Desarrollo;23/03/2026;01:00:00;NULL
;REQ 2026-012452;EXP;SIC;PBARDALES;04_Desarrollo;23/03/2026;01:00:00;NULL
;REQ 2025-025291;REQ;SIC;JGUILLEN;04_Desarrollo;23/03/2026;02:00:00;NULL
;REQ 2025-017900;REQ;SIC;JREBAZA;04_Desarrollo;23/03/2026;04:20:00;NULL
;REQ 2025-017900;REQ;SIC;JREBAZA;04_Desarrollo;23/03/2026;05:00:00;NULL
;INC 2026-012267;EXP;SIC;RGREY;04_Desarrollo;23/03/2026;08:30:00;NULL
;REQ 2024-023822;PRY;HCE UNIFICADA;FPINEDO;04_Desarrollo;23/03/2026;08:00:00;NULL
;REQ 2025-025291;REQ;SIC;FGONZALES;06_Pruebas Usuario Final;23/03/2026;00:30:00;NULL
;REQ 2025-025291;REQ;SIC;JGUILLEN;06_Pruebas Usuario Final;23/03/2026;00:30:00;NULL
;REQ 2024-022552;PRY;MAC;AGARCIA;06_Pruebas Usuario Final;23/03/2026;07:00:00;NULL
;REQ 2026-010602;REQ;SIC;FGONZALES;09_Acompañamiento QA;23/03/2026;01:00:00;Resuelta
;REQ 2026-011867;REQ;SAP;PBARDALES;10_Acompañamiento PRD;23/03/2026;01:00:00;Cerrada
;REQ 2026-012626;REQ;HCE UNIFICADA;FPINEDO;10_Acompañamiento PRD;23/03/2026;00:30:00;Cerrada
;REQ 2026-010602;REQ;SIC;FGONZALES;11_Reunion Interna DEV;23/03/2026;00:30:00;Cerrada
;REQ 2024-023822;PRY;HCE UNIFICADA;FGONZALES;11_Reunion Interna DEV;23/03/2026;01:00:00;Cerrada
;REQ 2026-011722;REQ;SIC;TMACASSI;11_Reunion Interna DEV;23/03/2026;01:00:00;Resuelta
;REQ 2025-025291;REQ;SIC;JGUILLEN;11_Reunion Interna DEV;23/03/2026;00:30:00;Resuelto
;REQ 2025-007426;REQ;HCE;FGONZALES;15_Acompañamiento SD;23/03/2026;01:00:00;Resuelta
;REQ 2025-025291;REQ;SIC;PBARDALES;15_Acompañamiento SD;23/03/2026;01:00:00;Resuelta
;REQ 2025-041027;REQ;AGENDA CITAS;CRODRIGUEZ;10_Acompañamiento PRD;24/03/2026;01:00:00;Resuelta
;REQ 2025-025667;REQ;APP/ WEB;CRODRIGUEZ;09_Acompañamiento QA;24/03/2026;01:00:00;Cerrada
;REQ 2026-012026;REQ;APP/ WEB;CRODRIGUEZ;02_Analisis;24/03/2026;04:00:00;Resuelto
;REQ 2026-011345;REQ;SIC;CRODRIGUEZ;02_Analisis;24/03/2026;03:30:00;Resuelta
;REQ 2025-036965;REQ;AGENDA CITAS;AMOROMISATO;02_Analisis;24/03/2026;01:00:00;Cerrada
;REQ 2025-034476;PRY;CHATBOT;AMOROMISATO;04_Desarrollo;24/03/2026;01:30:00;Cerrado
;INC 2026-012621;EXP;AGENDA CITAS;JROSALES;02_Analisis;24/03/2026;02:30:00;Resuelta
;REQ 2026-005925;REQ;APP/ WEB;JROSALES;02_Analisis;24/03/2026;02:30:00;Resuelto
;INC 2026-012014;INC;APP/ WEB;JROSALES;02_Analisis;24/03/2026;01:30:00;Cerrada
;REQ 2026-012665;EXP;APP/ WEB;JROSALES;02_Analisis;24/03/2026;01:30:00;Resuelta
;INC 2026-012486;INC;APP/ WEB;JROSALES;02_Analisis;24/03/2026;00:45:00;Cerrada
;INC 2026-012719;INC;APP/ WEB;JROSALES;02_Analisis;24/03/2026;01:00:00;Cerrada
;REQ 2025-036965;REQ;AGENDA CITAS;AMOROMISATO;04_Desarrollo;24/03/2026;07:00:00;Cerrado
;REQ 2026-001702;REQ;HCE;FPINEDO;01_Reunion de Entendimiento;24/03/2026;01:00:00;Cerrada
;REQ 2024-002604;REQ;SIC;FPINEDO;01_Reunion de Entendimiento;24/03/2026;01:30:00;Cerrada
;REQ 2024-022552;PRY;MAC;AGARCIA;01_Reunion de Entendimiento;24/03/2026;01:00:00;Resuelta
;REQ 2026-007313;REQ;HCE;JGUILLEN;01_Reunion de Entendimiento;24/03/2026;00:30:00;Cerrada
;REQ 2025-017900;REQ;SIC;SRODRIGUEZ;01_Reunion de Entendimiento;24/03/2026;01:30:00;Cerrada
;REQ 2025-017900;REQ;SIC;JREBAZA;01_Reunion de Entendimiento;24/03/2026;01:00:00;Cerrada
;REQ 2026-012677;REQ;SIC;JREBAZA;02_Analisis;24/03/2026;00:40:00;Cerrada
;REQ 2026-012579;REQ;MAC;JREBAZA;02_Analisis;24/03/2026;00:50:00;Cerrada
;INC 2026-012572;INC;SIC;YSUYCO;02_Analisis;24/03/2026;02:00:00;Cerrada
;INC 2026-011964;INC;SIC;YSUYCO;02_Analisis;24/03/2026;01:00:00;Cerrada
;REQ 2026-011881;REQ;SIC;YSUYCO;02_Analisis;24/03/2026;01:00:00;Cerrada
;REQ 2026-011087;REQ;MAC;YSUYCO;02_Analisis;24/03/2026;01:00:00;Cerrada
;INC 2026-012598;EXP;SIC;YSUYCO;02_Analisis;24/03/2026;02:30:00;Cerrada
;REQ 2026-012374;EXP;SIC;YSUYCO;02_Analisis;24/03/2026;01:00:00;Cerrada
;REQ 2026-012680;REQ;SIC;YSUYCO;02_Analisis;24/03/2026;01:00:00;Cerrada
;REQ 2026-012385;EXP;SIC;TMACASSI;02_Analisis;24/03/2026;03:00:00;Cerrada
;REQ 2026-012283;REQ;HCE UNIFICADA;TMACASSI;02_Analisis;24/03/2026;02:30:00;Cerrada
;REQ 2024-006886;PRY;HIS;TMACASSI;02_Analisis;24/03/2026;02:00:00;Cerrado
;REQ 2025-041033;REQ;HIS;RGREY;02_Analisis;24/03/2026;03:00:00;Cerrada
;REQ 2026-011789;REQ;SIC;AGARCIA;02_Analisis;24/03/2026;01:00:00;Cerrada
;REQ 2024-017864;PRY;PORTAL PROVEEDORES;JGUILLEN;02_Analisis;24/03/2026;02:00:00;Cerrado
;REQ 2025-017900;REQ;SIC;SRODRIGUEZ;02_Analisis;24/03/2026;01:30:00;Cerrado
;REQ 2026-011963;REQ;SAP;PBARDALES;02_Analisis;24/03/2026;01:00:00;Cerrada
;REQ 2026-012610;REQ;SAP;PBARDALES;02_Analisis;24/03/2026;01:00:00;Cerrada
;INC 2026-012643;INC;SAP;PBARDALES;02_Analisis;24/03/2026;01:00:00;Cerrada
;REQ 2024-024413;REQ;SIC;PBARDALES;02_Analisis;24/03/2026;00:30:00;Cerrada
;REQ 2025-017900;REQ;SIC;JREBAZA;04_Desarrollo;24/03/2026;04:20:00;Cerrada
;REQ 2026-010602;REQ;SIC;FGONZALES;04_Desarrollo;24/03/2026;01:30:00;Cerrada
;REQ 2026-011720;REQ;SIC;RGREY;04_Desarrollo;24/03/2026;01:30:00;Cerrada
;REQ 2024-023822;PRY;HCE UNIFICADA;FPINEDO;04_Desarrollo;24/03/2026;07:00:00;Cerrada
;INC 2026-012509;INC;SIC;AGARCIA;04_Desarrollo;24/03/2026;00:20:00;Resuelta
;REQ 2026-012608;REQ;SIC;AGARCIA;04_Desarrollo;24/03/2026;00:30:00;Resuelta
;REQ 2026-012607;REQ;SIC;AGARCIA;04_Desarrollo;24/03/2026;00:50:00;Resuelto
;REQ 2026-012609;REQ;SIC;AGARCIA;04_Desarrollo;24/03/2026;00:30:00;Resuelta
;REQ 2026-012710;REQ;SIC;AGARCIA;04_Desarrollo;24/03/2026;00:20:00;Resuelta
;REQ 2025-025291;REQ;SIC;JGUILLEN;04_Desarrollo;24/03/2026;02:30:00;Cerrado
;REQ 2025-017900;REQ;SIC;SRODRIGUEZ;04_Desarrollo;24/03/2026;01:00:00;Cerrado
;REQ 2025-017900;REQ;SIC;SRODRIGUEZ;04_Desarrollo;24/03/2026;05:30:00;Cerrada
;REQ 2026-012595;EXP;SAP;PBARDALES;04_Desarrollo;24/03/2026;00:40:00;Cerrada
;REQ 2026-011713;EXP;SIC;PBARDALES;04_Desarrollo;24/03/2026;00:40:00;Cerrada
;REQ 2026-012205;REQ;APP/ WEB;FGONZALES;04_Desarrollo;24/03/2026;00:30:00;Resuelto
;REQ 2025-003378;PRY;HIS;FGONZALES;04_Desarrollo;24/03/2026;03:00:00;Cerrada
;REQ 2025-017900;REQ;SIC;JREBAZA;04_Desarrollo;24/03/2026;02:20:00;Cerrada
;REQ 2026-012174;REQ;PORTAL PROVEEDORES;JGUILLEN;05_Pruebas Unitarias;24/03/2026;05:00:00;Cerrada
;REQ 2026-012205;REQ;APP/ WEB;FGONZALES;06_Pruebas Usuario Final;24/03/2026;00:30:00;Cerrada
;REQ 2024-022552;PRY;MAC;AGARCIA;06_Pruebas Usuario Final;24/03/2026;05:00:00;Cerrada
;REQ 2024-018390;PRY;SIL;RGREY;07_Documentación;24/03/2026;05:00:00;Cerrada
;REQ 2025-020052;REQ;SAP;PBARDALES;07_Documentación;24/03/2026;02:30:00;Cerrada
;REQ 2026-012205;REQ;APP/ WEB;FGONZALES;07_Documentación;24/03/2026;03:00:00;Cerrada
;REQ 2026-012756;REQ;SIC;PBARDALES;10_Acompañamiento PRD;24/03/2026;02:30:00;Cerrada
;REQ 2025-017900;REQ;SIC;FGONZALES;11_Reunion Interna DEV;24/03/2026;01:00:00;Cerrada
;REQ 2025-017900;REQ;SIC;JREBAZA;11_Reunion Interna DEV;24/03/2026;00:50:00;Cerrada
;REQ 2026-012678;REQ;HCE;FGONZALES;15_Acompañamiento SD;24/03/2026;00:30:00;Cerrada
;REQ 2026-012026;REQ;APP/ WEB;CRODRIGUEZ;02_Analisis;25/03/2026;04:30:00;Resuelta
;REQ 2025-025667;REQ;APP/ WEB;CRODRIGUEZ;10_Acompañamiento PRD;25/03/2026;02:00:00;Cerrada
;REQ 2026-011345;REQ;SIC;CRODRIGUEZ;02_Analisis;25/03/2026;03:00:00;Cerrada
;INC 2026-012735;INC;APP/ WEB;JROSALES;02_Analisis;25/03/2026;01:00:00;Cerrada
;INC 2026-012897;INC;APP/ WEB;JROSALES;02_Analisis;25/03/2026;01:20:00;Cerrada
;REQ 2026-012888;REQ;APP/ WEB;JROSALES;02_Analisis;25/03/2026;01:45:00;Cerrada
;REQ 2026-005925;REQ;APP/ WEB;JROSALES;01_Reunion de Entendimiento;25/03/2026;02:30:00;Cerrado
;REQ 2025-011266;PRY;AGENDA PROCEDMIENTOS;JROSALES;02_Analisis;25/03/2026;01:45:00;Cerrada
;REQ 2026-005925;REQ;APP/ WEB;JROSALES;02_Analisis;25/03/2026;01:10:00;Asignada a un grupo
;REQ 2025-036965;REQ;AGENDA CITAS;AMOROMISATO;04_Desarrollo;25/03/2026;05:00:00;Cerrado
;REQ 2024-019667;REQ;SIC;AMOROMISATO;02_Analisis;25/03/2026;02:00:00;Cerrada
;REQ 2025-036965;REQ;AGENDA CITAS;AMOROMISATO;07_Documentación;25/03/2026;02:30:00;Cerrada
;REQ 2024-022552;PRY;MAC;AGARCIA;01_Reunion de Entendimiento;25/03/2026;01:40:00;Cerrada
;REQ 2026-012806;REQ;MAC;JREBAZA;02_Analisis;25/03/2026;00:50:00;Cerrada
;REQ 2026-012631;EXP;SIC;JREBAZA;02_Analisis;25/03/2026;00:50:00;Cerrada
;REQ 2026-012851;EXP;SIC;JREBAZA;02_Analisis;25/03/2026;00:50:00;Cerrada
;REQ 2026-012882;EXP;SIC;JREBAZA;02_Analisis;25/03/2026;00:40:00;Cerrada
;REQ 2026-012926;EXP;SIC;JREBAZA;02_Analisis;25/03/2026;00:40:00;Cerrada
;INC 2026-012699;INC;SIC;YSUYCO;02_Analisis;25/03/2026;02:00:00;Cerrada
;INC 2026-011964;INC;SIC;YSUYCO;02_Analisis;25/03/2026;02:00:00;Cerrada
;INC 2026-012572;INC;SIC;YSUYCO;02_Analisis;25/03/2026;00:30:00;Cerrada
;REQ 2026-012593;EXP;SIC;YSUYCO;02_Analisis;25/03/2026;01:00:00;Cerrada
;INC 2026-012856;EXP;HCE;YSUYCO;02_Analisis;25/03/2026;02:00:00;Cerrada
;REQ 2026-012829;REQ;SIC;YSUYCO;02_Analisis;25/03/2026;01:00:00;Cerrada
;INC 2026-012917;INC;SIC;YSUYCO;02_Analisis;25/03/2026;01:00:00;Cerrada
;REQ 2026-012678;REQ;HCE;FGONZALES;02_Analisis;25/03/2026;01:00:00;Cerrada
;INC 2026-010915;INC;HCE;TMACASSI;02_Analisis;25/03/2026;03:00:00;Cerrada
;REQ 2026-011789;REQ;SIC;AGARCIA;02_Analisis;25/03/2026;01:00:00;Cerrada
;REQ 2026-012855;REQ;SIC;AGARCIA;02_Analisis;25/03/2026;00:10:00;Cerrada
;REQ 2026-012880;EXP;SIC;PBARDALES;02_Analisis;25/03/2026;02:00:00;Cerrada
;REQ 2025-025291;REQ;SIC;PBARDALES;02_Analisis;25/03/2026;00:40:00;Cerrada
;REQ 2026-008854;REQ;SIL;PBARDALES;02_Analisis;25/03/2026;01:30:00;Cerrada
;REQ 2026-012893;EXP;SIC;FGONZALES;04_Desarrollo;25/03/2026;00:30:00;Cerrada
;REQ 2025-017900;REQ;SIC;JREBAZA;04_Desarrollo;25/03/2026;04:20:00;Cerrada
;REQ 2025-017900;REQ;SIC;JREBAZA;04_Desarrollo;25/03/2026;01:40:00;Cerrada
;REQ 2026-010602;REQ;SIC;FGONZALES;04_Desarrollo;25/03/2026;02:00:00;Cerrada
;REQ 2025-003378;PRY;HIS;FGONZALES;04_Desarrollo;25/03/2026;02:00:00;Cerrada
;REQ 2026-012678;REQ;HCE;FGONZALES;04_Desarrollo;25/03/2026;01:00:00;Cerrada
;REQ 2024-023822;PRY;HCE UNIFICADA;FPINEDO;04_Desarrollo;25/03/2026;10:00:00;Cerrada
;INC 2026-012809;INC;SIC;AGARCIA;04_Desarrollo;25/03/2026;00:30:00;Cerrada
;INC 2026-012837;INC;SIC;AGARCIA;04_Desarrollo;25/03/2026;00:20:00;Cerrada
;INC 2026-012844;INC;SIC;AGARCIA;04_Desarrollo;25/03/2026;00:30:00;Cerrada
;INC 2026-012853;INC;SIC;AGARCIA;04_Desarrollo;25/03/2026;00:50:00;Cerrada
;INC 2026-012847;INC;SIC;AGARCIA;04_Desarrollo;25/03/2026;00:20:00;Cerrado
;REQ 2026-012821;REQ;PORTAL PROVEEDORES;JGUILLEN;04_Desarrollo;25/03/2026;07:00:00;Cerrado
;REQ 2025-025291;REQ;SIC;JGUILLEN;04_Desarrollo;25/03/2026;02:00:00;Cerrado
;REQ 2025-017900;REQ;SIC;SRODRIGUEZ;04_Desarrollo;25/03/2026;04:00:00;Cerrado
;REQ 2025-017900;REQ;SIC;SRODRIGUEZ;04_Desarrollo;25/03/2026;05:30:00;Cerrado
;REQ 2024-022552;PRY;MAC;AGARCIA;06_Pruebas Usuario Final;25/03/2026;06:00:00;Cerrado
;REQ 2026-010602;REQ;SIC;FGONZALES;07_Documentación;25/03/2026;01:00:00;Cerrado
;REQ 2024-018390;PRY;SIL;RGREY;07_Documentación;25/03/2026;09:30:00;Cerrado
;REQ 2025-020052;REQ;SAP;PBARDALES;07_Documentación;25/03/2026;03:00:00;Cerrado
;REQ 2026-010602;REQ;SIC;FGONZALES;09_Acompañamiento QA;25/03/2026;00:30:00;Cerrado
;REQ 2026-012678;REQ;HCE;FGONZALES;09_Acompañamiento QA;25/03/2026;01:00:00;Cerrada
;REQ 2026-011003;REQ;DATOS;PBARDALES;10_Acompañamiento PRD;25/03/2026;01:00:00;Cerrada
;REQ 2026-012756;REQ;SIC;PBARDALES;10_Acompañamiento PRD;25/03/2026;01:30:00;Cerrada
;REQ 2026-007313;REQ;HCE;FGONZALES;11_Reunion Interna DEV;25/03/2026;00:30:00;Cerrada
;REQ 2026-012880;EXP;SIC;TMACASSI;11_Reunion Interna DEV;25/03/2026;03:00:00;Cerrada
;REQ 2025-025667;REQ;APP/ WEB;CRODRIGUEZ;04_Desarrollo;26/03/2026;02:00:00;Cerrada
;REQ 2026-012026;REQ;APP/ WEB;CRODRIGUEZ;04_Desarrollo;26/03/2026;06:00:00;Cerrada
;REQ 2025-041027;REQ;AGENDA CITAS;CRODRIGUEZ;10_Acompañamiento PRD;26/03/2026;02:00:00;Cerrada
;REQ 2026-002094;REQ;AGENDA CITAS;JROSALES;01_Reunion de Entendimiento;26/03/2026;01:00:00;Cerrada
;REQ 2026-002094;REQ;AGENDA CITAS;JROSALES;01_Reunion de Entendimiento;26/03/2026;01:30:00;Cerrada
;REQ 2025-042069;REQ;APP/ WEB;JROSALES;02_Analisis;26/03/2026;01:00:00;Cerrada
;REQ 2025-034476;PRY;CHATBOT;AMOROMISATO;04_Desarrollo;26/03/2026;03:30:00;Cerrada
;REQ 2026-003423;REQ;APP/ WEB;JROSALES;02_Analisis;26/03/2026;02:00:00;Cerrada
;REQ 2026-013015;EXP;APP/ WEB;JROSALES;02_Analisis;26/03/2026;00:30:00;Cerrada
;REQ 2025-042609;REQ;SIC;JROSALES;02_Analisis;26/03/2026;01:30:00;Cerrada
;INC 2026-012994;INC;AGENDA CITAS;JROSALES;02_Analisis;26/03/2026;01:00:00;Cerrada
;REQ 2025-034476;PRY;CHATBOT;AMOROMISATO;04_Desarrollo;26/03/2026;06:00:00;Cerrada
;REQ 2026-008037;REQ;SIC;JGUILLEN;01_Reunion de Entendimiento;26/03/2026;00:30:00;Cerrada
;REQ 2026-012232;REQ;SIC;FGONZALES;01_Reunion de Entendimiento;26/03/2026;01:00:00;Cerrada
;REQ 2024-022552;PRY;MAC;AGARCIA;01_Reunion de Entendimiento;26/03/2026;01:00:00;Cerrada
;REQ 2026-012960;REQ;SIC;JREBAZA;02_Analisis;26/03/2026;00:30:00;Cerrada
;INC 2026-010915;INC;HCE;TMACASSI;02_Analisis;26/03/2026;01:15:00;Cerrada
;REQ 2026-011581;REQ;MAC;JREBAZA;02_Analisis;26/03/2026;00:20:00;Cerrada
;REQ 2026-011582;REQ;MAC;JREBAZA;02_Analisis;26/03/2026;00:20:00;Cerrada
;REQ 2026-011585;REQ;MAC;JREBAZA;02_Analisis;26/03/2026;00:20:00;Cerrado
;INC 2026-013002;INC;SIC;YSUYCO;02_Analisis;26/03/2026;01:30:00;Cerrado
;REQ 2026-012593;EXP;SIC;YSUYCO;02_Analisis;26/03/2026;02:00:00;Cerrado
;INC 2026-012917;INC;SIC;YSUYCO;02_Analisis;26/03/2026;02:00:00;Cerrada
;INC 2026-012572;INC;SIC;YSUYCO;02_Analisis;26/03/2026;00:30:00;Cerrada
;INC 2026-010936;INC;SIC;YSUYCO;02_Analisis;26/03/2026;01:30:00;Cerrada
;REQ 2026-012744;EXP;SIC;YSUYCO;02_Analisis;26/03/2026;01:00:00;Cerrada
;INC 2026-012966;INC;SIC;YSUYCO;02_Analisis;26/03/2026;00:30:00;Cerrada
;INC 2026-013181;EXP;SIC;YSUYCO;02_Analisis;26/03/2026;00:30:00;Cerrada
;REQ 2026-012834;REQ;SIC;AGARCIA;02_Analisis;26/03/2026;02:00:00;Cerrada
;REQ 2024-024413;REQ;SIC;PBARDALES;02_Analisis;26/03/2026;00:30:00;Cerrada
;REQ 2026-008854;REQ;SIL;PBARDALES;02_Analisis;26/03/2026;02:00:00;Cerrada
;REQ 2026-013175;REQ;SAP;PBARDALES;02_Analisis;26/03/2026;00:40:00;Cerrada
;REQ 2026-012959;REQ;SIC;RGREY;02_Analisis;26/03/2026;03:00:00;Cerrada
;REQ 2026-012678;REQ;HCE;RGREY;02_Analisis;26/03/2026;02:30:00;Cerrada
;REQ 2025-017900;REQ;SIC;JREBAZA;04_Desarrollo;26/03/2026;04:20:00;Cerrada
;REQ 2025-017900;REQ;SIC;JREBAZA;04_Desarrollo;26/03/2026;02:50:00;Cerrada
;REQ 2025-025291;REQ;SIC;JGUILLEN;04_Desarrollo;26/03/2026;03:00:00;Cerrada
;REQ 2026-011790;REQ;SIC;FGONZALES;04_Desarrollo;26/03/2026;01:00:00;Cerrada
;REQ 2026-012678;REQ;HCE;FGONZALES;04_Desarrollo;26/03/2026;01:00:00;Cerrada
;REQ 2026-010602;REQ;SIC;FGONZALES;04_Desarrollo;26/03/2026;01:00:00;Cerrada
;INC 2026-012858;INC;SIC;AGARCIA;04_Desarrollo;26/03/2026;00:30:00;Cerrada
;INC 2026-012912;EXP;SIC;AGARCIA;04_Desarrollo;26/03/2026;00:30:00;Cerrada
;INC 2026-013008;INC;SIC;AGARCIA;04_Desarrollo;26/03/2026;00:10:00;Cerrada
;INC 2026-012999;INC;SIC;AGARCIA;04_Desarrollo;26/03/2026;00:10:00;Cerrada
;INC 2026-013001;INC;SIC;AGARCIA;04_Desarrollo;26/03/2026;00:10:00;Cerrada
;REQ 2026-012855;REQ;SIC;AGARCIA;04_Desarrollo;26/03/2026;00:20:00;Cerrada
;INC 2026-013035;INC;SIC;AGARCIA;04_Desarrollo;26/03/2026;00:20:00;Cerrada
;INC 2026-013124;INC;SIC;AGARCIA;04_Desarrollo;26/03/2026;00:20:00;Cerrada
;INC 2026-013186;INC;SIC;AGARCIA;04_Desarrollo;26/03/2026;00:20:00;Cerrada
;REQ 2026-012992;EXP;SAP;PBARDALES;04_Desarrollo;26/03/2026;00:40:00;Cerrada
;REQ 2026-013006;EXP;SAP;PBARDALES;04_Desarrollo;26/03/2026;01:00:00;Cerrada
;INC 2026-013043;EXP;SIC;PBARDALES;04_Desarrollo;26/03/2026;00:40:00;Cerrada
;REQ 2025-017900;REQ;SIC;SRODRIGUEZ;04_Desarrollo;26/03/2026;04:00:00;Cerrado
;REQ 2026-007313;REQ;HCE;JGUILLEN;04_Desarrollo;26/03/2026;05:00:00;Cerrada
;REQ 2025-041088;REQ;HCE;RGREY;04_Desarrollo;26/03/2026;04:00:00;Cerrado
;REQ 2024-023822;PRY;HCE UNIFICADA;FPINEDO;04_Desarrollo;26/03/2026;07:00:00;Cerrado
;REQ 2026-010602;REQ;SIC;FPINEDO;04_Desarrollo;26/03/2026;03:00:00;Cerrada
;REQ 2025-017900;REQ;SIC;SRODRIGUEZ;04_Desarrollo;26/03/2026;04:30:00;Cerrada
;REQ 2026-011790;REQ;SIC;FGONZALES;06_Pruebas Usuario Final;26/03/2026;00:30:00;Cerrada
;REQ 2024-022552;PRY;MAC;AGARCIA;06_Pruebas Usuario Final;26/03/2026;04:00:00;Cerrada
;REQ 2026-011790;REQ;SIC;FGONZALES;07_Documentación;26/03/2026;01:00:00;Cerrada
;REQ 2025-020052;REQ;SAP;FGONZALES;11_Reunion Interna DEV;26/03/2026;00:30:00;Cerrada
;REQ 2025-008088;PRY;SIC;FGONZALES;11_Reunion Interna DEV;26/03/2026;01:30:00;Cerrada
;REQ 2026-013021;REQ;SIC;FGONZALES;11_Reunion Interna DEV;26/03/2026;00:30:00;Cerrada
;REQ 2026-007313;REQ;HCE;JGUILLEN;11_Reunion Interna DEV;26/03/2026;00:40:00;Cerrada
;REQ 2025-025291;REQ;SIC;JGUILLEN;11_Reunion Interna DEV;26/03/2026;01:00:00;Cerrada
;REQ 2026-007313;REQ;HCE;TMACASSI;11_Reunion Interna DEV;26/03/2026;00:40:00;Cerrada
;REQ 2026-010602;REQ;SIC;FGONZALES;11_Reunion Interna DEV;26/03/2026;00:30:00;Cerrada
;REQ 2026-013021;REQ;SIC;FGONZALES;11_Reunion Interna DEV;26/03/2026;00:45:00;Cerrada
;REQ 2026-006194;REQ;DATOS;TMACASSI;14_Seguimiento Requerimiento;26/03/2026;01:00:00;Cerrada
;REQ 2026-009725;REQ;SIC;TMACASSI;14_Seguimiento Requerimiento;26/03/2026;00:30:00;Cerrada
;REQ 2022-004744;PRY;SIC;TMACASSI;15_Acompañamiento SD;26/03/2026;01:00:00;Cerrada
;REQ 2026-012678;REQ;HCE;FGONZALES;15_Acompañamiento SD;26/03/2026;01:00:00;Cerrada
;REQ 2025-025291;REQ;SIC;PBARDALES;15_Acompañamiento SD;26/03/2026;01:00:00;Cerrada
;INC 2026-013186;INC;SIC;AGARCIA;17_Capacitaciones;26/03/2026;00:30:00;Cerrada
;REQ 2026-011963;REQ;SAP;PBARDALES;19_Reunion Proveedores;26/03/2026;02:30:00;Cerrada
;INC 2026-013012;INC;APP/ WEB;JROSALES;02_Analisis;27/03/2026;00:45:00;Cerrada
;INC 2026-013262;INC;AGENDA CITAS;JROSALES;02_Analisis;27/03/2026;02:00:00;Cerrada
;REQ 2026-012495;REQ;APP/ WEB;JROSALES;02_Analisis;27/03/2026;02:00:00;Cerrada
;REQ 2026-013405;EXP;APP/ WEB;JROSALES;02_Analisis;27/03/2026;01:45:00;Cerrada
;INC 2026-013427;INC;AGENDA CITAS;JROSALES;02_Analisis;27/03/2026;00:45:00;Cerrada
;INC 2026-012986;INC;APP/ WEB;JROSALES;02_Analisis;27/03/2026;01:30:00;Cerrada
;INC 2026-013179;EXP;AGENDA CITAS;JROSALES;02_Analisis;27/03/2026;01:00:00;Cerrada
;REQ 2025-034476;PRY;CHATBOT;AMOROMISATO;04_Desarrollo;27/03/2026;02:30:00;Cerrada
;REQ 2025-034476;PRY;CHATBOT;AMOROMISATO;04_Desarrollo;27/03/2026;01:00:00;Cerrada
;REQ 2026-012026;REQ;APP/ WEB;CRODRIGUEZ;04_Desarrollo;27/03/2026;05:00:00;Cerrada
;REQ 2026-011409;REQ;APP/ WEB;CRODRIGUEZ;04_Desarrollo;27/03/2026;04:30:00;Cerrada
;REQ 2025-034476;PRY;CHATBOT;AMOROMISATO;04_Desarrollo;27/03/2026;05:00:00;Cerrada
;REQ 2025-034476;PRY;CHATBOT;AMOROMISATO;05_Pruebas Unitarias;27/03/2026;01:00:00;Cerrada
;REQ 2026-013213;EXP;SIC;AGARCIA;01_Reunion de Entendimiento;27/03/2026;01:00:00;Cerrada
;REQ 2026-013199;REQ;MAC;JREBAZA;02_Analisis;27/03/2026;00:50:00;Cerrada
;REQ 2026-013200;REQ;MAC;JREBAZA;02_Analisis;27/03/2026;00:50:00;Cerrada
;REQ 2026-012630;REQ;MAC;JREBAZA;02_Analisis;27/03/2026;00:30:00;Cerrada
;REQ 2026-013039;REQ;SIC;JREBAZA;02_Analisis;27/03/2026;00:50:00;Cerrada
;INC 2026-013110;INC;SIC;YSUYCO;02_Analisis;27/03/2026;01:00:00;Cerrada
;INC 2026-013282;INC;SIC;YSUYCO;02_Analisis;27/03/2026;01:00:00;Cerrada
;REQ 2026-013292;REQ;SIC;YSUYCO;02_Analisis;27/03/2026;02:30:00;Cerrado
;REQ 2026-013315;EXP;SIC;YSUYCO;02_Analisis;27/03/2026;00:30:00;Cerrado
;INC 2026-013350;INC;SIC;YSUYCO;02_Analisis;27/03/2026;01:00:00;Cerrado
;REQ 2026-012173;REQ;SIC;YSUYCO;02_Analisis;27/03/2026;02:30:00;Cerrado
;INC 2026-013323;INC;SIC;YSUYCO;02_Analisis;27/03/2026;01:00:00;Cerrado
;REQ 2026-012385;EXP;SIC;TMACASSI;02_Analisis;27/03/2026;;Cerrada
;INC 2026-013294;INC;SIC;AGARCIA;02_Analisis;27/03/2026;;Cerrada
;REQ 2026-012711;REQ;SIC;PBARDALES;02_Analisis;27/03/2026;;Cerrada
;REQ 2024-024413;REQ;SIC;PBARDALES;02_Analisis;27/03/2026;;Cerrada
;REQ 2026-013207;REQ;SAP;PBARDALES;02_Analisis;27/03/2026;;Cerrada
;INC 2026-013218;INC;SAP;PBARDALES;02_Analisis;27/03/2026;;Cerrada
;REQ 2026-013175;REQ;SAP;PBARDALES;02_Analisis;27/03/2026;;Cerrada
;REQ 2025-025291;REQ;SIC;JGUILLEN;04_Desarrollo;27/03/2026;06:30:00;Cerrada
;REQ 2026-010602;REQ;SIC;FPINEDO;04_Desarrollo;27/03/2026;10:00:00;Cerrada
;REQ 2026-012678;REQ;HCE;FGONZALES;04_Desarrollo;27/03/2026;02:00:00;Cerrada
;REQ 2026-013021;REQ;SIC;FGONZALES;04_Desarrollo;27/03/2026;00:30:00;Cerrada
;REQ 2026-013213;EXP;SIC;AGARCIA;04_Desarrollo;27/03/2026;03:30:00;Cerrada
;INC 2026-013409;INC;SIC;AGARCIA;04_Desarrollo;27/03/2026;00:20:00;Cerrada
;INC 2026-013381;INC;SIC;AGARCIA;04_Desarrollo;27/03/2026;00:20:00;Cerrada
;REQ 2026-013297;REQ;SIC;AGARCIA;04_Desarrollo;27/03/2026;01:00:00;Cerrada
;REQ 2026-013213;EXP;SIC;PBARDALES;04_Desarrollo;27/03/2026;01:00:00;Cerrada
;REQ 2026-012831;EXP;SAP;PBARDALES;04_Desarrollo;27/03/2026;01:00:00;Cerrada
;REQ 2026-013299;EXP;SAP;PBARDALES;04_Desarrollo;27/03/2026;01:00:00;Cerrado
;REQ 2025-017900;REQ;SIC;JREBAZA;04_Desarrollo;27/03/2026;07:00:00;Cerrado
;REQ 2025-017900;REQ;SIC;SRODRIGUEZ;04_Desarrollo;27/03/2026;04:00:00;Cerrado
;REQ 2025-017900;REQ;SIC;SRODRIGUEZ;04_Desarrollo;27/03/2026;05:30:00;Cerrada
;REQ 2026-001732;REQ;HCE;JGUILLEN;05_Pruebas Unitarias;27/03/2026;02:00:00;Cerrada
;REQ 2025-041088;REQ;HCE;RGREY;05_Pruebas Unitarias;27/03/2026;09:30:00;Cerrada
;REQ 2024-022552;PRY;MAC;AGARCIA;06_Pruebas Usuario Final;27/03/2026;03:30:00;Cerrada
;REQ 2026-010602;REQ;SIC;FGONZALES;07_Documentación;27/03/2026;06:00:00;Cerrada
;REQ 2026-013021;REQ;SIC;FGONZALES;11_Reunion Interna DEV;27/03/2026;01:00:00;Cerrada
;INC 2026-013350;INC;SIC;FGONZALES;11_Reunion Interna DEV;27/03/2026;01:00:00;Cerrada
;REQ 2026-006194;REQ;DATOS;TMACASSI;20_Reunion Seguimiento;27/03/2026;02:00:00;Cerrada
;REQ 2026-006194;REQ;DATOS;PBARDALES;28_Reunion de Entendimiento_Datos;27/03/2026;01:30:00;Cerrada
;REQ 2026-012836;REQ;AGENDA CITAS;CRODRIGUEZ;04_Desarrollo;30/03/2026;06:30:00;Cerrada
;REQ 2026-011345;REQ;SIC;CRODRIGUEZ;02_Analisis;30/03/2026;;Cerrada
;INC 2026-013401;EXP;AGENDA CITAS;JROSALES;02_Analisis;30/03/2026;;Cerrada
;REQ 2026-013745;REQ;APP/ WEB;JROSALES;02_Analisis;30/03/2026;;Cerrado
;INC 2026-013477;INC;APP/ WEB;JROSALES;02_Analisis;30/03/2026;;Cerrada
;INC 2026-013385;INC;APP/ WEB;JROSALES;02_Analisis;30/03/2026;;Cerrada
;INC 2026-013428;INC;APP/ WEB;JROSALES;02_Analisis;30/03/2026;;Cerrada
;INC 2026-013262;INC;AGENDA CITAS;JROSALES;02_Analisis;30/03/2026;;Cerrada
;REQ 2024-019667;REQ;SIC;AMOROMISATO;09_Acompañamiento QA;30/03/2026;03:00:00;Cerrada
;REQ 2024-019667;REQ;SIC;AMOROMISATO;07_Documentación;30/03/2026;00:30:00;Cerrado
;REQ 2025-034476;PRY;CHATBOT;AMOROMISATO;04_Desarrollo;30/03/2026;04:00:00;Cerrado
;REQ 2025-034476;PRY;CHATBOT;AMOROMISATO;04_Desarrollo;30/03/2026;02:00:00;Cerrado
;REQ 2026-012385;EXP;SIC;TMACASSI;01_Reunion de Entendimiento;30/03/2026;02:00:00;Cerrado
;INC 2026-013002;INC;SIC;AGARCIA;01_Reunion de Entendimiento;30/03/2026;00:10:00;Cerrado
;REQ 2024-019667;REQ;SIC;PBARDALES;01_Reunion de Entendimiento;30/03/2026;00:40:00;Cerrado
;REQ 2024-023822;PRY;HCE UNIFICADA;FPINEDO;01_Reunion de Entendimiento;30/03/2026;01:00:00;Cerrado
;REQ 2026-002878;REQ;SIC;FPINEDO;01_Reunion de Entendimiento;30/03/2026;00:30:00;Cerrado
;REQ 2026-013706;REQ;MAC;JREBAZA;02_Analisis;30/03/2026;;Cerrado
;INC 2026-013597;EXP;SIC;JREBAZA;02_Analisis;30/03/2026;;Cerrado
;INC 2026-013110;INC;SIC;YSUYCO;02_Analisis;30/03/2026;;Cerrado
;REQ 2026-012173;REQ;SIC;YSUYCO;02_Analisis;30/03/2026;;Cerrada
;REQ 2026-013370;EXP;SIC;YSUYCO;02_Analisis;30/03/2026;;Cerrada
;REQ 2026-012720;REQ;HCE;YSUYCO;02_Analisis;30/03/2026;;Cerrada
;INC 2026-013659;INC;SIC;YSUYCO;02_Analisis;30/03/2026;;Cerrada
;INC 2026-013680;INC;SIC;YSUYCO;02_Analisis;30/03/2026;;Cerrada
;INC 2026-013624;INC;SIC;YSUYCO;02_Analisis;30/03/2026;;Cerrada
;INC 2026-013460;INC;SIC;YSUYCO;02_Analisis;30/03/2026;;Cerrada
;INC 2026-013597;EXP;SIC;YSUYCO;02_Analisis;30/03/2026;;Cerrada
;REQ 2026-012385;EXP;SIC;TMACASSI;02_Analisis;30/03/2026;;Cerrada
;REQ 2024-006886;PRY;HIS;TMACASSI;02_Analisis;30/03/2026;;Cerrada
;INC 2026-012912;EXP;SIC;AGARCIA;02_Analisis;30/03/2026;;Cerrada
;REQ 2026-013855;REQ;SIC;PBARDALES;02_Analisis;30/03/2026;;Cerrada
;REQ 2026-011963;REQ;SAP;PBARDALES;02_Analisis;30/03/2026;;Cerrada
;REQ 2026-013846;REQ;SIC;PBARDALES;02_Analisis;30/03/2026;;Cerrada
;REQ 2026-013880;EXP;SIC;PBARDALES;02_Analisis;30/03/2026;;Cerrada
;REQ 2026-013726;REQ;SIC;RGREY;02_Analisis;30/03/2026;;Cerrada
;REQ 2025-017900;REQ;SIC;SRODRIGUEZ;02_Analisis;30/03/2026;;Cerrada
;REQ 2026-010602;REQ;SIC;FGONZALES;04_Desarrollo;30/03/2026;01:00:00;Cerrada
;REQ 2025-017900;REQ;SIC;JREBAZA;04_Desarrollo;30/03/2026;07:00:00;Cerrada
;REQ 2026-012232;REQ;SIC;FGONZALES;04_Desarrollo;30/03/2026;01:00:00;Cerrada
;REQ 2026-012232;REQ;SIC;FGONZALES;04_Desarrollo;30/03/2026;02:00:00;Cerrada
;INC 2026-013323;INC;SIC;AGARCIA;04_Desarrollo;30/03/2026;00:20:00;Cerrada
;INC 2026-013437;INC;SIC;AGARCIA;04_Desarrollo;30/03/2026;00:20:00;Cerrada
;INC 2026-013436;INC;SIC;AGARCIA;04_Desarrollo;30/03/2026;00:20:00;Cerrada
;INC 2026-013555;INC;SIC;AGARCIA;04_Desarrollo;30/03/2026;00:20:00;Cerrada
;INC 2026-013659;INC;SIC;AGARCIA;04_Desarrollo;30/03/2026;00:20:00;Cerrada
;INC 2026-013704;INC;SIC;AGARCIA;04_Desarrollo;30/03/2026;00:40:00;Cerrada
;INC 2026-013724;INC;SIC;AGARCIA;04_Desarrollo;30/03/2026;00:30:00;Cerrada
;REQ 2026-012829;REQ;SIC;JGUILLEN;04_Desarrollo;30/03/2026;09:30:00;Cerrada
;INC 2026-013661;EXP;SIC;PBARDALES;04_Desarrollo;30/03/2026;00:40:00;Cerrada
;REQ 2026-012880;EXP;SIC;PBARDALES;04_Desarrollo;30/03/2026;01:00:00;Cerrada
;REQ 2026-013783;EXP;SAP;PBARDALES;04_Desarrollo;30/03/2026;01:00:00;Cerrada
;REQ 2026-013299;EXP;SAP;PBARDALES;04_Desarrollo;30/03/2026;00:40:00;Cerrada
;REQ 2025-041088;REQ;HCE;RGREY;04_Desarrollo;30/03/2026;05:00:00;Cerrada
;REQ 2025-017900;REQ;SIC;SRODRIGUEZ;04_Desarrollo;30/03/2026;02:30:00;Cerrada
;REQ 2025-017900;REQ;SIC;SRODRIGUEZ;04_Desarrollo;30/03/2026;05:30:00;Cerrada
;REQ 2026-012232;REQ;SIC;FGONZALES;06_Pruebas Usuario Final;30/03/2026;00:30:00;Cerrada
;REQ 2024-022552;PRY;MAC;AGARCIA;06_Pruebas Usuario Final;30/03/2026;04:30:00;Cerrada
;REQ 2026-012678;REQ;HCE;FGONZALES;07_Documentación;30/03/2026;02:00:00;Cerrada
;REQ 2026-010602;REQ;SIC;FPINEDO;07_Documentación;30/03/2026;05:00:00;Cerrada
;REQ 2026-010602;REQ;SIC;FGONZALES;09_Acompañamiento QA;30/03/2026;01:00:00;Cerrada
;REQ 2024-021925;REQ;SIC;FGONZALES;09_Acompañamiento QA;30/03/2026;01:30:00;Cerrada
;REQ 2024-002604;REQ;SIC;FPINEDO;09_Acompañamiento QA;30/03/2026;03:00:00;Cerrada
;REQ 2026-013726;REQ;SIC;TMACASSI;11_Reunion Interna DEV;30/03/2026;00:30:00;Cerrado
;REQ 2026-010842;REQ;SIC;TMACASSI;11_Reunion Interna DEV;30/03/2026;01:30:00;Cerrada
;REQ 2026-013021;REQ;SIC;FGONZALES;11_Reunion Interna DEV;30/03/2026;00:30:00;Cerrada
;REQ 2026-013903;REQ;SAP;PBARDALES;25_Desarrollo_Datos;30/03/2026;02:00:00;Cerrado
;INC 2026-014101;INC;APP/ WEB;JROSALES;02_Analisis;31/03/2026;;Cerrado
;INC 2026-014129;INC;APP/ WEB;JROSALES;02_Analisis;31/03/2026;;Cerrada
;REQ 2026-014085;EXP;APP/ WEB;JROSALES;02_Analisis;31/03/2026;;Cerrada
;INC 2026-013919;INC;AGENDA CITAS;JROSALES;02_Analisis;31/03/2026;;Cerrada
;INC 2026-014010;INC;APP/ WEB;JROSALES;02_Analisis;31/03/2026;;Cerrada
;INC 2026-013309;INC;APP/ WEB;JROSALES;02_Analisis;31/03/2026;;Cerrada
;INC 2026-014037;INC;APP/ WEB;JROSALES;02_Analisis;31/03/2026;;Cerrada
;INC 2026-013878;INC;APP/ WEB;JROSALES;02_Analisis;31/03/2026;01:00:00;Cerrada
;REQ 2026-011488;REQ;APP/ WEB;JROSALES;02_Analisis;31/03/2026;01:45:00;Cerrada
;REQ 2026-014139;REQ;APP/ WEB;JROSALES;02_Analisis;31/03/2026;01:00:00;Cerrada
;REQ 2026-012836;REQ;AGENDA CITAS;CRODRIGUEZ;04_Desarrollo;31/03/2026;07:00:00;Cerrada
;REQ 2025-036965;REQ;AGENDA CITAS;AMOROMISATO;15_Acompañamiento SD;31/03/2026;02:00:00;Cerrada
;REQ 2025-036965;REQ;AGENDA CITAS;AMOROMISATO;15_Acompañamiento SD;31/03/2026;01:00:00;Cerrada
;REQ 2025-036965;REQ;AGENDA CITAS;AMOROMISATO;04_Desarrollo;31/03/2026;05:00:00;Cerrada
;REQ 2025-034476;PRY;CHATBOT;AMOROMISATO;04_Desarrollo;31/03/2026;01:30:00;Cerrada
;REQ 2024-002604;REQ;SIC;FPINEDO;01_Reunion de Entendimiento;31/03/2026;01:00:00;Cerrada
;REQ 2026-013917;REQ;SIC;AGARCIA;01_Reunion de Entendimiento;31/03/2026;00:40:00;Cerrada
;REQ 2026-009023;REQ;SIC;TMACASSI;02_Analisis;31/03/2026;05:30:00;Cerrada
;REQ 2026-012173;REQ;SIC;YSUYCO;02_Analisis;31/03/2026;00:30:00;Cerrada
;INC 2026-013810;INC;SIC;YSUYCO;02_Analisis;31/03/2026;01:00:00;Cerrada
;INC 2026-013653;INC;SIC;YSUYCO;02_Analisis;31/03/2026;01:30:00;Cerrada
;INC 2026-011801;INC;SCANFLOW;YSUYCO;02_Analisis;31/03/2026;00:30:00;Cerrada
;REQ 2026-013833;EXP;SIC;YSUYCO;02_Analisis;31/03/2026;00:30:00;Cerrada
;INC 2026-013849;EXP;SIC;YSUYCO;02_Analisis;31/03/2026;00:30:00;Cerrada
;INC 2026-013597;EXP;SIC;YSUYCO;02_Analisis;31/03/2026;00:30:00;Cerrada
;REQ 2026-013370;EXP;SIC;YSUYCO;02_Analisis;31/03/2026;01:30:00;Cerrada
;REQ 2026-013803;REQ;SIC;YSUYCO;02_Analisis;31/03/2026;00:30:00;Cerrada
;INC 2026-013823;INC;SIC;YSUYCO;02_Analisis;31/03/2026;01:00:00;Cerrado
;INC 2026-013997;EXP;SIC;YSUYCO;02_Analisis;31/03/2026;00:30:00;Cerrada
;INC 2026-013680;INC;SIC;YSUYCO;02_Analisis;31/03/2026;00:30:00;Cerrada
;INC 2026-014016;INC;APP/ WEB;YSUYCO;02_Analisis;31/03/2026;00:30:00;Cerrada
;REQ 2026-014021;EXP;SIC;YSUYCO;02_Analisis;31/03/2026;00:30:00;Cerrada
;REQ 2026-013880;EXP;SIC;PBARDALES;02_Analisis;31/03/2026;02:00:00;Cerrada
;INC 2026-013043;EXP;SIC;PBARDALES;02_Analisis;31/03/2026;00:30:00;Cerrada
;REQ 2026-009652;REQ;PORTAL PROVEEDORES;PBARDALES;02_Analisis;31/03/2026;00:30:00;Cerrada
;REQ 2026-014180;REQ;SIC;PBARDALES;02_Analisis;31/03/2026;01:00:00;Cerrada
;REQ 2026-013880;EXP;SIC;AGARCIA;02_Analisis;31/03/2026;01:30:00;Cerrada
;REQ 2025-003378;PRY;HIS;FGONZALES;04_Desarrollo;31/03/2026;02:00:00;Cerrada
;INC 2026-013964;INC;SIC;AGARCIA;04_Desarrollo;31/03/2026;00:40:00;Cerrada
;INC 2026-014042;INC;SIC;AGARCIA;04_Desarrollo;31/03/2026;00:30:00;Cerrada
;INC 2026-014043;INC;SIC;AGARCIA;04_Desarrollo;31/03/2026;00:25:00;Cerrada
;INC 2026-014048;INC;SIC;AGARCIA;04_Desarrollo;31/03/2026;00:25:00;Cerrada
;REQ 2026-013880;EXP;SIC;PBARDALES;04_Desarrollo;31/03/2026;01:00:00;Cerrada
;REQ 2026-014179;EXP;SAP;PBARDALES;04_Desarrollo;31/03/2026;01:00:00;Cerrada
;REQ 2026-013925;EXP;SAP;PBARDALES;04_Desarrollo;31/03/2026;01:00:00;Cerrada
;REQ 2026-013313;REQ;MAC;PBARDALES;04_Desarrollo;31/03/2026;01:00:00;Cerrada
;REQ 2026-013934;EXP;SAP;PBARDALES;04_Desarrollo;31/03/2026;01:00:00;Cerrada
;REQ 2026-007313;REQ;HCE;JGUILLEN;04_Desarrollo;31/03/2026;09:30:00;Cerrada
;REQ 2025-017900;REQ;SIC;JREBAZA;04_Desarrollo;31/03/2026;04:30:00;Cerrada
;REQ 2025-017900;REQ;SIC;JREBAZA;04_Desarrollo;31/03/2026;03:30:00;Cerrada
;INC 2026-013997;EXP;SIC;RGREY;04_Desarrollo;31/03/2026;07:30:00;Cerrado
;REQ 2025-017900;REQ;SIC;SRODRIGUEZ;04_Desarrollo;31/03/2026;04:00:00;Cerrada
;REQ 2025-017900;REQ;SIC;SRODRIGUEZ;04_Desarrollo;31/03/2026;05:30:00;Cerrada
;REQ 2025-041088;REQ;HCE;RGREY;05_Pruebas Unitarias;31/03/2026;02:00:00;Cerrada
;REQ 2026-012232;REQ;SIC;FGONZALES;06_Pruebas Usuario Final;31/03/2026;00:45:00;Cerrada
;REQ 2024-022552;PRY;MAC;AGARCIA;06_Pruebas Usuario Final;31/03/2026;07:30:00;Cerrada
;REQ 2026-010602;REQ;SIC;FPINEDO;07_Documentación;31/03/2026;05:00:00;Cerrada
;REQ 2026-010602;REQ;SIC;FPINEDO;07_Documentación;31/03/2026;04:00:00;Cerrada
;REQ 2026-012232;REQ;SIC;FGONZALES;07_Documentación;31/03/2026;02:00:00;Cerrada
;REQ 2026-012678;REQ;HCE;FGONZALES;09_Acompañamiento QA;31/03/2026;01:15:00;Cerrado
;REQ 2026-010602;REQ;SIC;FGONZALES;09_Acompañamiento QA;31/03/2026;01:00:00;Cerrada
;REQ 2026-013021;REQ;SIC;FGONZALES;11_Reunion Interna DEV;31/03/2026;02:00:00;Cerrada
;REQ 2024-021925;REQ;SIC;FGONZALES;11_Reunion Interna DEV;31/03/2026;00:45:00;Cerrado
;REQ 2025-017900;REQ;SIC;JREBAZA;11_Reunion Interna DEV;31/03/2026;02:00:00;Cerrado
;REQ 2025-025291;REQ;SIC;PBARDALES;19_Reunion Proveedores;31/03/2026;00:40:00;Cerrado
;REQ 2026-013900;REQ;SAP;PBARDALES;28_Reunion de Entendimiento_Datos;31/03/2026;01:00:00;Cerrado
;REQ 2026-011409;REQ;APP/ WEB;CRODRIGUEZ;04_Desarrollo;01/04/2026;04:30:00;Cerrado
;REQ 2026-011345;REQ;SIC;CRODRIGUEZ;02_Analisis;01/04/2026;05:00:00;Cerrado
;INC 2026-014314;EXP;APP/ WEB;JROSALES;02_Analisis;01/04/2026;01:45:00;Cerrado
;REQ 2026-014137;REQ;APP/ WEB;JROSALES;02_Analisis;01/04/2026;00:15:00;Cerrada
;INC 2026-013666;EXP;APP/ WEB;JROSALES;02_Analisis;01/04/2026;01:30:00;Cerrada
;INC 2026-014092;INC;APP/ WEB;JROSALES;02_Analisis;01/04/2026;01:00:00;Cerrada
;INC 2026-014099;INC;APP/ WEB;JROSALES;02_Analisis;01/04/2026;01:00:00;Cerrada
;INC 2026-014312;INC;APP/ WEB;JROSALES;02_Analisis;01/04/2026;01:20:00;Cerrado
;REQ 2026-014286;REQ;APP/ WEB;JROSALES;02_Analisis;01/04/2026;02:00:00;Cerrada
;REQ 2026-014121;REQ;AGENDA CITAS;JROSALES;02_Analisis;01/04/2026;00:15:00;Cerrada
;REQ 2026-014087;REQ;APP/ WEB;JROSALES;02_Analisis;01/04/2026;00:45:00;Cerrada
;REQ 2026-014213;REQ;APP/ WEB;JROSALES;02_Analisis;01/04/2026;00:15:00;Cerrada
;REQ 2025-034476;PRY;CHATBOT;AMOROMISATO;04_Desarrollo;01/04/2026;05:00:00;Cerrada
;REQ 2025-034476;PRY;CHATBOT;AMOROMISATO;04_Desarrollo;01/04/2026;04:00:00;Cerrada
;REQ 2025-034476;PRY;CHATBOT;AMOROMISATO;11_Reunion Interna DEV;01/04/2026;00:30:00;Cerrada
;REQ 2026-013877;REQ;SIC;TMACASSI;01_Reunion de Entendimiento;01/04/2026;01:00:00;Cerrada
;REQ 2026-012880;EXP;SIC;TMACASSI;11_Reunion Interna DEV;01/04/2026;02:30:00;Cerrada
;REQ 2025-017900;REQ;SIC;JREBAZA;04_Desarrollo;01/04/2026;04:30:00;Cerrada
;REQ 2025-017900;REQ;SIC;JREBAZA;04_Desarrollo;01/04/2026;05:30:00;Cerrada
;REQ 2024-024413;REQ;SIC;TMACASSI;15_Acompañamiento SD;01/04/2026;00:30:00;Cerrada
;INC 2026-011575;EXP;SIC;YSUYCO;02_Analisis;01/04/2026;01:30:00;Cerrada
;REQ 2026-012433;EXP;SIC;YSUYCO;02_Analisis;01/04/2026;01:00:00;Cerrado
;REQ 2026-013278;EXP;SIC;YSUYCO;02_Analisis;01/04/2026;02:00:00;Cerrado
;REQ 2026-012583;REQ;MAC;YSUYCO;02_Analisis;01/04/2026;00:30:00;Cerrada
;REQ 2026-014202;EXP;SIC;YSUYCO;02_Analisis;01/04/2026;00:30:00;Cerrada
;REQ 2026-014246;EXP;;YSUYCO;02_Analisis;01/04/2026;01:00:00;Cerrada
;REQ 2026-014252;EXP;;YSUYCO;02_Analisis;01/04/2026;01:30:00;Cerrada
;REQ 2026-014319;REQ;;YSUYCO;02_Analisis;01/04/2026;01:00:00;Cerrada
;REQ 2026-012280;REQ;;YSUYCO;02_Analisis;01/04/2026;00:30:00;Cerrada
;REQ 2026-009023;REQ;;TMACASSI;02_Analisis;01/04/2026;04:30:00;Cerrada
;REQ 2026-010602;REQ;SIC;FGONZALES;11_Reunion Interna DEV;01/04/2026;00:30:00;Cerrado
;REQ 2025-003378;PRY;HIS;FGONZALES;04_Desarrollo;01/04/2026;08:00:00;Cerrada
;REQ 2026-010602;REQ;SIC;FPINEDO;07_Documentación;01/04/2026;04:30:00;Cerrada
;REQ 2024-023822;PRY;HCE UNIFICADA;FPINEDO;04_Desarrollo;01/04/2026;05:00:00;Cerrada
;REQ 2024-022552;PRY;MAC;AGARCIA;01_Reunion de Entendimiento;01/04/2026;01:00:00;Cerrada
;REQ 2024-022552;PRY;MAC;AGARCIA;06_Pruebas Usuario Final;01/04/2026;04:00:00;Cerrada
;REQ 2026-014013;EXP;SIC;AGARCIA;04_Desarrollo;01/04/2026;00:30:00;Cerrada
;INC 2026-014248;INC;SIC;AGARCIA;04_Desarrollo;01/04/2026;00:20:00;Cerrada
;INC 2026-013294;INC;SIC;AGARCIA;04_Desarrollo;01/04/2026;03:00:00;Cerrada
;REQ 2024-021925;REQ;;AGARCIA;02_Analisis;01/04/2026;01:30:00;Cerrada
;REQ 2025-017900;REQ;SIC;SRODRIGUEZ;04_Desarrollo;01/04/2026;04:00:00;Cerrada
;REQ 2025-017900;REQ;SIC;SRODRIGUEZ;04_Desarrollo;01/04/2026;05:30:00;Cerrada
;REQ 2026-014180;REQ;;PBARDALES;02_Analisis;01/04/2026;01:30:00;Cerrada
;REQ 2026-014619;REQ;SAP;PBARDALES;04_Desarrollo;01/04/2026;01:00:00;Cerrada
;REQ 2026-014452;REQ;SIC;PBARDALES;04_Desarrollo;01/04/2026;02:00:00;Cerrado
;INC 2026-014463;INC;;PBARDALES;02_Analisis;01/04/2026;02:00:00;Cerrada
;REQ 2026-014622;REQ;;PBARDALES;02_Analisis;01/04/2026;00:30:00;Cerrada
;REQ 2026-011606;REQ;SIC;PBARDALES;04_Desarrollo;01/04/2026;01:30:00;Cerrada
;REQ 2026-007313;REQ;HCE;JGUILLEN;04_Desarrollo;01/04/2026;09:30:00;Cerrada
;REQ 2026-013877;REQ;;RGREY;02_Analisis;01/04/2026;09:30:00;Cerrada
;INC 2026-012912;EXP;SIC;AGARCIA;04_Desarrollo;02/04/2026;04:30:00;Cerrada
;INC 2026-012912;EXP;SIC;AGARCIA;04_Desarrollo;03/04/2026;04:30:00;Cerrada
;INC 2026-014860;INC;;JROSALES;02_Analisis;06/04/2026;01:00:00;Cerrada
;REQ 2026-014850;REQ;;JROSALES;02_Analisis;06/04/2026;00:50:00;Cerrado
;REQ 2026-013052;REQ;;JROSALES;02_Analisis;06/04/2026;04:40:00;Cerrado
;INC 2026-014044;INC;;JROSALES;02_Analisis;06/04/2026;01:30:00;Cerrado
;INC 2026-014610;INC;;JROSALES;02_Analisis;06/04/2026;00:30:00;Cerrado
;INC 2026-014527;INC;;JROSALES;02_Analisis;06/04/2026;00:30:00;Cerrado
;REQ 2026-013052;REQ;;CRODRIGUEZ;02_Analisis;06/04/2026;01:30:00;Cerrado
;REQ 2026-012836;REQ;AGENDA CITAS;CRODRIGUEZ;24_Validaciones QA;06/04/2026;08:00:00;Cerrada
;REQ 2025-034476;PRY;CHATBOT;AMOROMISATO;04_Desarrollo;06/04/2026;05:00:00;Cerrada
;REQ 2025-034476;PRY;CHATBOT;AMOROMISATO;07_Documentación;06/04/2026;02:00:00;Cerrada
;REQ 2025-034476;PRY;CHATBOT;AMOROMISATO;05_Pruebas Unitarias;06/04/2026;02:30:00;Cerrada
;REQ 2025-017900;REQ;SIC;JREBAZA;11_Reunion Interna DEV;06/04/2026;02:00:00;Cerrada
;REQ 2026-013883;REQ;SIC;TMACASSI;30_Reunion Interna DEV_Datos;06/04/2026;01:00:00;Cerrada
;REQ 2026-014443;EXP;SIC;RGREY;04_Desarrollo;06/04/2026;02:00:00;Cerrada
;REQ 2026-014614;REQ;SIC;RGREY;04_Desarrollo;06/04/2026;04:00:00;Cerrada
;REQ 2026-013877;REQ;SIC;RGREY;01_Reunion de Entendimiento;06/04/2026;01:00:00;Cerrada
;REQ 2026-006581;REQ;AGENDA CITAS;RGREY;04_Desarrollo;06/04/2026;02:30:00;Cerrada
;REQ 2026-014288;REQ;;YSUYCO;02_Analisis;06/04/2026;01:00:00;Cerrada
;INC 2026-014212;INC;;YSUYCO;02_Analisis;06/04/2026;01:00:00;Cerrada
;REQ 2026-012720;REQ;;YSUYCO;02_Analisis;06/04/2026;01:00:00;Cerrada
;REQ 2026-012280;REQ;;YSUYCO;02_Analisis;06/04/2026;01:00:00;Cerrada
;REQ 2026-013063;REQ;;YSUYCO;02_Analisis;06/04/2026;01:00:00;Cerrada
;INC 2026-013460;INC;;YSUYCO;02_Analisis;06/04/2026;01:00:00;Cerrada
;INC 2026-011801;INC;;YSUYCO;02_Analisis;06/04/2026;00:30:00;Cerrada
;INC 2026-014716;EXP;;YSUYCO;02_Analisis;06/04/2026;00:30:00;Cerrada
;INC 2026-014670;EXP;;YSUYCO;02_Analisis;06/04/2026;00:30:00;Cerrada
;REQ 2026-013803;REQ;;YSUYCO;02_Analisis;06/04/2026;01:00:00;Cerrada
;INC 2026-014746;EXP;;YSUYCO;02_Analisis;06/04/2026;00:30:00;Cerrada
;INC 2026-014717;EXP;;YSUYCO;02_Analisis;06/04/2026;00:30:00;Cerrada
;REQ 2026-014709;EXP;;YSUYCO;02_Analisis;06/04/2026;00:30:00;Cerrada
;REQ 2026-012576;EXP;SIC;TMACASSI;05_Pruebas Unitarias;06/04/2026;03:00:00;Cerrada
;REQ 2026-014152;REQ;;TMACASSI;02_Analisis;06/04/2026;02:30:00;Cerrada
;INC 2026-012912;EXP;SIC;AGARCIA;04_Desarrollo;06/04/2026;01:30:00;Cerrada
;REQ 2024-022552;PRY;MAC;AGARCIA;06_Pruebas Usuario Final;06/04/2026;04:30:00;Cerrada
;REQ 2024-022552;PRY;MAC;AGARCIA;01_Reunion de Entendimiento;06/04/2026;00:20:00;Cerrada
;INC 2026-014275;INC;SIC;AGARCIA;04_Desarrollo;06/04/2026;00:20:00;Cerrado
;INC 2026-014277;INC;SIC;AGARCIA;04_Desarrollo;06/04/2026;00:20:00;Cerrada
;INC 2026-014356;INC;SIC;AGARCIA;04_Desarrollo;06/04/2026;00:20:00;Cerrada
;INC 2026-014258;INC;SIC;AGARCIA;04_Desarrollo;06/04/2026;01:20:00;Cerrada
;REQ 2026-013917;REQ;SIC;AGARCIA;11_Reunion Interna DEV;06/04/2026;01:00:00;Cerrada
;INC 2026-014371;INC;;PBARDALES;02_Analisis;06/04/2026;00:30:00;Cerrada
;INC 2026-014310;EXP;SIC;PBARDALES;04_Desarrollo;06/04/2026;01:00:00;Cerrada
;REQ 2026-014845;REQ;;PBARDALES;02_Analisis;06/04/2026;00:30:00;Cerrada
;INC 2026-014511;INC;;PBARDALES;02_Analisis;06/04/2026;01:00:00;Cerrada
;REQ 2026-014697;EXP;SAP;PBARDALES;04_Desarrollo;06/04/2026;01:30:00;Cerrada
;INC 2026-014463;INC;;PBARDALES;02_Analisis;06/04/2026;01:00:00;Cerrada
;REQ 2024-030409;REQ;SIC;PBARDALES;19_Reunion Proveedores;06/04/2026;00:40:00;Cerrada
;REQ 2025-025291;REQ;SIC;PBARDALES;04_Desarrollo;06/04/2026;02:00:00;Cerrada
;REQ 2026-014968;REQ;;PBARDALES;02_Analisis;06/04/2026;01:30:00;Cerrada
;REQ 2025-017900;REQ;SIC;SRODRIGUEZ;02_Analisis;06/04/2026;02:00:00;Cerrada
;REQ 2025-017900;REQ;SIC;SRODRIGUEZ;04_Desarrollo;06/04/2026;03:00:00;Cerrada
;REQ 2025-017900;REQ;SIC;SRODRIGUEZ;04_Desarrollo;06/04/2026;05:30:00;Cerrada
;REQ 2025-017900;REQ;SIC;JREBAZA;04_Desarrollo;06/04/2026;04:00:00;Cerrada
;REQ 2025-017900;REQ;SIC;JREBAZA;04_Desarrollo;06/04/2026;04:00:00;Cerrada
;REQ 2025-025291;REQ;SIC;JGUILLEN;04_Desarrollo;06/04/2026;05:00:00;Cerrada
;REQ 2026-014243;EXP;PORTAL PROVEEDORES;JGUILLEN;04_Desarrollo;06/04/2026;04:30:00;Cerrada
;REQ 2024-023822;PRY;HCE UNIFICADA;FPINEDO;04_Desarrollo;06/04/2026;10:00:00;Cerrado
;REQ 2026-013021;REQ;SIC;FGONZALES;11_Reunion Interna DEV;06/04/2026;02:00:00;Cerrada
;REQ 2026-014753;EXP;SIC;FGONZALES;01_Reunion de Entendimiento;06/04/2026;00:30:00;Cerrada
;REQ 2026-014753;EXP;SIC;FGONZALES;04_Desarrollo;06/04/2026;01:00:00;Cerrada
;REQ 2026-014753;EXP;SIC;FGONZALES;07_Documentación;06/04/2026;02:00:00;Cerrada
;REQ 2026-014753;EXP;SIC;FGONZALES;09_Acompañamiento QA;06/04/2026;01:00:00;Cerrada
;REQ 2026-010602;REQ;SIC;FGONZALES;02_Analisis;06/04/2026;00:30:00;Cerrada
;REQ 2025-003378;PRY;HIS;FGONZALES;02_Analisis;06/04/2026;00:30:00;Cerrada
;REQ 2026-012232;REQ;SIC;FGONZALES;01_Reunion de Entendimiento;06/04/2026;00:30:00;Cerrada
;INC 2026-014962;EXP;SIC;AGARCIA;04_Desarrollo;06/04/2026;00:20:00;Cerrado
;REQ 2026-012753;REQ;APP/ WEB;CRODRIGUEZ;04_Desarrollo;07/04/2026;05:00:00;Cerrada
;REQ 2026-011409;REQ;APP/ WEB;CRODRIGUEZ;04_Desarrollo;07/04/2026;03:00:00;Cerrada
;INC 2026-014016;INC;APP/ WEB;CRODRIGUEZ;02_Analisis;07/04/2026;01:30:00;Cerrada
;REQ 2025-034476;PRY;CHATBOT;AMOROMISATO;11_Reunion Interna DEV;07/04/2026;00:30:00;Cerrada
;REQ 2025-034476;PRY;CHATBOT;AMOROMISATO;07_Documentación;07/04/2026;09:00:00;Cerrada
;INC 2026-014974;INC;APP/ WEB;JROSALES;02_Analisis;07/04/2026;01:30:00;Cerrada
;INC 2026-014995;INC;APP/ WEB;JROSALES;02_Analisis;07/04/2026;01:30:00;Cerrada
;REQ 2026-015054;REQ;APP/ WEB;JROSALES;02_Analisis;07/04/2026;00:45:00;Cerrada
;INC 2026-014016;INC;APP/ WEB;JROSALES;02_Analisis;07/04/2026;02:00:00;Cerrada
;INC 2026-015094;EXP;APP/ WEB;JROSALES;02_Analisis;07/04/2026;02:30:00;Cerrada
;INC 2026-015098;INC;AGENDA CITAS;JROSALES;02_Analisis;07/04/2026;01:20:00;Cerrada
;INC 2026-014907;EXP;APP/ WEB;JROSALES;02_Analisis;07/04/2026;00:30:00;Cerrada
;INC 2026-015224;INC;APP/ WEB;JROSALES;02_Analisis;07/04/2026;00:15:00;Cerrada
;INC 2026-015273;INC;APP/ WEB;JROSALES;02_Analisis;07/04/2026;00:30:00;Cerrada
;REQ 2026-011346;PRY;SIC;RGREY;01_Reunion de Entendimiento;07/04/2026;03:00:00;Cerrada
;REQ 2025-017900;REQ;SIC;JREBAZA;04_Desarrollo;07/04/2026;05:00:00;Cerrada
;REQ 2025-017900;REQ;SIC;JREBAZA;04_Desarrollo;07/04/2026;05:00:00;Cerrada
;INC 2026-014212;INC;SIC;YSUYCO;02_Analisis;07/04/2026;01:30:00;Cerrada
;INC 2026-014027;EXP;SIC;YSUYCO;02_Analisis;07/04/2026;00:30:00;Cerrada
;REQ 2026-014908;EXP;SIC;YSUYCO;02_Analisis;07/04/2026;00:30:00;Cerrada
;INC 2026-014981;EXP;SIC;YSUYCO;02_Analisis;07/04/2026;02:00:00;Cerrada
;INC 2026-014992;INC;SIC;YSUYCO;02_Analisis;07/04/2026;02:00:00;Cerrada
;INC 2026-014704;EXP;SIC;YSUYCO;02_Analisis;07/04/2026;02:30:00;Cerrada
;INC 2026-015162;EXP;SIC;YSUYCO;02_Analisis;07/04/2026;00:30:00;Cerrada
;INC 2026-015185;EXP;SIC;YSUYCO;02_Analisis;07/04/2026;00:30:00;Cerrada
;REQ 2026-006194;REQ;DATOS;TMACASSI;31_Acompañamiento SD_Datos;07/04/2026;05:30:00;Cerrada
;REQ 2026-014152;REQ;MAC;TMACASSI;02_Analisis;07/04/2026;01:30:00;Cerrada
;REQ 2024-023822;PRY;HCE UNIFICADA;FPINEDO;04_Desarrollo;07/04/2026;10:00:00;Cerrada
;REQ 2024-022552;PRY;MAC;AGARCIA;06_Pruebas Usuario Final;07/04/2026;07:00:00;Cerrada
;INC 2026-014962;EXP;SIC;AGARCIA;04_Desarrollo;07/04/2026;00:20:00;Cerrada
;REQ 2025-042937;REQ;SIC;AGARCIA;11_Reunion Interna DEV;07/04/2026;00:30:00;Cerrada
;INC 2026-014283;INC;SIC;AGARCIA;04_Desarrollo;07/04/2026;00:50:00;Cerrada
;INC 2026-014963;INC;SIC;AGARCIA;04_Desarrollo;07/04/2026;00:20:00;Cerrada
;REQ 2026-014964;INC;SIC;AGARCIA;04_Desarrollo;07/04/2026;00:20:00;Cerrada
;INC 2026-014965;INC;SIC;AGARCIA;04_Desarrollo;07/04/2026;00:30:00;Cerrada
;INC 2026-015000;INC;SIC;AGARCIA;04_Desarrollo;07/04/2026;00:30:00;Cerrada
;REQ 2026-006194;REQ;DATOS;PBARDALES;31_Acompañamiento SD_Datos;07/04/2026;02:30:00;Cerrada
;REQ 2024-024413;REQ;SIC;PBARDALES;15_Acompañamiento SD;07/04/2026;01:00:00;Cerrada
;INC 2026-000232;INC;SAP;PBARDALES;02_Analisis;07/04/2026;01:00:00;Cerrada
;REQ 2026-015025;REQ;SAP;PBARDALES;04_Desarrollo;07/04/2026;01:00:00;Cerrada
;REQ 2026-014972;REQ;SAP;PBARDALES;04_Desarrollo;07/04/2026;00:40:00;Cerrada
;REQ 2026-015041;EXP;SIC;PBARDALES;04_Desarrollo;07/04/2026;00:40:00;Cerrado
;INC 2026-014496;EXP;SIC;PBARDALES;04_Desarrollo;07/04/2026;01:00:00;Cerrado
;REQ 2026-014966;INC;SAP;PBARDALES;04_Desarrollo;07/04/2026;01:00:00;Cerrada
;REQ 2024-030409;REQ;SIC;PBARDALES;06_Pruebas Usuario Final;07/04/2026;02:00:00;Cerrado
;REQ 2025-017900;REQ;SIC;SRODRIGUEZ;02_Analisis;07/04/2026;04:00:00;Cerrada
;REQ 2025-017900;REQ;SIC;SRODRIGUEZ;04_Desarrollo;07/04/2026;05:30:00;Cerrada
;REQ 2026-014753;EXP;SIC;FGONZALES;07_Documentación;07/04/2026;02:00:00;Cerrada
;REQ 2026-010602;REQ;SIC;FGONZALES;09_Acompañamiento QA;07/04/2026;03:00:00;Cerrado
;REQ 2025-017900;REQ;SIC;FGONZALES;04_Desarrollo;07/04/2026;03:00:00;Cerrada
;REQ 2026-013021;REQ;SIC;FGONZALES;11_Reunion Interna DEV;07/04/2026;01:00:00;Cerrada
;REQ 2024-018390;PRY;SIL;RGREY;02_Analisis;07/04/2026;09:30:00;Cerrada
;REQ 2026-008037;REQ;SIC;JGUILLEN;02_Analisis;07/04/2026;08:30:00;Cerrada
;REQ 2025-020365;REQ;SIC;JGUILLEN;01_Reunion de Entendimiento;07/04/2026;00:30:00;Cerrada
;REQ 2026-012874;REQ;SIC;JGUILLEN;01_Reunion de Entendimiento;07/04/2026;00:30:00;Cerrada
;INC 2026-015317;EXP;SIC;JROSALES;02_Analisis;08/04/2026;03:30:00;Cerrada
;INC 2026-015382;EXP;APP/ WEB;JROSALES;02_Analisis;08/04/2026;01:20:00;Cerrada
;INC 2026-015205;EXP;APP/ WEB;JROSALES;02_Analisis;08/04/2026;01:20:00;Cerrada
;REQ 2026-015355;REQ;APP/ WEB;JROSALES;02_Analisis;08/04/2026;00:20:00;Cerrada
;REQ 2026-014839;REQ;AGENDA CITAS;JROSALES;02_Analisis;08/04/2026;03:00:00;Cerrada
;REQ 2026-012753;REQ;APP/ WEB;CRODRIGUEZ;04_Desarrollo;08/04/2026;09:30:00;Cerrada
;REQ 2026-015231;REQ;APP/ WEB;AMOROMISATO;02_Analisis;08/04/2026;01:00:00;Cerrada
;REQ 2025-034476;PRY;CHATBOT;AMOROMISATO;11_Reunion Interna DEV;08/04/2026;00:30:00;Cerrada
;REQ 2026-015231;REQ;APP/ WEB;AMOROMISATO;03_Estimación de Actividades;08/04/2026;01:30:00;Cerrada
;REQ 2026-015231;REQ;APP/ WEB;AMOROMISATO;04_Desarrollo;08/04/2026;06:30:00;Cerrada
;REQ 2026-015385;REQ;MAC;JREBAZA;02_Analisis;08/04/2026;00:30:00;Cerrada
;REQ 2025-025291;REQ;SIC;JGUILLEN;06_Pruebas Usuario Final;08/04/2026;00:30:00;Cerrada
;REQ 2026-015067;EXP;SIC;JGUILLEN;04_Desarrollo;08/04/2026;02:00:00;Cerrada
;REQ 2026-015249;EXP;SIC;TMACASSI;02_Analisis;08/04/2026;03:00:00;Cerrada
;REQ 2025-017900;REQ;SIC;JREBAZA;07_Documentación;08/04/2026;06:00:00;Cerrada
;REQ 2025-017900;REQ;SIC;JREBAZA;04_Desarrollo;08/04/2026;03:30:00;Cerrada
;REQ 2026-006194;REQ;DATOS;TMACASSI;31_Acompañamiento SD_Datos;08/04/2026;01:30:00;Cerrada
;REQ 2026-014152;REQ;MAC;TMACASSI;02_Analisis;08/04/2026;02:30:00;Cerrada
;REQ 2026-012280;REQ;MAC;YSUYCO;02_Analisis;08/04/2026;01:00:00;Cerrada
;INC 2026-014515;INC;HCE;YSUYCO;02_Analisis;08/04/2026;00:30:00;Cerrada
;INC 2026-015241;INC;SIC;YSUYCO;02_Analisis;08/04/2026;01:00:00;Cerrada
;REQ 2026-015249;EXP;SIC;YSUYCO;02_Analisis;08/04/2026;00:30:00;Cerrada
;REQ 2026-014709;EXP;SIC;YSUYCO;02_Analisis;08/04/2026;02:00:00;Cerrada
;INC 2026-014809;EXP;SIC;YSUYCO;02_Analisis;08/04/2026;02:00:00;Cerrada
;INC 2026-014717;EXP;SIC;YSUYCO;02_Analisis;08/04/2026;00:30:00;Cerrada
;INC 2026-014916;EXP;SIC;YSUYCO;02_Analisis;08/04/2026;02:00:00;Cerrada
;INC 2026-015162;EXP;SIC;YSUYCO;02_Analisis;08/04/2026;00:30:00;Cerrada
;REQ 2024-022552;PRY;MAC;AGARCIA;06_Pruebas Usuario Final;08/04/2026;07:30:00;Cerrada
;INC 2026-014939;INC;SIC;AGARCIA;04_Desarrollo;08/04/2026;01:30:00;Cerrada
;INC 2026-014983;INC;SIC;AGARCIA;02_Analisis;08/04/2026;00:30:00;Cerrada
;REQ 2026-010602;REQ;SIC;FGONZALES;11_Reunion Interna DEV;08/04/2026;01:00:00;Cerrada
;REQ 2026-013021;REQ;SIC;FGONZALES;11_Reunion Interna DEV;08/04/2026;01:00:00;Cerrada
;REQ 2025-003378;PRY;HIS;FGONZALES;04_Desarrollo;08/04/2026;08:00:00;Cerrada
;REQ 2026-015279;REQ;SAP;PBARDALES;04_Desarrollo;08/04/2026;00:40:00;Cerrada
;REQ 2026-015213;EXP;SIC;PBARDALES;04_Desarrollo;08/04/2026;01:00:00;Cerrada
;REQ 2026-015535;EXP;SAP;PBARDALES;04_Desarrollo;08/04/2026;01:00:00;Cerrada
;REQ 2026-009652;REQ;PORTAL PROVEEDORES;PBARDALES;04_Desarrollo;08/04/2026;03:00:00;Cerrada
;REQ 2026-009652;REQ;PORTAL PROVEEDORES;PBARDALES;04_Desarrollo;08/04/2026;00:40:00;Cerrada
;REQ 2026-014394;REQ;DATOS;PBARDALES;28_Reunion de Entendimiento_Datos;08/04/2026;00:40:00;Cerrada
;REQ 2025-025291;REQ;SIC;PBARDALES;19_Reunion Proveedores;08/04/2026;01:00:00;Cerrada
;REQ 2024-030409;REQ;SIC;PBARDALES;06_Pruebas Usuario Final;08/04/2026;00:40:00;Cerrada
;REQ 2025-017900;REQ;SIC;SRODRIGUEZ;04_Desarrollo;08/04/2026;04:00:00;Cerrada
;REQ 2025-017900;REQ;SIC;SRODRIGUEZ;04_Desarrollo;08/04/2026;05:30:00;Cerrada
;REQ 2026-008037;REQ;SIC;JGUILLEN;04_Desarrollo;08/04/2026;08:00:00;Cerrado
;REQ 2025-008093;REQ;HCE;RGREY;01_Reunion de Entendimiento;08/04/2026;03:00:00;Cerrada
;INC 2026-015317;EXP;SIC;RGREY;02_Analisis;08/04/2026;06:30:00;Cerrada
;REQ 2024-023822;PRY;HCE UNIFICADA;FPINEDO;04_Desarrollo;08/04/2026;10:00:00;Cerrada
;REQ 2025-046008;REQ;AGENDA CITAS;AMOROMISATO;04_Desarrollo;09/04/2026;02:00:00;Cerrado
;REQ 2026-012753;REQ;APP/ WEB;CRODRIGUEZ;04_Desarrollo;09/04/2026;09:00:00;Cerrado
;REQ 2026-015231;REQ;APP/ WEB;AMOROMISATO;04_Desarrollo;09/04/2026;05:00:00;Cerrada
;REQ 2025-046008;REQ;AGENDA CITAS;AMOROMISATO;07_Documentación;09/04/2026;02:30:00;Cerrada
;INC 2026-015193;INC;APP/ WEB;JROSALES;02_Analisis;09/04/2026;01:30:00;Cerrada
;INC 2026-015785;INC;APP/ WEB;JROSALES;02_Analisis;09/04/2026;00:15:00;Cerrada
;REQ 2026-011488;REQ;APP/ WEB;JROSALES;02_Analisis;09/04/2026;04:30:00;Cerrada
;INC 2026-015953;EXP;APP/ WEB;JROSALES;02_Analisis;09/04/2026;01:20:00;Cerrada
;INC 2026-016019;INC;AGENDA PROCEDMIENTOS;JROSALES;02_Analisis;09/04/2026;00:30:00;Cerrada
;REQ 2026-011488;REQ;APP/ WEB;JROSALES;02_Analisis;09/04/2026;01:30:00;Cerrada
;REQ 2026-014175;REQ;SIC;TMACASSI;02_Analisis;09/04/2026;00:30:00;Cerrada
;REQ 2026-014152;REQ;MAC;TMACASSI;02_Analisis;09/04/2026;00:30:00;Cerrado
;REQ 2026-014175;REQ;SIC;PBARDALES;02_Analisis;09/04/2026;00:30:00;Cerrado
;REQ 2026-015601;REQ;HCE;FGONZALES;04_Desarrollo;09/04/2026;03:30:00;Cerrado
;REQ 2025-017900;REQ;SIC;JREBAZA;04_Desarrollo;09/04/2026;03:10:00;Cerrada
;REQ 2025-017900;REQ;SIC;JREBAZA;07_Documentación;09/04/2026;06:00:00;Cerrada
;REQ 2026-015653;EXP;SIC;JREBAZA;02_Analisis;09/04/2026;00:20:00;Cerrada
;REQ 2026-015736;EXP;SIL;JREBAZA;02_Analisis;09/04/2026;00:30:00;Cerrada
;REQ 2026-015249;EXP;SIC;FGONZALES;02_Analisis;09/04/2026;02:00:00;Cerrada
;REQ 2026-012205;REQ;APP/ WEB;FGONZALES;09_Acompañamiento QA;09/04/2026;01:00:00;Cerrada
;REQ 2026-013021;REQ;SIC;FGONZALES;11_Reunion Interna DEV;09/04/2026;00:30:00;Cerrado
;INC 2026-015656;EXP;HCE;FGONZALES;04_Desarrollo;09/04/2026;00:30:00;Cerrada
;REQ 2026-006194;REQ;DATOS;TMACASSI;31_Acompañamiento SD_Datos;09/04/2026;04:00:00;Cerrada
;REQ 2026-006194;REQ;DATOS;TMACASSI;31_Acompañamiento SD_Datos;09/04/2026;02:00:00;Cerrada
;REQ 2026-015794;REQ;SIC;TMACASSI;02_Analisis;09/04/2026;01:30:00;Cerrada
;REQ 2026-006414;PRY;DATOS;TMACASSI;02_Analisis;09/04/2026;01:00:00;Cerrada
;REQ 2026-015605;REQ;SIC;FGONZALES;04_Desarrollo;09/04/2026;02:00:00;Cerrada
;INC 2026-014473;EXP;SIC;YSUYCO;02_Analisis;09/04/2026;00:30:00;Cerrada
;REQ 2026-015050;EXP;SIC;YSUYCO;02_Analisis;09/04/2026;01:30:00;Cerrada
;INC 2026-015594;INC;SIC;YSUYCO;02_Analisis;09/04/2026;02:00:00;Cerrada
;INC 2026-015633;EXP;SIC;YSUYCO;02_Analisis;09/04/2026;01:00:00;Cerrada
;REQ 2026-013434;REQ;SIC;YSUYCO;02_Analisis;09/04/2026;02:30:00;Cerrada
;REQ 2026-012433;EXP;SIC;YSUYCO;02_Analisis;09/04/2026;01:00:00;Cerrada
;INC 2026-014809;EXP;SIC;YSUYCO;02_Analisis;09/04/2026;01:00:00;Cerrada
;REQ 2024-023822;PRY;HCE UNIFICADA;FPINEDO;04_Desarrollo;09/04/2026;10:00:00;Cerrada
;REQ 2026-015605;REQ;SIC;FGONZALES;10_Acompañamiento PRD;09/04/2026;01:00:00;Cerrada
;REQ 2025-017900;REQ;SIC;SRODRIGUEZ;04_Desarrollo;09/04/2026;04:00:00;Cerrada
;REQ 2025-017900;REQ;SIC;SRODRIGUEZ;04_Desarrollo;09/04/2026;05:30:00;Cerrada
;REQ 2026-006194;REQ;DATOS;PBARDALES;02_Analisis;09/04/2026;02:00:00;Cerrada
;REQ 2024-019667;REQ;SIC;PBARDALES;07_Documentación;09/04/2026;02:30:00;Cerrada
;REQ 2026-015524;EXP;SIL;PBARDALES;04_Desarrollo;09/04/2026;00:40:00;Cerrada
;REQ 2026-015804;REQ;SAP;PBARDALES;02_Analisis;09/04/2026;00:40:00;Cerrada
;REQ 2025-020052;REQ;SAP;PBARDALES;05_Pruebas Unitarias;09/04/2026;03:00:00;Cerrada
;REQ 2024-030409;REQ;SIC;PBARDALES;05_Pruebas Unitarias;09/04/2026;00:30:00;Cerrada
;REQ 2024-022552;PRY;MAC;AGARCIA;06_Pruebas Usuario Final;09/04/2026;03:30:00;Cerrada
;REQ 2026-015798;REQ;SIL;AGARCIA;02_Analisis;09/04/2026;02:40:00;Cerrada
;INC 2026-014983;INC;SIC;AGARCIA;04_Desarrollo;09/04/2026;00:40:00;Cerrada
;INC 2026-015049;INC;SIC;AGARCIA;04_Desarrollo;09/04/2026;00:20:00;Cerrada
;INC 2026-015069;INC;SIC;AGARCIA;04_Desarrollo;09/04/2026;00:30:00;Cerrada
;REQ 2026-015794;REQ;SIC;RGREY;02_Analisis;09/04/2026;06:00:00;Cerrada
;INC 2026-015317;EXP;SIC;RGREY;04_Desarrollo;09/04/2026;03:30:00;Cerrada
;REQ 2026-008037;REQ;SIC;JGUILLEN;07_Documentación;09/04/2026;06:00:00;Cerrada
;REQ 2026-014848;REQ;SIC;JGUILLEN;01_Reunion de Entendimiento;09/04/2026;00:30:00;Cerrado
;REQ 2026-012874;REQ;SIC;JGUILLEN;04_Desarrollo;09/04/2026;03:00:00;Cerrada
;REQ 2025-034476;PRY;CHATBOT;AMOROMISATO;15_Acompañamiento SD;10/04/2026;01:00:00;Cerrado
;REQ 2025-034476;PRY;CHATBOT;AMOROMISATO;19_Reunion Proveedores;10/04/2026;01:00:00;Cerrado
;REQ 2025-034476;PRY;CHATBOT;AMOROMISATO;04_Desarrollo;10/04/2026;01:30:00;Cerrado
;REQ 2025-045393;REQ;AGENDA CITAS;AMOROMISATO;04_Desarrollo;10/04/2026;02:30:00;Cerrado
;REQ 2025-045393;REQ;AGENDA CITAS;AMOROMISATO;07_Documentación;10/04/2026;03:30:00;Cerrado
;REQ 2026-012753;REQ;APP/ WEB;CRODRIGUEZ;04_Desarrollo;10/04/2026;09:30:00;Cerrado
;REQ 2026-002094;REQ;AGENDA CITAS;JROSALES;24_Validaciones QA;10/04/2026;04:00:00;Cerrado
;INC 2026-016013;EXP;APP/ WEB;JROSALES;02_Analisis;10/04/2026;03:00:00;Cerrado
;INC 2026-016012;INC;APP/ WEB;JROSALES;02_Analisis;10/04/2026;00:45:00;Cerrada
;INC 2026-015849;INC;APP/ WEB;JROSALES;02_Analisis;10/04/2026;01:45:00;Cerrado
;INC 2026-015069;INC;SIC;JREBAZA;02_Analisis;10/04/2026;01:00:00;Cerrada
;INC 2026-015069;INC;SIC;JREBAZA;02_Analisis;10/04/2026;01:30:00;Cerrada
;INC 2026-015878;INC;SIC;JREBAZA;02_Analisis;10/04/2026;01:30:00;Cerrada
;REQ 2026-014152;REQ;MAC;JREBAZA;01_Reunion de Entendimiento;10/04/2026;01:40:00;Cerrada
;REQ 2026-001435;REQ;HIS;JREBAZA;05_Pruebas Unitarias;10/04/2026;02:00:00;Cerrada
;REQ 2026-013883;REQ;SIC;TMACASSI;31_Acompañamiento SD_Datos;10/04/2026;06:00:00;Cerrada
;REQ 2026-014152;REQ;MAC;TMACASSI;02_Analisis;10/04/2026;01:30:00;Cerrada
;REQ 2026-014848;REQ;SIC;TMACASSI;02_Analisis;10/04/2026;01:30:00;Cerrada
;INC 2026-015793;INC;SIC;YSUYCO;02_Analisis;10/04/2026;01:00:00;Cerrada
;INC 2026-015704;INC;SIC;YSUYCO;02_Analisis;10/04/2026;02:30:00;Cerrada
;INC 2026-015297;INC;SIC;YSUYCO;02_Analisis;10/04/2026;00:30:00;Cerrada
;REQ 2026-015961;EXP;HCE;YSUYCO;02_Analisis;10/04/2026;03:00:00;Cerrada
;REQ 2026-015992;EXP;SIC;YSUYCO;02_Analisis;10/04/2026;03:00:00;Cerrada
;REQ 2025-003378;PRY;HIS;FGONZALES;15_Acompañamiento SD;10/04/2026;01:00:00;Cerrada
;REQ 2026-015605;REQ;SIC;FGONZALES;04_Desarrollo;10/04/2026;02:00:00;Cerrada
;REQ 2026-015605;REQ;SIC;FGONZALES;07_Documentación;10/04/2026;02:00:00;Cerrada
;INC 2026-015857;INC;SIC;FGONZALES;04_Desarrollo;10/04/2026;01:00:00;Cerrada
;REQ 2025-003378;PRY;HIS;FGONZALES;04_Desarrollo;10/04/2026;04:00:00;Cerrada
;REQ 2026-013021;REQ;SIC;FGONZALES;07_Documentación;10/04/2026;00:30:00;Cerrada
;REQ 2024-022552;PRY;MAC;AGARCIA;06_Pruebas Usuario Final;10/04/2026;04:20:00;Cerrada
;REQ 2024-022552;PRY;MAC;AGARCIA;02_Analisis;10/04/2026;01:30:00;Cerrada
;INC 2026-015302;INC;SIC;AGARCIA;04_Desarrollo;10/04/2026;01:30:00;Cerrada
;INC 2026-015303;INC;SIC;AGARCIA;04_Desarrollo;10/04/2026;00:20:00;Cerrada
;INC 2026-015305;INC;SIC;AGARCIA;04_Desarrollo;10/04/2026;00:20:00;Cerrada
;REQ 2026-015161;REQ;SIC;AGARCIA;04_Desarrollo;10/04/2026;00:30:00;Cerrada
;INC 2026-015457;INC;SIC;AGARCIA;04_Desarrollo;10/04/2026;00:40:00;Cerrada
;INC 2026-015461;INC;SIC;AGARCIA;04_Desarrollo;10/04/2026;00:20:00;Cerrada
;INC 2026-015558;INC;SIC;AGARCIA;04_Desarrollo;10/04/2026;00:20:00;Cerrada
;INC 2026-015069;INC;SIC;AGARCIA;04_Desarrollo;10/04/2026;00:10:00;Cerrada
;REQ 2025-017900;REQ;SIC;SRODRIGUEZ;04_Desarrollo;10/04/2026;04:00:00;Cerrada
;REQ 2025-017900;REQ;SIC;SRODRIGUEZ;04_Desarrollo;10/04/2026;05:30:00;Cerrada
;REQ 2025-025291;REQ;SIC;PBARDALES;06_Pruebas Usuario Final;10/04/2026;01:00:00;Cerrada
;INC 2026-015876;INC;SAP;PBARDALES;10_Acompañamiento PRD;10/04/2026;01:30:00;Cerrada
;REQ 2026-007442;REQ;PORTAL PROVEEDORES;PBARDALES;11_Reunion Interna DEV;10/04/2026;02:00:00;Cerrada
;REQ 2025-020052;REQ;SAP;PBARDALES;04_Desarrollo;10/04/2026;02:00:00;Cerrada
;REQ 2026-015524;EXP;SIL;PBARDALES;04_Desarrollo;10/04/2026;01:00:00;Cerrada
;REQ 2026-015535;EXP;SAP;PBARDALES;04_Desarrollo;10/04/2026;01:00:00;Cerrada
;REQ 2026-015804;REQ;SAP;PBARDALES;04_Desarrollo;10/04/2026;00:40:00;Cerrada
;REQ 2026-014848;REQ;SIC;JGUILLEN;01_Reunion de Entendimiento;10/04/2026;01:00:00;Cerrada
;INC 2026-015910;EXP;SIC;PBARDALES;04_Desarrollo;10/04/2026;00:30:00;Cerrada
;REQ 2025-025291;REQ;SIC;JGUILLEN;06_Pruebas Usuario Final;10/04/2026;01:00:00;Cerrada
;REQ 2026-007442;REQ;PORTAL PROVEEDORES;JGUILLEN;11_Reunion Interna DEV;10/04/2026;01:00:00;Cerrada
;REQ 2025-025291;REQ;SIC;JGUILLEN;07_Documentación;10/04/2026;03:00:00;Cerrada
;REQ 2026-012874;REQ;SIC;JGUILLEN;04_Desarrollo;10/04/2026;03:30:00;Cerrada
;REQ 2026-001435;REQ;HIS;JREBAZA;07_Documentación;10/04/2026;02:20:00;Cerrada
;INC 2026-015317;EXP;SIC;RGREY;04_Desarrollo;10/04/2026;09:30:00;Cerrada
;REQ 2024-023822;PRY;HCE UNIFICADA;FPINEDO;04_Desarrollo;10/04/2026;09:00:00;Cerrada
;REQ 2024-023822;PRY;HCE UNIFICADA;FPINEDO;01_Reunion de Entendimiento;10/04/2026;02:00:00;Cerrada
;REQ 2026-002094;REQ;AGENDA CITAS;AMOROMISATO;01_Reunion de Entendimiento;13/04/2026;00:30:00;Cerrada
;REQ 2026-011345;REQ;SIC;CRODRIGUEZ;02_Analisis;13/04/2026;04:00:00;Cerrada
;REQ 2026-014120;REQ;SIC;JROSALES;02_Analisis;13/04/2026;00:45:00;Cerrado
;REQ 2026-016280;EXP;APP/ WEB;JROSALES;02_Analisis;13/04/2026;01:10:00;Cerrado
;REQ 2026-015846;REQ;AGENDA CITAS;JROSALES;02_Analisis;13/04/2026;01:20:00;Cerrado
;INC 2026-016219;INC;APP/ WEB;JROSALES;02_Analisis;13/04/2026;00:45:00;Cerrado
;REQ 2026-016103;REQ;AGENDA CITAS;JROSALES;02_Analisis;13/04/2026;01:30:00;Cerrado
;INC 2026-016137;INC;APP/ WEB;JROSALES;02_Analisis;13/04/2026;01:30:00;Cerrado
;REQ 2026-002094;REQ;AGENDA CITAS;JROSALES;02_Analisis;13/04/2026;00:45:00;Cerrado
;REQ 2026-016415;INC;APP/ WEB;JROSALES;02_Analisis;13/04/2026;01:00:00;Cerrada
;INC 2026-016402;INC;APP/ WEB;JROSALES;02_Analisis;13/04/2026;00:45:00;Cerrada
;REQ 2026-012026;REQ;APP/ WEB;CRODRIGUEZ;24_Validaciones QA;13/04/2026;05:30:00;Cerrada
;REQ 2025-034476;PRY;CHATBOT;AMOROMISATO;04_Desarrollo;13/04/2026;02:00:00;Cerrado
;REQ 2026-015231;REQ;APP/ WEB;AMOROMISATO;04_Desarrollo;13/04/2026;05:30:00;Cerrada
;REQ 2026-015231;REQ;APP/ WEB;AMOROMISATO;04_Desarrollo;13/04/2026;01:00:00;Cerrada
;REQ 2026-015285;REQ;SIC;FGONZALES;04_Desarrollo;13/04/2026;03:00:00;Cerrada
;REQ 2026-015605;REQ;SIC;FGONZALES;09_Acompañamiento QA;13/04/2026;00:30:00;Cerrada
;REQ 2026-015605;REQ;SIC;FGONZALES;04_Desarrollo;13/04/2026;00:30:00;Cerrada
;INC 2026-015711;INC;SIC;YSUYCO;02_Analisis;13/04/2026;02:00:00;Cerrada
;REQ 2026-015719;EXP;SIC;YSUYCO;02_Analisis;13/04/2026;02:00:00;Cerrada
;REQ 2026-013728;REQ;SIC;YSUYCO;02_Analisis;13/04/2026;01:00:00;Cerrada
;INC 2026-016339;INC;SIC;YSUYCO;02_Analisis;13/04/2026;01:00:00;Cerrada
;REQ 2026-014120;REQ;SIC;YSUYCO;02_Analisis;13/04/2026;00:30:00;Cerrada
;REQ 2026-013791;REQ;SIC;YSUYCO;02_Analisis;13/04/2026;01:30:00;Cerrada
;REQ 2026-016351;EXP;HCE;YSUYCO;02_Analisis;13/04/2026;02:00:00;Cerrada
;INC 2026-016339;INC;SIC;TMACASSI;02_Analisis;13/04/2026;01:00:00;Cerrada
;REQ 2026-014152;REQ;MAC;TMACASSI;02_Analisis;13/04/2026;03:30:00;Cerrada
;REQ 2024-022552;PRY;MAC;AGARCIA;06_Pruebas Usuario Final;13/04/2026;06:30:00;Cerrada
;INC 2026-015305;INC;SIC;AGARCIA;04_Desarrollo;13/04/2026;00:30:00;Cerrada
;INC 2026-015362;INC;SIC;AGARCIA;01_Reunion de Entendimiento;13/04/2026;00:15:00;Cerrada
;INC 2026-015578;EXP;HIS;AGARCIA;04_Desarrollo;13/04/2026;00:30:00;Cerrada
;INC 2026-015917;INC;SIC;AGARCIA;04_Desarrollo;13/04/2026;00:20:00;Cerrada
;INC 2026-016004;INC;SIC;AGARCIA;04_Desarrollo;13/04/2026;01:00:00;Cerrada
;REQ 2026-016517;REQ;SAP;PBARDALES;01_Reunion de Entendimiento;13/04/2026;01:00:00;Cerrada
;REQ 2024-019667;REQ;SIC;PBARDALES;11_Reunion Interna DEV;13/04/2026;00:40:00;Cerrada
;REQ 2026-016514;REQ;SAP;PBARDALES;02_Analisis;13/04/2026;00:30:00;Cerrada
;REQ 2024-024413;REQ;SIC;PBARDALES;19_Reunion Proveedores;13/04/2026;01:00:00;Cerrada
;REQ 2026-016409;REQ;SAP;PBARDALES;02_Analisis;13/04/2026;00:40:00;Cerrada
;REQ 2026-016253;EXP;SAP;PBARDALES;04_Desarrollo;13/04/2026;01:00:00;Cerrada
;INC 2026-015910;EXP;SIC;PBARDALES;04_Desarrollo;13/04/2026;00:40:00;Cerrada
;INC 2026-015813;EXP;SIC;PBARDALES;04_Desarrollo;13/04/2026;01:00:00;Cerrada
;INC 2026-015908;INC;SIL;PBARDALES;04_Desarrollo;13/04/2026;00:40:00;Cerrada
;REQ 2026-016279;REQ;SAP;PBARDALES;02_Analisis;13/04/2026;00:40:00;Cerrada
;REQ 2026-014133;REQ;SIC;PBARDALES;02_Analisis;13/04/2026;01:00:00;Cerrada
;REQ 2026-015679;REQ;SIC;FGONZALES;01_Reunion de Entendimiento;13/04/2026;01:00:00;Cerrada
;REQ 2026-013021;REQ;SIC;FGONZALES;11_Reunion Interna DEV;13/04/2026;01:00:00;Cerrada
;REQ 2025-003378;PRY;HIS;FGONZALES;02_Analisis;13/04/2026;03:30:00;Cerrada
;REQ 2024-023822;PRY;HCE UNIFICADA;RGREY;07_Documentación;13/04/2026;09:30:00;Cerrada
;REQ 2026-014152;REQ;MAC;JREBAZA;02_Analisis;13/04/2026;03:00:00;Cerrada
;REQ 2026-006774;REQ;SIC;JREBAZA;04_Desarrollo;13/04/2026;07:00:00;Cerrada
;REQ 2026-010602;REQ;SIC;FPINEDO;09_Acompañamiento QA;13/04/2026;03:30:00;Cerrada
;REQ 2024-023822;PRY;HCE UNIFICADA;FPINEDO;04_Desarrollo;13/04/2026;06:00:00;Cerrada
;REQ 2026-012874;REQ;SIC;JGUILLEN;07_Documentación;13/04/2026;09:30:00;Cerrada
;REQ 2025-017900;REQ;SIC;SRODRIGUEZ;04_Desarrollo;13/04/2026;04:00:00;Cerrada
;REQ 2025-017900;REQ;SIC;SRODRIGUEZ;05_Pruebas Unitarias;13/04/2026;05:30:00;Cerrada
;REQ 2026-011488;REQ;APP/ WEB;JROSALES;24_Validaciones QA;14/04/2026;05:30:00;Cerrada
;REQ 2026-011345;REQ;SIC;CRODRIGUEZ;02_Analisis;14/04/2026;05:00:00;Cerrada
;REQ 2026-011409;REQ;APP/ WEB;CRODRIGUEZ;04_Desarrollo;14/04/2026;04:30:00;Cerrada
;INC 2026-015998;INC;AGENDA CITAS;JROSALES;02_Analisis;14/04/2026;01:00:00;Cerrada
;REQ 2025-045393;REQ;AGENDA CITAS;JROSALES;11_Reunion Interna DEV;14/04/2026;02:00:00;Cerrada
;REQ 2026-016413;REQ;HIS;JROSALES;02_Analisis;14/04/2026;00:15:00;Cerrada
;INC 2026-016628;INC;APP/ WEB;JROSALES;02_Analisis;14/04/2026;00:45:00;Cerrada
;REQ 2025-045393;REQ;AGENDA CITAS;AMOROMISATO;11_Reunion Interna DEV;14/04/2026;02:00:00;Cerrada
;REQ 2025-046008;REQ;AGENDA CITAS;AMOROMISATO;09_Acompañamiento QA;14/04/2026;00:30:00;Cerrada
;REQ 2025-045393;REQ;AGENDA CITAS;AMOROMISATO;09_Acompañamiento QA;14/04/2026;00:30:00;Cerrada
;REQ 2026-015231;REQ;APP/ WEB;AMOROMISATO;04_Desarrollo;14/04/2026;06:00:00;Cerrada
;REQ 2026-014621;REQ;HIS;JGUILLEN;01_Reunion de Entendimiento;14/04/2026;00:30:00;Cerrada
;REQ 2025-020365;REQ;SIC;TMACASSI;02_Analisis;14/04/2026;01:00:00;Cerrada
;REQ 2026-014152;REQ;MAC;TMACASSI;02_Analisis;14/04/2026;01:00:00;Cerrada
;REQ 2026-014152;REQ;MAC;TMACASSI;02_Analisis;14/04/2026;04:00:00;Cerrada
;INC 2026-016500;INC;SIC;TMACASSI;06_Pruebas Usuario Final;14/04/2026;01:30:00;Cerrado
;REQ 2026-014152;REQ;MAC;TMACASSI;02_Analisis;14/04/2026;01:00:00;Cerrado
;REQ 2024-022552;PRY;MAC;AGARCIA;06_Pruebas Usuario Final;14/04/2026;06:50:00;Cerrada
;INC 2026-016004;INC;SIC;AGARCIA;04_Desarrollo;14/04/2026;01:30:00;Cerrada
;INC 2026-016168;INC;SIC;AGARCIA;04_Desarrollo;14/04/2026;01:00:00;Cerrada
;INC 2026-016169;INC;SIC;AGARCIA;04_Desarrollo;14/04/2026;00:30:00;Cerrada
;INC 2026-015826;INC;SIC;YSUYCO;02_Analisis;14/04/2026;01:30:00;Cerrada
;REQ 2026-015023;REQ;SIC;YSUYCO;02_Analisis;14/04/2026;02:00:00;Cerrada
;INC 2026-016609;EXP;SIC;YSUYCO;02_Analisis;14/04/2026;00:30:00;Cerrada
;REQ 2026-015880;REQ;SIC;YSUYCO;02_Analisis;14/04/2026;01:00:00;Cerrada
;REQ 2026-015249;EXP;SIC;YSUYCO;02_Analisis;14/04/2026;02:00:00;Cerrada
;REQ 2026-016584;EXP;SIC;YSUYCO;02_Analisis;14/04/2026;00:30:00;Cerrada
;INC 2026-016569;INC;SIC;YSUYCO;02_Analisis;14/04/2026;02:00:00;Cerrada
;REQ 2026-015794;REQ;SIC;RGREY;04_Desarrollo;14/04/2026;09:30:00;Cerrada
;REQ 2026-015712;REQ;SAP;PBARDALES;02_Analisis;14/04/2026;00:40:00;Cerrada
;INC 2026-016503;INC;SIC;PBARDALES;02_Analisis;14/04/2026;00:40:00;Cerrada
;INC 2026-014499;INC;SIL;PBARDALES;02_Analisis;14/04/2026;00:40:00;Cerrada
;INC 2026-016543;INC;SIL;PBARDALES;02_Analisis;14/04/2026;00:30:00;Cerrada
;INC 2026-016539;INC;SIL;PBARDALES;02_Analisis;14/04/2026;00:40:00;Cerrada
;REQ 2026-015433;REQ;MAC;PBARDALES;02_Analisis;14/04/2026;01:00:00;Cerrada
;INC 2026-016685;INC;SIL;PBARDALES;04_Desarrollo;14/04/2026;00:40:00;Cerrada
;REQ 2026-016702;EXP;SAP;PBARDALES;04_Desarrollo;14/04/2026;01:00:00;Cerrada
;REQ 2026-014133;REQ;SIC;PBARDALES;02_Analisis;14/04/2026;01:00:00;Cerrada
;REQ 2024-024413;REQ;SIC;PBARDALES;04_Desarrollo;14/04/2026;02:00:00;Cerrada
;REQ 2026-015285;REQ;SIC;FGONZALES;07_Documentación;14/04/2026;02:00:00;Cerrada
;REQ 2026-016381;REQ;SIC;FGONZALES;04_Desarrollo;14/04/2026;02:00:00;Cerrada
;REQ 2026-016381;REQ;SIC;FGONZALES;07_Documentación;14/04/2026;02:00:00;Cerrada
;REQ 2026-010602;REQ;SIC;FGONZALES;04_Desarrollo;14/04/2026;02:00:00;Cerrada
;REQ 2025-017900;REQ;SIC;FGONZALES;11_Reunion Interna DEV;14/04/2026;00:30:00;Cerrada
;REQ 2025-017900;REQ;SIC;SRODRIGUEZ;04_Desarrollo;14/04/2026;04:00:00;Cerrada
;REQ 2025-017900;REQ;SIC;SRODRIGUEZ;11_Reunion Interna DEV;14/04/2026;01:30:00;Cerrada
;REQ 2025-017900;REQ;SIC;SRODRIGUEZ;04_Desarrollo;14/04/2026;04:00:00;Cerrada
;REQ 2025-020365;REQ;SIC;JGUILLEN;02_Analisis;14/04/2026;05:00:00;Cerrada
;REQ 2026-012874;REQ;SIC;JGUILLEN;09_Acompañamiento QA;14/04/2026;03:00:00;Cerrada
;REQ 2025-017900;REQ;SIC;JREBAZA;11_Reunion Interna DEV;14/04/2026;02:00:00;Cerrada
;REQ 2025-017900;REQ;SIC;JREBAZA;02_Analisis;14/04/2026;03:00:00;Cerrada
;REQ 2026-014152;REQ;MAC;JREBAZA;02_Analisis;14/04/2026;01:00:00;Cerrada
;REQ 2026-006774;REQ;SIC;JREBAZA;04_Desarrollo;14/04/2026;03:00:00;Cerrada
;REQ 2024-023822;PRY;HCE UNIFICADA;FPINEDO;01_Reunion de Entendimiento;14/04/2026;01:30:00;Cerrada
;REQ 2024-023822;PRY;HCE UNIFICADA;FPINEDO;04_Desarrollo;14/04/2026;09:00:00;Cerrada
;REQ 2026-011409;REQ;APP/ WEB;CRODRIGUEZ;04_Desarrollo;15/04/2026;07:00:00;Cerrada
;REQ 2026-012836;REQ;AGENDA CITAS;CRODRIGUEZ;10_Acompañamiento PRD;15/04/2026;02:00:00;Cerrada
;INC 2026-016848;INC;APP/ WEB;JROSALES;02_Analisis;15/04/2026;00:30:00;Cerrada
;INC 2026-016874;INC;APP/ WEB;JROSALES;02_Analisis;15/04/2026;01:20:00;Cerrada
;REQ 2026-016819;EXP;APP/ WEB;JROSALES;02_Analisis;15/04/2026;00:45:00;Cerrada
;REQ 2026-016816;EXP;APP/ WEB;JROSALES;02_Analisis;15/04/2026;00:45:00;Cerrada
;INC 2026-016770;INC;APP/ WEB;JROSALES;02_Analisis;15/04/2026;00:50:00;Cerrada
;REQ 2026-015846;REQ;AGENDA CITAS;JROSALES;02_Analisis;15/04/2026;02:00:00;Cerrado
;REQ 2026-011488;REQ;APP/ WEB;JROSALES;01_Reunion de Entendimiento;15/04/2026;00:30:00;Cerrada
;INC 2026-017058;INC;APP/ WEB;JROSALES;02_Analisis;15/04/2026;01:30:00;Cerrada
;REQ 2025-045393;REQ;AGENDA CITAS;AMOROMISATO;09_Acompañamiento QA;15/04/2026;01:00:00;Cerrada
;REQ 2026-015231;REQ;APP/ WEB;AMOROMISATO;04_Desarrollo;15/04/2026;08:00:00;Cerrado
;INC 2026-016948;INC;APP/ WEB;JROSALES;02_Analisis;15/04/2026;00:50:00;Cerrado
;REQ 2026-012287;REQ;DATOS;JREBAZA;01_Reunion de Entendimiento;15/04/2026;00:30:00;Cerrada
;REQ 2026-006774;REQ;SIC;JREBAZA;09_Acompañamiento QA;15/04/2026;01:30:00;Cerrado
;REQ 2025-017900;REQ;SIC;JREBAZA;04_Desarrollo;15/04/2026;04:00:00;Cerrada
;REQ 2025-017900;REQ;SIC;JREBAZA;04_Desarrollo;15/04/2026;04:00:00;Cerrada
;REQ 2026-014152;REQ;MAC;TMACASSI;03_Estimación de Actividades;15/04/2026;03:00:00;Cerrada
;INC 2026-016656;INC;HCE;TMACASSI;02_Analisis;15/04/2026;00:30:00;Cerrada
;REQ 2026-009023;REQ;SIC;TMACASSI;02_Analisis;15/04/2026;01:00:00;Cerrada
;INC 2026-016899;INC;HCE;TMACASSI;02_Analisis;15/04/2026;03:30:00;Cerrada
;INC 2026-016756;EXP;SIC;YSUYCO;02_Analisis;15/04/2026;00:30:00;Cerrada
;INC 2026-016120;INC;SIC;YSUYCO;02_Analisis;15/04/2026;02:00:00;Cerrada
;REQ 2026-015360;REQ;SIC;YSUYCO;02_Analisis;15/04/2026;00:30:00;Cerrada
;REQ 2026-016601;EXP;SIC;YSUYCO;02_Analisis;15/04/2026;00:30:00;Cerrada
;INC 2026-015114;INC;HIS;YSUYCO;02_Analisis;15/04/2026;01:00:00;Cerrada
;REQ 2026-015701;EXP;SIC;YSUYCO;02_Analisis;15/04/2026;02:00:00;Cerrada
;INC 2026-015130;INC;SIL;YSUYCO;02_Analisis;15/04/2026;01:30:00;Cerrada
;REQ 2026-016658;REQ;SIC;YSUYCO;02_Analisis;15/04/2026;01:00:00;Cerrada
;REQ 2026-014745;REQ;SIC;YSUYCO;02_Analisis;15/04/2026;00:30:00;Cerrada
;REQ 2026-014855;REQ;SIC;FGONZALES;01_Reunion de Entendimiento;15/04/2026;01:00:00;Cerrada
;REQ 2026-010602;REQ;SIC;FGONZALES;09_Acompañamiento QA;15/04/2026;02:00:00;Cerrada
;REQ 2026-006674;REQ;SIC;FGONZALES;07_Documentación;15/04/2026;02:00:00;Cerrada
;REQ 2026-010602;REQ;SIC;FGONZALES;05_Pruebas Unitarias;15/04/2026;01:00:00;Cerrada
;INC 2026-016899;INC;HCE;FGONZALES;04_Desarrollo;15/04/2026;02:00:00;Cerrada
;REQ 2026-016110;EXP;HCE;FGONZALES;04_Desarrollo;15/04/2026;01:00:00;Cerrada
;REQ 2026-010602;REQ;SIC;FPINEDO;04_Desarrollo;15/04/2026;02:00:00;Cerrada
;REQ 2024-023822;PRY;HCE UNIFICADA;FPINEDO;04_Desarrollo;15/04/2026;08:00:00;Cerrada
;REQ 2024-022552;PRY;MAC;AGARCIA;06_Pruebas Usuario Final;15/04/2026;08:00:00;Cerrada
;REQ 2024-022552;PRY;MAC;AGARCIA;01_Reunion de Entendimiento;15/04/2026;00:30:00;Cerrada
;INC 2026-015362;INC;SIC;AGARCIA;04_Desarrollo;15/04/2026;01:00:00;Cerrada
;INC 2026-016481;INC;SIC;AGARCIA;04_Desarrollo;15/04/2026;01:30:00;Cerrada
;INC 2026-016482;INC;SIC;AGARCIA;04_Desarrollo;15/04/2026;00:25:00;Cerrada
;REQ 2026-016817;EXP;SAP;PBARDALES;04_Desarrollo;15/04/2026;01:00:00;Cerrada
;REQ 2026-015820;REQ;SAP;PBARDALES;02_Analisis;15/04/2026;00:40:00;Cerrada
;INC 2026-015609;INC;SAP;PBARDALES;02_Analisis;15/04/2026;01:30:00;Cerrada
;REQ 2026-016558;REQ;SAP;PBARDALES;10_Acompañamiento PRD;15/04/2026;01:00:00;Cerrada
;REQ 2026-016558;REQ;SAP;PBARDALES;02_Analisis;15/04/2026;01:30:00;Cerrada
;REQ 2024-019667;REQ;SIC;PBARDALES;07_Documentación;15/04/2026;00:40:00;Cerrada
;REQ 2026-016517;REQ;SAP;PBARDALES;02_Analisis;15/04/2026;00:30:00;Cerrada
;REQ 2024-019667;REQ;SIC;PBARDALES;04_Desarrollo;15/04/2026;02:00:00;Cerrada
;REQ 2026-014848;REQ;SIC;JGUILLEN;02_Analisis;15/04/2026;09:30:00;Cerrada
;REQ 2026-015794;REQ;SIC;RGREY;04_Desarrollo;15/04/2026;09:30:00;Cerrada
;REQ 2025-017900;REQ;SIC;SRODRIGUEZ;04_Desarrollo;15/04/2026;04:00:00;Cerrada
;REQ 2025-017900;REQ;SIC;SRODRIGUEZ;04_Desarrollo;15/04/2026;05:30:00;Cerrado
;INC 2026-016989;INC;APP/ WEB;JROSALES;02_Analisis;16/04/2026;01:30:00;Cerrado
;REQ 2026-011409;REQ;APP/ WEB;CRODRIGUEZ;04_Desarrollo;16/04/2026;08:30:00;Cerrado
;REQ 2026-012753;REQ;APP/ WEB;CRODRIGUEZ;24_Validaciones QA;16/04/2026;01:00:00;Cerrada
;REQ 2025-034476;PRY;CHATBOT;AMOROMISATO;20_Reunion Seguimiento;16/04/2026;01:00:00;Cerrado
;REQ 2025-034476;PRY;CHATBOT;AMOROMISATO;07_Documentación;16/04/2026;04:30:00;Cerrado
;REQ 2026-015231;REQ;APP/ WEB;AMOROMISATO;04_Desarrollo;16/04/2026;04:00:00;Cerrado
;INC 2026-017361;EXP;APP/ WEB;JROSALES;02_Analisis;16/04/2026;01:30:00;Cerrada
;REQ 2026-017122;EXP;APP/ WEB;;02_Analisis;16/04/2026;00:45:00;Cerrado
;REQ 2026-017167;EXP;APP/ WEB;;;16/04/2026;00:40:00;Cerrada
;REQ 2026-017203;EXP;APP/ WEB;;;16/04/2026;00:25:00;Cerrada
;INC 2026-017232;EXP;APP/ WEB;;;16/04/2026;00:45:00;Cerrada
;INC 2026-017043;INC;APP/ WEB;;;16/04/2026;00:45:00;Cerrada
;REQ 2026-015846;REQ;AGENDA CITAS;;;16/04/2026;00:45:00;Cerrada
;INC 2026-017322;INC;APP/ WEB;;;16/04/2026;02:30:00;Cerrada
;INC 2026-016617;INC;RIS;TMACASSI;01_Reunion de Entendimiento;16/04/2026;01:00:00;Cerrada
;REQ 2025-017900;REQ;SIC;JREBAZA;04_Desarrollo;16/04/2026;04:00:00;Cerrada
;REQ 2026-006774;REQ;SIC;JREBAZA;07_Documentación;16/04/2026;02:30:00;Cerrada
;REQ 2026-006774;REQ;SIC;JREBAZA;05_Pruebas Unitarias;16/04/2026;02:30:00;Cerrada
;REQ 2025-017900;REQ;SIC;JREBAZA;11_Reunion Interna DEV;16/04/2026;01:00:00;Cerrada
;REQ 2026-014848;REQ;SIC;;;16/04/2026;01:00:00;Cerrada
;REQ 2026-014844;REQ;SIC;;;16/04/2026;01:00:00;Cerrada
;REQ 2026-010257;REQ;SIC;;;16/04/2026;01:30:00;Cerrada
;REQ 2025-000134;REQ;SIC;;;16/04/2026;01:30:00;Cerrada
;INC 2026-016617;INC;RIS;;;16/04/2026;01:00:00;Cerrada
;REQ 2026-016588;EXP;SIC;;;16/04/2026;01:30:00;Cerrada
;INC 2026-016500;INC;SIC;;;16/04/2026;01:00:00;Cerrada
;REQ 2026-016110;EXP;HCE;;;16/04/2026;03:30:00;Cerrada
;REQ 2026-017067;EXP;SIRI;;;16/04/2026;00:30:00;Cerrada
;REQ 2026-015145;REQ;SIC;;;16/04/2026;01:00:00;Cerrada
;INC 2026-016528;INC;SIC;;;16/04/2026;01:00:00;Cerrada
;REQ 2026-015800;REQ;SIC;;;16/04/2026;00:30:00;Cerrada
;REQ 2026-016161;REQ;SIC;;;16/04/2026;00:30:00;Cerrada
;REQ 2026-017448;REQ;SAP;PBARDALES;01_Reunion de Entendimiento;16/04/2026;01:30:00;Cerrada
;REQ 2026-010257;REQ;SIC;;;16/04/2026;01:00:00;Cerrada
;REQ 2025-000134;REQ;SIC;;;16/04/2026;01:00:00;Cerrada
;REQ 2024-019667;REQ;SIC;PBARDALES;04_Desarrollo;16/04/2026;02:30:00;Cerrada
;REQ 2025-025291;REQ;SIC;;;16/04/2026;02:00:00;Cerrada
;REQ 2024-030409;REQ;SIC;PBARDALES;06_Pruebas Usuario Final;16/04/2026;00:30:00;Cerrada
;REQ 2026-016944;EXP;SIL;PBARDALES;04_Desarrollo;16/04/2026;00:40:00;Cerrada
;INC 2026-015607;INC;SAP;;;16/04/2026;00:30:00;Cerrada
;REQ 2024-017864;PRY;PORTAL PROVEEDORES;JGUILLEN;06_Pruebas Usuario Final;16/04/2026;01:00:00;Cerrada
;REQ 2026-014848;REQ;SIC;JGUILLEN;01_Reunion de Entendimiento;16/04/2026;01:00:00;Cerrada
;REQ 2026-015679;REQ;SIC;;02_Analisis;16/04/2026;06:00:00;Cerrada
;REQ 2026-014848;REQ;SIC;;02_Analisis;16/04/2026;01:30:00;Cerrada
;REQ 2024-022552;PRY;MAC;AGARCIA;06_Pruebas Usuario Final;16/04/2026;06:50:00;Cerrada
;INC 2026-015917;INC;SIC;AGARCIA;04_Desarrollo;16/04/2026;00:20:00;Cerrada
;INC 2026-016507;INC;SIC;AGARCIA;04_Desarrollo;16/04/2026;01:40:00;Cerrada
;INC 2026-016508;INC;SIC;AGARCIA;04_Desarrollo;16/04/2026;00:30:00;Cerrada
;INC 2026-016510;INC;SIC;AGARCIA;04_Desarrollo;16/04/2026;00:30:00;Cerrada
;REQ 2025-017900;REQ;SIC;SRODRIGUEZ;04_Desarrollo;16/04/2026;04:00:00;Cerrada
;REQ 2025-017900;REQ;SIC;SRODRIGUEZ;04_Desarrollo;16/04/2026;05:30:00;Cerrada
;REQ 2026-010602;REQ;SIC;FGONZALES;07_Documentación;16/04/2026;03:00:00;Cerrada
;REQ 2026-016110;EXP;HCE;FGONZALES;04_Desarrollo;16/04/2026;01:00:00;Cerrada
;REQ 2026-013021;REQ;SIC;FGONZALES;11_Reunion Interna DEV;16/04/2026;01:00:00;Cerrada
;REQ 2025-003378;PRY;HIS;FGONZALES;04_Desarrollo;16/04/2026;04:00:00;Cerrada
;REQ 2026-015794;REQ;SIC;RGREY;04_Desarrollo;16/04/2026;09:30:00;Cerrada
;REQ 2024-023822;PRY;HCE UNIFICADA;FPINEDO;01_Reunion de Entendimiento;16/04/2026;01:00:00;Cerrada
;REQ 2024-023822;PRY;HCE UNIFICADA;FPINEDO;04_Desarrollo;16/04/2026;09:00:00;Cerrada
;REQ 2026-017527;REQ;APP/ WEB;;02_Analisis;17/04/2026;00:20:00;Cerrado
;REQ 2026-017529;REQ;APP/ WEB;;02_Analisis;17/04/2026;00:20:00;Cerrado
;INC 2026-017431;INC;APP/ WEB;;02_Analisis;17/04/2026;01:45:00;Cerrado
;INC 2026-016827;INC;APP/ WEB;;02_Analisis;17/04/2026;01:30:00;Cerrada
;INC 2026-017603;INC;APP/ WEB;;02_Analisis;17/04/2026;01:30:00;Cerrada
;REQ 2026-011488;REQ;APP/ WEB;;02_Analisis;17/04/2026;01:00:00;Cerrado
;REQ 2026-011409;REQ;APP/ WEB;CRODRIGUEZ;04_Desarrollo;17/04/2026;06:00:00;Cerrado
;REQ 2026-011345;REQ;SIC;;02_Analisis;17/04/2026;03:30:00;Cerrado
;REQ 2026-011488;REQ;APP/ WEB;JROSALES;10_Acompañamiento PRD;17/04/2026;01:30:00;Cerrado
;INC 2026-017524;INC;APP/ WEB;;02_Analisis;17/04/2026;02:00:00;Cerrado
;REQ 2026-015231;REQ;APP/ WEB;AMOROMISATO;05_Pruebas Unitarias;17/04/2026;03:30:00;Cerrado
;REQ 2026-015231;REQ;APP/ WEB;AMOROMISATO;05_Pruebas Unitarias;17/04/2026;04:30:00;Cerrada
;REQ 2026-015231;REQ;APP/ WEB;AMOROMISATO;04_Desarrollo;17/04/2026;01:30:00;Cerrada
;REQ 2025-017900;REQ;SIC;JREBAZA;11_Reunion Interna DEV;17/04/2026;01:00:00;Cerrada
;REQ 2025-017900;REQ;SIC;JREBAZA;05_Pruebas Unitarias;17/04/2026;02:00:00;Cerrada
;REQ 2025-017900;REQ;SIC;JREBAZA;11_Reunion Interna DEV;17/04/2026;00:50:00;Cerrada
;REQ 2026-007554;REQ;SIC;;02_Analisis;17/04/2026;06:00:00;Cerrada
;REQ 2026-017044;REQ;PORTAL PROVEEDORES;JGUILLEN;04_Desarrollo;17/04/2026;06:00:00;Cerrada
;REQ 2026-015679;REQ;SIC;JGUILLEN;04_Desarrollo;17/04/2026;03:30:00;Cerrada
;INC 2026-016616;EXP;SIL;;02_Analisis;17/04/2026;01:30:00;Cerrada
;REQ 2026-014726;REQ;SIC;;02_Analisis;17/04/2026;01:00:00;Cerrada
;REQ 2026-016335;REQ;SIC;;02_Analisis;17/04/2026;01:00:00;Cerrada
;INC 2026-015946;EXP;SIC;;02_Analisis;17/04/2026;02:00:00;Cerrada
;INC 2026-017507;INC;SIC;YSUYCO;02_Analisis;17/04/2026;02:00:00;Cerrada
;REQ 2026-017433;INC;SIC;YSUYCO;02_Analisis;17/04/2026;01:00:00;Cerrada
;REQ 2026-017516;REQ;SIC;YSUYCO;02_Analisis;17/04/2026;01:00:00;Cerrada
;REQ 2026-014152;REQ;MAC;TMACASSI;02_Analisis;17/04/2026;01:30:00;Cerrada
;REQ 2026-014152;REQ;MAC;TMACASSI;04_Desarrollo;17/04/2026;05:00:00;Cerrada
;REQ 2024-022552;PRY;MAC;AGARCIA;06_Pruebas Usuario Final;17/04/2026;04:30:00;Cerrada
;REQ 2024-022552;PRY;MAC;AGARCIA;01_Reunion de Entendimiento;17/04/2026;01:30:00;Cerrada
;INC 2026-016512;INC;SIC;AGARCIA;04_Desarrollo;17/04/2026;00:40:00;Cerrada
;INC 2026-016506;EXP;SIC;AGARCIA;02_Analisis;17/04/2026;01:30:00;Cerrada
;INC 2026-016506;EXP;SIC;AGARCIA;04_Desarrollo;17/04/2026;00:40:00;Cerrada
;INC 2026-016511;INC;SIC;AGARCIA;04_Desarrollo;17/04/2026;01:40:00;Cerrada
;REQ 2026-017479;REQ;SIC;PBARDALES;02_Analisis;17/04/2026;00:40:00;Cerrada
;REQ 2026-017488;REQ;SIC;PBARDALES;04_Desarrollo;17/04/2026;00:40:00;Cerrada
;REQ 2024-030409;REQ;SIC;PBARDALES;05_Pruebas Unitarias;17/04/2026;00:30:00;Cerrada
;REQ 2025-025291;REQ;SIC;PBARDALES;05_Pruebas Unitarias;17/04/2026;01:30:00;Cerrada
;REQ 2024-019667;REQ;SIC;PBARDALES;04_Desarrollo;17/04/2026;02:30:00;Cerrada
;REQ 2026-017448;REQ;SAP;PBARDALES;04_Desarrollo;17/04/2026;01:30:00;Cerrada
;REQ 2026-017804;REQ;SAP;PBARDALES;02_Analisis;17/04/2026;01:00:00;Cerrada
;REQ 2025-017900;REQ;SIC;SRODRIGUEZ;04_Desarrollo;17/04/2026;04:00:00;Cerrada
;REQ 2025-017900;REQ;SIC;SRODRIGUEZ;05_Pruebas Unitarias;17/04/2026;06:00:00;Cerrada
;REQ 2024-023822;PRY;HCE UNIFICADA;FPINEDO;04_Desarrollo;17/04/2026;09:00:00;Cerrada
;REQ 2026-015794;REQ;SIC;RGREY;04_Desarrollo;17/04/2026;09:30:00;Cerrada
;REQ 2026-016313;REQ;SIC;FGONZALES;01_Reunion de Entendimiento;17/04/2026;01:00:00;Cerrada
;REQ 2026-016003;REQ;SIC;FGONZALES;01_Reunion de Entendimiento;17/04/2026;01:00:00;Cerrada
;REQ 2025-003378;PRY;HIS;FGONZALES;04_Desarrollo;17/04/2026;08:00:00;Cerrada
;REQ 2026-016830;INC;SIC;AGARCIA;04_Desarrollo;18/04/2026;00:40:00;Cerrada
;INC 2026-017138;INC;SIC;AGARCIA;04_Desarrollo;18/04/2026;00:50:00;Cerrada
;INC 2026-017186;INC;SIC;AGARCIA;04_Desarrollo;18/04/2026;00:20:00;Cerrada
;INC 2026-017758;INC;APP/ WEB;JROSALES;02_Analisis;20/04/2026;02:30:00;Cerrada
;INC 2026-017953;INC;APP/ WEB;JROSALES;02_Analisis;20/04/2026;00:45:00;Cerrada
;INC 2026-018038;INC;APP/ WEB;JROSALES;02_Analisis;20/04/2026;00:45:00;Cerrada
;INC 2026-017949;INC;APP/ WEB;JROSALES;02_Analisis;20/04/2026;00:45:00;Cerrada
;REQ 2026-016943;REQ;APP/ WEB;JROSALES;02_Analisis;20/04/2026;00:45:00;Cerrada
;INC 2026-017630;INC;APP/ WEB;JROSALES;02_Analisis;20/04/2026;02:00:00;Cerrado
;INC 2026-017020;INC;APP/ WEB;JROSALES;02_Analisis;20/04/2026;01:00:00;Cerrado
;INC 2026-017954;INC;APP/ WEB;JROSALES;02_Analisis;20/04/2026;01:00:00;Cerrado
;REQ 2026-011345;REQ;SIC;CRODRIGUEZ;02_Analisis;20/04/2026;05:00:00;Cerrado
;REQ 2026-011409;REQ;APP/ WEB;CRODRIGUEZ;04_Desarrollo;20/04/2026;04:30:00;Cerrado
;REQ 2026-015679;REQ;SIC;JGUILLEN;04_Desarrollo;20/04/2026;09:00:00;Cerrado
;REQ 2026-015231;REQ;APP/ WEB;AMOROMISATO;07_Documentación;20/04/2026;05:00:00;Cerrado
;REQ 2026-017529;REQ;APP/ WEB;AMOROMISATO;02_Analisis;20/04/2026;01:00:00;Cerrada
;REQ 2026-017527;REQ;APP/ WEB;AMOROMISATO;02_Analisis;20/04/2026;01:00:00;Cerrada
;REQ 2026-017529;REQ;APP/ WEB;AMOROMISATO;01_Reunion de Entendimiento;20/04/2026;00:30:00;Cerrada
;REQ 2026-017529;REQ;APP/ WEB;AMOROMISATO;04_Desarrollo;20/04/2026;02:00:00;Cerrado
;REQ 2026-015794;REQ;SIC;RGREY;04_Desarrollo;20/04/2026;09:30:00;Cerrado
;REQ 2025-029638;REQ;SIC;PBARDALES;02_Analisis;20/04/2026;01:00:00;Cerrado
;REQ 2024-019667;REQ;SIC;PBARDALES;04_Desarrollo;20/04/2026;02:30:00;Cerrada
;REQ 2025-025291;REQ;SIC;PBARDALES;05_Pruebas Unitarias;20/04/2026;00:30:00;Cerrada
;REQ 2026-016904;REQ;SIC;PBARDALES;02_Analisis;20/04/2026;00:40:00;Cerrada
;REQ 2026-017874;REQ;SAP;PBARDALES;04_Desarrollo;20/04/2026;01:30:00;Cerrada
;INC 2026-018302;INC;PORTAL PROVEEDORES;PBARDALES;02_Analisis;20/04/2026;00:30:00;Cerrada
;REQ 2026-017947;EXP;SIL;PBARDALES;04_Desarrollo;20/04/2026;01:00:00;Cerrada
;INC 2026-018246;EXP;SIL;PBARDALES;04_Desarrollo;20/04/2026;00:50:00;Cerrada
;REQ 2026-016706;INC;SIC;JREBAZA;02_Analisis;20/04/2026;00:50:00;Cerrada
;REQ 2026-016754;INC;SIC;JREBAZA;02_Analisis;20/04/2026;00:50:00;Cerrada
;REQ 2026-017193;INC;SIC;JREBAZA;02_Analisis;20/04/2026;00:50:00;Cerrada
;INC 2026-017318;INC;SIC;JREBAZA;02_Analisis;20/04/2026;01:20:00;Cerrada
;REQ 2026-017187;INC;SIC;JREBAZA;02_Analisis;20/04/2026;01:00:00;Cerrada
;REQ 2026-016615;REQ;APP/ WEB;JREBAZA;02_Analisis;20/04/2026;00:50:00;Cerrada
;INC 2026-017845;INC;SIC;JREBAZA;02_Analisis;20/04/2026;00:50:00;Cerrada
;INC 2026-017900;INC;SIC;JREBAZA;02_Analisis;20/04/2026;00:50:00;Cerrada
;REQ 2026-017843;REQ;SIC;JREBAZA;02_Analisis;20/04/2026;00:50:00;Cerrada
;INC 2026-017879;INC;SIC;JREBAZA;02_Analisis;20/04/2026;00:50:00;Cerrada
;REQ 2024-022552;PRY;MAC;AGARCIA;06_Pruebas Usuario Final;20/04/2026;08:00:00;Cerrada
;INC 2026-016755;INC;SIC;AGARCIA;04_Desarrollo;20/04/2026;00:30:00;Cerrada
;INC 2026-017482;INC;SIC;AGARCIA;04_Desarrollo;20/04/2026;01:00:00;Cerrada
;INC 2026-016616;EXP;SIL;YSUYCO;02_Analisis;20/04/2026;01:00:00;Cerrada
;INC 2026-017905;EXP;SIL;YSUYCO;02_Analisis;20/04/2026;01:00:00;Cerrada
;REQ 2026-016667;REQ;SIC;YSUYCO;02_Analisis;20/04/2026;00:30:00;Cerrada
;REQ 2026-017582;REQ;SIC;YSUYCO;02_Analisis;20/04/2026;00:30:00;Cerrada
;INC 2026-017587;EXP;SIC;YSUYCO;02_Analisis;20/04/2026;01:00:00;Cerrada
;INC 2026-017450;INC;SIC;YSUYCO;02_Analisis;20/04/2026;00:30:00;Cerrada
;REQ 2026-016943;REQ;APP/ WEB;YSUYCO;02_Analisis;20/04/2026;01:00:00;Cerrada
;INC 2026-017643;EXP;SIC;YSUYCO;02_Analisis;20/04/2026;00:30:00;Cerrada
;REQ 2026-017924;EXP;SIC;YSUYCO;02_Analisis;20/04/2026;02:00:00;Cerrada
;INC 2026-017800;EXP;SIC;YSUYCO;02_Analisis;20/04/2026;00:30:00;Cerrada
;REQ 2026-017516;REQ;SIC;YSUYCO;02_Analisis;20/04/2026;01:00:00;Cerrada
;REQ 2024-023822;PRY;HCE UNIFICADA;FPINEDO;04_Desarrollo;20/04/2026;13:00:00;Cerrada
;REQ 2024-023822;PRY;HCE UNIFICADA;FPINEDO;01_Reunion de Entendimiento;20/04/2026;01:00:00;Cerrada
;INC 2026-017404;INC;SIC;AGARCIA;04_Desarrollo;20/04/2026;00:20:00;Cerrada
;INC 2026-017495;INC;SIC;AGARCIA;04_Desarrollo;20/04/2026;00:20:00;Cerrada
;INC 2026-017861;INC;SIC;AGARCIA;04_Desarrollo;20/04/2026;00:20:00;Cerrada
;INC 2026-017860;INC;SIC;AGARCIA;04_Desarrollo;20/04/2026;00:30:00;Cerrada
;INC 2026-017886;INC;SIC;AGARCIA;04_Desarrollo;20/04/2026;00:20:00;Cerrada
;REQ 2026-016667;REQ;SIC;TMACASSI;02_Analisis;20/04/2026;01:00:00;Cerrada
;REQ 2026-014152;REQ;MAC;TMACASSI;04_Desarrollo;20/04/2026;05:00:00;Cerrada
;REQ 2026-009023;REQ;SIC;TMACASSI;02_Analisis;20/04/2026;01:00:00;Cerrada
;REQ 2025-017900;REQ;SIC;SRODRIGUEZ;04_Desarrollo;20/04/2026;04:00:00;Cerrado
;REQ 2025-017900;REQ;SIC;SRODRIGUEZ;04_Desarrollo;20/04/2026;06:00:00;Cerrado
;REQ 2026-014855;REQ;SIC;FGONZALES;04_Desarrollo;20/04/2026;06:00:00;Cerrada
;REQ 2026-017044;REQ;PORTAL PROVEEDORES;JGUILLEN;04_Desarrollo;21/04/2026;08:30:00;Cerrada
;REQ 2025-025291;REQ;SIC;JGUILLEN;05_Pruebas Unitarias;21/04/2026;01:00:00;Cerrada
;REQ 2026-017529;REQ;APP/ WEB;AMOROMISATO;05_Pruebas Unitarias;21/04/2026;01:30:00;Cerrada
;REQ 2026-017529;REQ;APP/ WEB;AMOROMISATO;07_Documentación;21/04/2026;04:00:00;Cerrada
;REQ 2025-034476;PRY;CHATBOT;AMOROMISATO;20_Reunion Seguimiento;21/04/2026;01:00:00;Cerrada
;REQ 2025-036965;REQ;AGENDA CITAS;AMOROMISATO;04_Desarrollo;21/04/2026;03:00:00;Cerrada
;REQ 2024-022552;PRY;MAC;CRODRIGUEZ;04_Desarrollo;21/04/2026;05:00:00;Cerrada
;INC 2026-017944;INC;APP/ WEB;JROSALES;02_Analisis;21/04/2026;01:30:00;Cerrada
;REQ 2024-022552;PRY;MAC;CRODRIGUEZ;01_Reunion de Entendimiento;21/04/2026;04:30:00;Cerrada
;REQ 2026-015794;REQ;SIC;RGREY;04_Desarrollo;21/04/2026;06:00:00;Cerrada
;REQ 2026-015794;REQ;SIC;RGREY;07_Documentación;21/04/2026;03:30:00;Cerrada
;INC 2026-018148;EXP;APP/ WEB;JROSALES;02_Analisis;21/04/2026;03:30:00;Cerrada
;INC 2026-018296;INC;APP/ WEB;JROSALES;02_Analisis;21/04/2026;02:00:00;Cerrada
;INC 2026-018151;EXP;APP/ WEB;JROSALES;02_Analisis;21/04/2026;02:30:00;Cerrada
;INC 2026-018148;EXP;APP/ WEB;PBARDALES;04_Desarrollo;21/04/2026;01:00:00;Cerrada
;REQ 2024-019667;REQ;SIC;PBARDALES;04_Desarrollo;21/04/2026;02:30:00;Cerrada
;REQ 2025-025291;REQ;SIC;PBARDALES;06_Pruebas Usuario Final;21/04/2026;01:00:00;Cerrada
;REQ 2026-006532;REQ;DATOS;PBARDALES;02_Analisis;21/04/2026;01:00:00;Cerrada
;REQ 2026-014175;REQ;SIC;PBARDALES;02_Analisis;21/04/2026;01:30:00;Cerrada
;INC 2026-017669;EXP;SAP;PBARDALES;04_Desarrollo;21/04/2026;01:30:00;Cerrada
;REQ 2025-025291;REQ;SIC;PBARDALES;02_Analisis;21/04/2026;00:40:00;Cerrada
;REQ 2026-016517;REQ;SAP;PBARDALES;02_Analisis;21/04/2026;00:30:00;Cerrada
;REQ 2026-017538;REQ;MAC;JREBAZA;02_Analisis;21/04/2026;01:20:00;Cerrada
;REQ 2026-006774;REQ;SIC;JREBAZA;07_Documentación;21/04/2026;00:50:00;Cerrada
;REQ 2026-018152;REQ;SIC;JREBAZA;02_Analisis;21/04/2026;00:50:00;Cerrada
;INC 2026-018012;INC;SIC;JREBAZA;02_Analisis;21/04/2026;01:30:00;Cerrada
;INC 2026-018184;INC;SIC;JREBAZA;02_Analisis;21/04/2026;00:40:00;Cerrada
;INC 2026-018054;INC;SIC;JREBAZA;02_Analisis;21/04/2026;00:40:00;Cerrada
;REQ 2026-017843;REQ;SIC;JREBAZA;02_Analisis;21/04/2026;01:20:00;Cerrada
;REQ 2026-017863;REQ;SIC;JREBAZA;02_Analisis;21/04/2026;01:20:00;Cerrada
;INC 2026-018215;INC;SIC;JREBAZA;02_Analisis;21/04/2026;01:20:00;Cerrada
;REQ 2026-015792;EXP;SIL;YSUYCO;02_Analisis;21/04/2026;02:30:00;Cerrada
;INC 2026-017643;EXP;SIC;YSUYCO;02_Analisis;21/04/2026;00:30:00;Cerrada
;REQ 2026-017433;INC;SIC;YSUYCO;02_Analisis;21/04/2026;02:00:00;Cerrada
;REQ 2026-017830;REQ;SIC;YSUYCO;02_Analisis;21/04/2026;02:30:00;Cerrada
;INC 2026-017204;EXP;SIC;YSUYCO;02_Analisis;21/04/2026;00:30:00;Cerrada
;INC 2026-018172;EXP;SIC;YSUYCO;02_Analisis;21/04/2026;00:30:00;Cerrada
;REQ 2024-022552;PRY;MAC;AGARCIA;06_Pruebas Usuario Final;21/04/2026;07:50:00;Cerrada
;REQ 2026-016753;INC;SIC;AGARCIA;04_Desarrollo;21/04/2026;00:50:00;Cerrada
;INC 2026-017744;INC;SIC;AGARCIA;04_Desarrollo;21/04/2026;01:30:00;Cerrada
;INC 2026-017921;EXP;SIC;AGARCIA;04_Desarrollo;21/04/2026;00:30:00;Cerrada
;REQ 2025-017900;REQ;SIC;SRODRIGUEZ;04_Desarrollo;21/04/2026;04:00:00;Cerrada
;REQ 2025-017900;REQ;SIC;SRODRIGUEZ;07_Documentación;21/04/2026;06:00:00;Cerrada
;REQ 2025-017900;REQ;SIC;SRODRIGUEZ;05_Pruebas Unitarias;21/04/2026;03:00:00;Cerrada
;REQ 2026-010602;REQ;SIC;FGONZALES;09_Acompañamiento QA;21/04/2026;01:30:00;Cerrada
;REQ 2026-013021;REQ;SIC;FGONZALES;11_Reunion Interna DEV;21/04/2026;02:00:00;Cerrado
;REQ 2026-014855;REQ;SIC;FGONZALES;04_Desarrollo;21/04/2026;04:00:00;Cerrado
;REQ 2025-003378;PRY;HIS;FGONZALES;04_Desarrollo;21/04/2026;03:00:00;Cerrada
;REQ 2025-017900;REQ;SIC;FGONZALES;11_Reunion Interna DEV;21/04/2026;00:30:00;Cerrada
;REQ 2024-023822;PRY;HCE UNIFICADA;FPINEDO;04_Desarrollo;21/04/2026;10:00:00;Cerrado
;REQ 2026-009023;REQ;SIC;TMACASSI;03_Estimación de Actividades;21/04/2026;04:30:00;Cerrado
;REQ 2026-014152;REQ;MAC;TMACASSI;04_Desarrollo;21/04/2026;05:00:00;Cerrado
;REQ 2025-041278;REQ;HCE;RGREY;01_Reunion de Entendimiento;22/04/2026;02:00:00;Cerrada
;REQ 2026-013877;REQ;SIC;RGREY;02_Analisis;22/04/2026;04:00:00;Cerrada
;REQ 2026-013877;REQ;SIC;RGREY;04_Desarrollo;22/04/2026;03:30:00;Cerrada
;REQ 2026-012753;REQ;APP/ WEB;CRODRIGUEZ;24_Validaciones QA;22/04/2026;03:30:00;Cerrada
;REQ 2024-022552;PRY;MAC;CRODRIGUEZ;04_Desarrollo;22/04/2026;02:00:00;Cerrada
;REQ 2026-011345;REQ;SIC;CRODRIGUEZ;04_Desarrollo;22/04/2026;04:00:00;Cerrada
;REQ 2026-018308;REQ;APP/ WEB;JROSALES;01_Reunion de Entendimiento;22/04/2026;01:00:00;Cerrada
;REQ 2026-018308;REQ;APP/ WEB;JROSALES;02_Analisis;22/04/2026;00:45:00;Cerrada
;INC 2026-018393;EXP;SAP;JROSALES;02_Analisis;22/04/2026;02:00:00;Cerrada
;INC 2026-018455;INC;APP/ WEB;JROSALES;02_Analisis;22/04/2026;01:30:00;Cerrada
;INC 2026-018244;INC;APP/ WEB;JROSALES;02_Analisis;22/04/2026;02:00:00;Cerrada
;INC 2026-018586;INC;APP/ WEB;JROSALES;02_Analisis;22/04/2026;01:45:00;Cerrada
;REQ 2026-017044;REQ;PORTAL PROVEEDORES;JGUILLEN;04_Desarrollo;22/04/2026;09:30:00;Cerrada
;REQ 2026-017529;REQ;APP/ WEB;AMOROMISATO;04_Desarrollo;22/04/2026;09:00:00;Cerrada
;REQ 2026-017874;REQ;SAP;PBARDALES;04_Desarrollo;22/04/2026;01:00:00;Cerrada
;REQ 2026-018357;EXP;SAP;PBARDALES;04_Desarrollo;22/04/2026;01:00:00;Cerrada
;REQ 2026-009652;REQ;PORTAL PROVEEDORES;PBARDALES;04_Desarrollo;22/04/2026;01:00:00;Cerrada
;REQ 2026-009652;REQ;PORTAL PROVEEDORES;PBARDALES;02_Analisis;22/04/2026;00:40:00;Cerrada
;REQ 2026-014175;REQ;SIC;PBARDALES;02_Analisis;22/04/2026;00:40:00;Cerrada
;REQ 2026-014175;REQ;SIC;PBARDALES;01_Reunion de Entendimiento;22/04/2026;01:00:00;Cerrada
;REQ 2026-017448;REQ;SAP;PBARDALES;04_Desarrollo;22/04/2026;01:00:00;Cerrada
;REQ 2024-019667;REQ;SIC;PBARDALES;04_Desarrollo;22/04/2026;02:30:00;Cerrada
;INC 2026-018183;INC;SIC;JREBAZA;02_Analisis;22/04/2026;01:10:00;Cerrada
;INC 2026-018336;INC;SIC;JREBAZA;02_Analisis;22/04/2026;01:20:00;Cerrada
;REQ 2026-017580;REQ;SIC;JREBAZA;02_Analisis;22/04/2026;01:20:00;Cerrada
;INC 2026-018392;INC;SIC;JREBAZA;02_Analisis;22/04/2026;00:55:00;Cerrada
;INC 2026-018004;INC;SIC;JREBAZA;02_Analisis;22/04/2026;01:20:00;Cerrada
;INC 2026-018335;INC;SIC;JREBAZA;02_Analisis;22/04/2026;00:55:00;Cerrada
;INC 2026-018053;INC;SIC;JREBAZA;02_Analisis;22/04/2026;01:50:00;Cerrada
;INC 2026-018461;INC;SIC;JREBAZA;02_Analisis;22/04/2026;01:10:00;Cerrada
;REQ 2026-016003;REQ;SIC;YSUYCO;02_Analisis;22/04/2026;01:00:00;Cerrada
;INC 2026-018021;INC;SIL;YSUYCO;02_Analisis;22/04/2026;02:30:00;Cerrada
;REQ 2024-022552;PRY;MAC;AGARCIA;06_Pruebas Usuario Final;22/04/2026;08:00:00;Cerrada
;INC 2026-017921;EXP;SIC;AGARCIA;04_Desarrollo;22/04/2026;00:50:00;Cerrada
;REQ 2024-021925;REQ;SIC;AGARCIA;02_Analisis;22/04/2026;01:30:00;Cerrada
;INC 2026-018060;INC;SIC;AGARCIA;04_Desarrollo;22/04/2026;00:30:00;Cerrada
;REQ 2026-014855;REQ;SIC;FGONZALES;06_Pruebas Usuario Final;22/04/2026;01:00:00;Cerrada
;REQ 2026-014855;REQ;SIC;FGONZALES;04_Desarrollo;22/04/2026;02:00:00;Cerrada
;REQ 2026-016003;REQ;SIC;FGONZALES;11_Reunion Interna DEV;22/04/2026;01:00:00;Cerrada
;REQ 2025-042992;REQ;SIC;FGONZALES;11_Reunion Interna DEV;22/04/2026;01:00:00;Cerrada
;REQ 2025-003378;PRY;HIS;FGONZALES;04_Desarrollo;22/04/2026;05:00:00;Cerrada
;REQ 2024-021925;REQ;SIC;FGONZALES;11_Reunion Interna DEV;22/04/2026;02:00:00;Cerrada
;REQ 2024-021925;REQ;SIC;SRODRIGUEZ;02_Analisis;22/04/2026;04:00:00;Cerrada
;REQ 2024-021925;REQ;SIC;SRODRIGUEZ;02_Analisis;22/04/2026;03:00:00;Cerrada
;REQ 2024-021925;REQ;SIC;SRODRIGUEZ;11_Reunion Interna DEV;22/04/2026;02:30:00;Cerrado
;REQ 2024-023822;PRY;HCE UNIFICADA;FPINEDO;04_Desarrollo;22/04/2026;10:00:00;Cerrado
;REQ 2026-014175;REQ;SIC;TMACASSI;15_Acompañamiento SD;22/04/2026;01:00:00;Cerrada
;REQ 2026-017044;REQ;PORTAL PROVEEDORES;JGUILLEN;04_Desarrollo;23/04/2026;09:30:00;Cerrada
;REQ 2026-012753;REQ;APP/ WEB;CRODRIGUEZ;04_Desarrollo;23/04/2026;04:00:00;Cerrada
;REQ 2026-011345;REQ;SIC;CRODRIGUEZ;04_Desarrollo;23/04/2026;05:30:00;Cerrada
;REQ 2026-013877;REQ;SIC;RGREY;04_Desarrollo;23/04/2026;09:30:00;Cerrado
;REQ 2026-017527;REQ;APP/ WEB;AMOROMISATO;04_Desarrollo;23/04/2026;09:30:00;Cerrada
;INC 2026-018696;INC;APP/ WEB;JROSALES;02_Analisis;23/04/2026;01:30:00;Cerrada
;INC 2026-018671;INC;APP/ WEB;JROSALES;02_Analisis;23/04/2026;01:30:00;Cerrada
;INC 2026-018808;INC;APP/ WEB;JROSALES;02_Analisis;23/04/2026;01:15:00;Cerrada
;INC 2026-018768;INC;APP/ WEB;JROSALES;02_Analisis;23/04/2026;02:00:00;Cerrada
;INC 2026-018664;INC;APP/ WEB;JROSALES;02_Analisis;23/04/2026;02:30:00;Cerrada
;REQ 2026-017874;REQ;SAP;PBARDALES;04_Desarrollo;23/04/2026;01:00:00;Cerrada
;REQ 2024-019667;REQ;SIC;PBARDALES;04_Desarrollo;23/04/2026;02:30:00;Cerrada
;REQ 2026-009652;REQ;PORTAL PROVEEDORES;PBARDALES;06_Pruebas Usuario Final;23/04/2026;01:30:00;Cerrada
;REQ 2026-017448;REQ;SAP;PBARDALES;02_Analisis;23/04/2026;01:30:00;Cerrada
;REQ 2026-017805;REQ;SIC;PBARDALES;04_Desarrollo;23/04/2026;03:00:00;Cerrada
;REQ 2026-017602;REQ;SIC;JREBAZA;02_Analisis;23/04/2026;00:10:00;Cerrada
;REQ 2026-017047;REQ;SIC;JREBAZA;02_Analisis;23/04/2026;00:10:00;Cerrada
;REQ 2026-017050;REQ;SIC;JREBAZA;02_Analisis;23/04/2026;00:10:00;Cerrada
;REQ 2026-017053;REQ;SIC;JREBAZA;02_Analisis;23/04/2026;00:10:00;Cerrada
;REQ 2026-017054;REQ;SIC;JREBAZA;02_Analisis;23/04/2026;00:10:00;Cerrada
;REQ 2026-017060;REQ;SIC;JREBAZA;02_Analisis;23/04/2026;00:10:00;Cerrada
;REQ 2026-017062;REQ;SIC;JREBAZA;02_Analisis;23/04/2026;00:10:00;Cerrada
;REQ 2026-017063;REQ;SIC;JREBAZA;02_Analisis;23/04/2026;00:10:00;Cerrada
;REQ 2026-017254;REQ;SIC;JREBAZA;02_Analisis;23/04/2026;00:10:00;Cerrada
;REQ 2026-017258;REQ;SIC;JREBAZA;02_Analisis;23/04/2026;00:10:00;Cerrada
;REQ 2026-018055;INC;SIC;JREBAZA;02_Analisis;23/04/2026;01:00:00;Cerrada
;REQ 2026-018463;REQ;SIC;JREBAZA;02_Analisis;23/04/2026;00:40:00;Cerrada
;REQ 2026-018056;INC;SIC;JREBAZA;02_Analisis;23/04/2026;01:00:00;Cerrada
;REQ 2026-018200;INC;SIC;JREBAZA;02_Analisis;23/04/2026;01:40:00;Cerrada
;REQ 2026-018705;REQ;SIC;JREBAZA;02_Analisis;23/04/2026;00:20:00;Cerrada
;INC 2026-018337;INC;SIC;JREBAZA;02_Analisis;23/04/2026;01:40:00;Cerrada
;INC 2026-018364;INC;SIC;JREBAZA;02_Analisis;23/04/2026;00:40:00;Cerrada
;INC 2026-018442;INC;SIC;JREBAZA;02_Analisis;23/04/2026;01:10:00;Cerrada
;REQ 2026-014855;REQ;SIC;FGONZALES;06_Pruebas Usuario Final;23/04/2026;02:00:00;Cerrada
;REQ 2026-014855;REQ;SIC;FGONZALES;07_Documentación;23/04/2026;02:30:00;Cerrada
;REQ 2024-023822;PRY;HCE UNIFICADA;FPINEDO;04_Desarrollo;23/04/2026;10:00:00;Cerrada
;REQ 2024-022552;PRY;MAC;AGARCIA;06_Pruebas Usuario Final;23/04/2026;07:40:00;Cerrada
;REQ 2024-022552;PRY;MAC;AGARCIA;11_Reunion Interna DEV;23/04/2026;00:20:00;Cerrada
;INC 2026-018037;EXP;SIC;AGARCIA;04_Desarrollo;23/04/2026;00:40:00;Cerrada
;INC 2026-018061;INC;SIC;AGARCIA;02_Analisis;23/04/2026;01:00:00;Cerrada
;INC 2026-018133;INC;SIC;AGARCIA;04_Desarrollo;23/04/2026;00:25:00;Cerrada
;REQ 2025-003378;PRY;HIS;FGONZALES;04_Desarrollo;23/04/2026;06:00:00;Cerrada
;REQ 2024-021925;REQ;SIC;SRODRIGUEZ;02_Analisis;23/04/2026;02:00:00;Cerrada
;REQ 2024-021925;REQ;SIC;SRODRIGUEZ;11_Reunion Interna DEV;23/04/2026;02:00:00;Cerrada
;REQ 2024-021925;REQ;SIC;SRODRIGUEZ;02_Analisis;23/04/2026;06:00:00;Cerrada
;REQ 2026-015800;REQ;SIC;YSUYCO;02_Analisis;23/04/2026;01:30:00;Cerrada
;INC 2026-018052;INC;SIC;YSUYCO;02_Analisis;23/04/2026;01:00:00;Cerrada
;INC 2026-018037;EXP;SIC;YSUYCO;02_Analisis;23/04/2026;02:00:00;Cerrada
;INC 2026-018172;EXP;SIC;YSUYCO;02_Analisis;23/04/2026;00:30:00;Cerrada
;INC 2026-017577;INC;SIC;YSUYCO;02_Analisis;23/04/2026;01:30:00;Cerrada
;INC 2026-018710;INC;SIC;YSUYCO;02_Analisis;23/04/2026;01:00:00;Cerrada
;INC 2026-018615;INC;SIC;YSUYCO;02_Analisis;23/04/2026;01:00:00;Cerrada
;REQ 2026-017902;REQ;SIC;YSUYCO;02_Analisis;23/04/2026;01:00:00;Cerrada
;REQ 2026-016596;REQ;SIC;JGUILLEN;04_Desarrollo;24/04/2026;09:30:00;Cerrada
;REQ 2026-013877;REQ;SIC;RGREY;04_Desarrollo;24/04/2026;06:00:00;Cerrada
;REQ 2026-013877;REQ;SIC;RGREY;07_Documentación;24/04/2026;03:30:00;Cerrada
;REQ 2026-011345;REQ;SIC;CRODRIGUEZ;04_Desarrollo;24/04/2026;06:00:00;Cerrada
;REQ 2026-018039;REQ;APP/ WEB;CRODRIGUEZ;04_Desarrollo;24/04/2026;03:30:00;Cerrada
;REQ 2025-036965;REQ;AGENDA CITAS;AMOROMISATO;09_Acompañamiento QA;24/04/2026;01:00:00;Cerrada
;REQ 2025-036965;REQ;AGENDA CITAS;AMOROMISATO;14_Seguimiento Requerimiento;24/04/2026;01:00:00;Cerrada
;INC 2026-018979;INC;APP/ WEB;JROSALES;02_Analisis;24/04/2026;00:45:00;Cerrado
;REQ 2026-018901;REQ;APP/ WEB;JROSALES;02_Analisis;24/04/2026;00:15:00;Cerrado
;INC 2026-018710;INC;SIC;JROSALES;02_Analisis;24/04/2026;02:30:00;Cerrada
;INC 2026-019103;INC;APP/ WEB;JROSALES;02_Analisis;24/04/2026;01:30:00;Cerrado
;INC 2026-019107;INC;APP/ WEB;JROSALES;02_Analisis;24/04/2026;01:30:00;Cerrada
;REQ 2025-025667;REQ;APP/ WEB;JROSALES;02_Analisis;24/04/2026;03:00:00;Cerrada
;REQ 2026-014175;REQ;SIC;PBARDALES;02_Analisis;24/04/2026;01:00:00;Cerrada
;REQ 2024-019667;REQ;SIC;PBARDALES;04_Desarrollo;24/04/2026;02:30:00;Cerrada
;REQ 2025-025291;REQ;SIC;PBARDALES;02_Analisis;24/04/2026;00:30:00;Cerrada
;REQ 2026-018668;REQ;SIC;PBARDALES;04_Desarrollo;24/04/2026;01:30:00;Cerrada
;INC 2026-018680;EXP;SIC;PBARDALES;04_Desarrollo;24/04/2026;01:00:00;Cerrada
;REQ 2026-018391;REQ;SIC;PBARDALES;02_Analisis;24/04/2026;01:30:00;Cerrada
;REQ 2026-018812;REQ;SAP;PBARDALES;02_Analisis;24/04/2026;00:40:00;Cerrada
;INC 2026-018833;INC;SAP;PBARDALES;02_Analisis;24/04/2026;01:00:00;Cerrada
;REQ 2026-019019;EXP;SIC;PBARDALES;04_Desarrollo;24/04/2026;01:00:00;Cerrada
;REQ 2026-017529;REQ;APP/ WEB;AMOROMISATO;07_Documentación;24/04/2026;07:30:00;Cerrada
;REQ 2025-042937;REQ;SIC;YSUYCO;02_Analisis;24/04/2026;01:00:00;Cerrada
;INC 2026-018461;INC;SIC;JREBAZA;02_Analisis;24/04/2026;01:20:00;Cerrada
;REQ 2026-017617;REQ;SIC;FGONZALES;04_Desarrollo;24/04/2026;01:00:00;Cerrada
;INC 2026-018481;INC;SIC;JREBAZA;02_Analisis;24/04/2026;01:00:00;Cerrada
;INC 2026-018460;INC;SIC;JREBAZA;02_Analisis;24/04/2026;01:20:00;Cerrada
;INC 2026-018548;INC;SIC;JREBAZA;02_Analisis;24/04/2026;01:50:00;Cerrada
;INC 2026-018597;INC;SIC;JREBAZA;02_Analisis;24/04/2026;01:00:00;Cerrada
;INC 2026-018600;INC;SIC;JREBAZA;02_Analisis;24/04/2026;01:50:00;Cerrada
;REQ 2026-014175;REQ;SIC;TMACASSI;02_Analisis;24/04/2026;01:00:00;Cerrada
;REQ 2025-003378;PRY;HIS;FGONZALES;04_Desarrollo;24/04/2026;08:00:00;Cerrada
;REQ 2026-006532;REQ;DATOS;TMACASSI;31_Acompañamiento SD_Datos;24/04/2026;01:00:00;Cerrada
;REQ 2026-012283;REQ;HCE UNIFICADA;TMACASSI;02_Analisis;24/04/2026;01:30:00;Cerrada
;REQ 2026-018147;REQ;SIC;TMACASSI;02_Analisis;24/04/2026;01:00:00;Cerrada
;REQ 2026-009023;REQ;SIC;TMACASSI;03_Estimación de Actividades;24/04/2026;02:00:00;Cerrada
;REQ 2026-014152;REQ;MAC;TMACASSI;02_Analisis;24/04/2026;01:30:00;Cerrada
;INC 2026-018868;EXP;SIC;YSUYCO;02_Analisis;24/04/2026;05:30:00;Cerrada
;INC 2026-018472;INC;HCE;YSUYCO;02_Analisis;24/04/2026;01:30:00;Cerrada
;REQ 2024-022552;PRY;MAC;AGARCIA;06_Pruebas Usuario Final;24/04/2026;05:00:00;Cerrada
;INC 2026-017853;INC;SIC;AGARCIA;02_Analisis;24/04/2026;01:30:00;Cerrada
;INC 2026-018442;INC;SIC;AGARCIA;04_Desarrollo;24/04/2026;01:00:00;Cerrada
;INC 2026-017835;INC;HIS;AGARCIA;04_Desarrollo;24/04/2026;00:40:00;Cerrada
;INC 2026-017482;INC;SIC;AGARCIA;02_Analisis;24/04/2026;00:30:00;Cerrada
;INC 2026-018061;INC;SIC;AGARCIA;02_Analisis;24/04/2026;01:30:00;Cerrada
;REQ 2026-017538;REQ;MAC;JREBAZA;02_Analisis;24/04/2026;01:30:00;Cerrada
;REQ 2024-021925;REQ;SIC;SRODRIGUEZ;02_Analisis;24/04/2026;04:00:00;Cerrada
;REQ 2024-021925;REQ;SIC;SRODRIGUEZ;02_Analisis;24/04/2026;05:30:00;Cerrada
;REQ 2024-023822;PRY;HCE UNIFICADA;FPINEDO;04_Desarrollo;24/04/2026;10:00:00;Cerrada
;REQ 2026-002397;REQ;HCE;RGREY;04_Desarrollo;27/04/2026;09:30:00;Cerrada
;INC 2026-019237;INC;HIS;JROSALES;02_Analisis;27/04/2026;01:30:00;Cerrada
;INC 2026-019210;INC;AGENDA CITAS;JROSALES;02_Analisis;27/04/2026;00:30:00;Cerrada
;INC 2026-019208;INC;AGENDA CITAS;JROSALES;02_Analisis;27/04/2026;00:15:00;Cerrada
;INC 2026-019205;INC;AGENDA CITAS;JROSALES;02_Analisis;27/04/2026;00:15:00;Cerrada
;INC 2026-019206;INC;AGENDA CITAS;JROSALES;02_Analisis;27/04/2026;00:15:00;Cerrada
;INC 2026-019204;INC;AGENDA CITAS;JROSALES;02_Analisis;27/04/2026;00:15:00;Cerrada
;INC 2026-019103;INC;APP/ WEB;JROSALES;02_Analisis;27/04/2026;01:30:00;Cerrada
;INC 2026-018991;INC;APP/ WEB;JROSALES;02_Analisis;27/04/2026;01:30:00;Cerrada
;INC 2026-019085;INC;APP/ WEB;JROSALES;02_Analisis;27/04/2026;03:30:00;Cerrada
;REQ 2026-018039;REQ;APP/ WEB;CRODRIGUEZ;04_Desarrollo;27/04/2026;06:00:00;Cerrada
;REQ 2026-011345;REQ;SIC;CRODRIGUEZ;04_Desarrollo;27/04/2026;02:30:00;Cerrada
;REQ 2026-017044;REQ;PORTAL PROVEEDORES;JGUILLEN;05_Pruebas Unitarias;27/04/2026;05:00:00;Cerrado
;REQ 2026-019563;EXP;PORTAL PROVEEDORES;JGUILLEN;04_Desarrollo;27/04/2026;04:00:00;Cerrada
;REQ 2024-019667;REQ;SIC;PBARDALES;04_Desarrollo;27/04/2026;02:30:00;Cerrada
;REQ 2026-018643;REQ;SIC;PBARDALES;02_Analisis;27/04/2026;00:30:00;Cerrada
;REQ 2026-018961;EXP;SIC;PBARDALES;04_Desarrollo;27/04/2026;01:00:00;Cerrada
;INC 2026-018916;EXP;SIC;PBARDALES;04_Desarrollo;27/04/2026;01:00:00;Cerrada
;REQ 2026-019064;REQ;SIC;PBARDALES;02_Analisis;27/04/2026;01:00:00;Cerrada
;INC 2026-018710;INC;SIC;PBARDALES;02_Analisis;27/04/2026;00:30:00;Cerrada
;INC 2026-019505;INC;SIC;PBARDALES;02_Analisis;27/04/2026;00:40:00;Cerrada
;REQ 2026-019905;REQ;SIC;PBARDALES;02_Analisis;27/04/2026;02:30:00;Cerrada
;REQ 2026-017529;REQ;APP/ WEB;AMOROMISATO;09_Acompañamiento QA;27/04/2026;00:30:00;Cerrada
;REQ 2026-014614;REQ;SIC;AMOROMISATO;02_Analisis;27/04/2026;01:00:00;Cerrada
;REQ 2026-019354;REQ;AGENDA CITAS;AMOROMISATO;04_Desarrollo;27/04/2026;08:30:00;Cerrada
;INC 2026-019275;INC;SIC;JREBAZA;02_Analisis;27/04/2026;01:30:00;Cerrada
;REQ 2026-018602;INC;SIC;JREBAZA;02_Analisis;27/04/2026;01:30:00;Cerrada
;REQ 2024-021925;REQ;SIC;TMACASSI;02_Analisis;27/04/2026;02:30:00;Cerrada
;REQ 2026-014175;REQ;SIC;TMACASSI;02_Analisis;27/04/2026;01:00:00;Cerrada
;REQ 2026-016753;INC;SIC;TMACASSI;02_Analisis;27/04/2026;02:30:00;Cerrada
;INC 2026-019024;EXP;HCE;TMACASSI;02_Analisis;27/04/2026;02:00:00;Cerrada
;REQ 2026-017902;REQ;SIC;YSUYCO;02_Analisis;27/04/2026;01:00:00;Cerrada
;INC 2026-019024;EXP;HCE;YSUYCO;02_Analisis;27/04/2026;01:00:00;Cerrada
;REQ 2026-017615;REQ;SIC;YSUYCO;02_Analisis;27/04/2026;00:30:00;Cerrada
;INC 2026-018941;INC;SIC;YSUYCO;02_Analisis;27/04/2026;01:00:00;Cerrada
;INC 2026-018957;EXP;SIC;YSUYCO;02_Analisis;27/04/2026;03:00:00;Cerrada
;INC 2026-018559;INC;SIC;YSUYCO;02_Analisis;27/04/2026;01:00:00;Cerrada
;INC 2026-019115;EXP;SIC;YSUYCO;02_Analisis;27/04/2026;01:00:00;Cerrada
;INC 2026-018472;INC;HCE;YSUYCO;02_Analisis;27/04/2026;01:00:00;Cerrada
;INC 2026-018598;INC;SIC;AGARCIA;04_Desarrollo;27/04/2026;00:40:00;Cerrada
;INC 2026-018599;INC;SIC;AGARCIA;02_Analisis;27/04/2026;02:00:00;Cerrada
;REQ 2024-022552;PRY;MAC;AGARCIA;06_Pruebas Usuario Final;27/04/2026;02:30:00;Cerrada
;REQ 2026-016753;INC;SIC;AGARCIA;02_Analisis;27/04/2026;01:00:00;Cerrada
;REQ 2024-021925;REQ;SIC;AGARCIA;02_Analisis;27/04/2026;03:30:00;Cerrada
;INC 2026-018441;INC;SIC;AGARCIA;04_Desarrollo;27/04/2026;00:30:00;Cerrada
;INC 2026-018481;INC;SIC;AGARCIA;04_Desarrollo;27/04/2026;00:30:00;Cerrada
;INC 2026-018595;INC;SIC;AGARCIA;04_Desarrollo;27/04/2026;00:30:00;Cerrada
;INC 2026-018601;INC;SIC;AGARCIA;04_Desarrollo;27/04/2026;00:30:00;Cerrada
;REQ 2024-021925;REQ;SIC;SRODRIGUEZ;02_Analisis;27/04/2026;04:00:00;Cerrada
;REQ 2024-021925;REQ;SIC;SRODRIGUEZ;11_Reunion Interna DEV;27/04/2026;02:00:00;Cerrada
;REQ 2024-021925;REQ;SIC;SRODRIGUEZ;01_Reunion de Entendimiento;27/04/2026;04:00:00;Cerrada
;REQ 2026-007554;REQ;SIC;JREBAZA;04_Desarrollo;27/04/2026;06:50:00;Cerrada
;REQ 2024-023822;PRY;HCE UNIFICADA;FPINEDO;04_Desarrollo;27/04/2026;10:00:00;Cerrada
;REQ 2025-003378;PRY;HIS;FGONZALES;15_Acompañamiento SD;27/04/2026;01:30:00;Cerrada
;REQ 2026-016313;REQ;SIC;FGONZALES;02_Analisis;27/04/2026;05:00:00;Cerrada
;REQ 2026-013021;REQ;SIC;FGONZALES;11_Reunion Interna DEV;27/04/2026;01:00:00;Cerrada
;REQ 2026-002397;REQ;HCE;RGREY;04_Desarrollo;28/04/2026;07:30:00;Cerrada
;INC 2026-019453;EXP;SIC;RGREY;04_Desarrollo;28/04/2026;02:00:00;Cerrada
;INC 2026-019626;INC;APP/ WEB;JROSALES;02_Analisis;28/04/2026;01:45:00;Cerrada
;INC 2026-019619;INC;APP/ WEB;JROSALES;02_Analisis;28/04/2026;00:45:00;Cerrada
;REQ 2026-019582;EXP;APP/ WEB;JROSALES;02_Analisis;28/04/2026;00:30:00;Cerrada
;INC 2026-019583;EXP;APP/ WEB;JROSALES;02_Analisis;28/04/2026;00:45:00;Cerrada
;REQ 2026-015054;REQ;APP/ WEB;JROSALES;02_Analisis;28/04/2026;01:20:00;Cerrada
;REQ 2026-011345;REQ;SIC;CRODRIGUEZ;04_Desarrollo;28/04/2026;05:00:00;Cerrada
;REQ 2026-018039;REQ;APP/ WEB;CRODRIGUEZ;05_Pruebas Unitarias;28/04/2026;03:30:00;Cerrada
;INC 2026-019602;INC;APP/ WEB;JROSALES;02_Analisis;28/04/2026;01:00:00;Cerrada
;INC 2026-019681;INC;APP/ WEB;JROSALES;02_Analisis;28/04/2026;02:30:00;Cerrada
;REQ 2026-017044;REQ;PORTAL PROVEEDORES;JGUILLEN;09_Acompañamiento QA;28/04/2026;04:00:00;Cerrada
;REQ 2026-019563;EXP;PORTAL PROVEEDORES;JGUILLEN;10_Acompañamiento PRD;28/04/2026;00:30:00;Cerrada
;REQ 2026-019888;REQ;SAP;PBARDALES;02_Analisis;28/04/2026;01:00:00;Cerrada
;REQ 2024-019667;REQ;SIC;PBARDALES;05_Pruebas Unitarias;28/04/2026;02:30:00;Cerrada
;REQ 2024-030409;REQ;SIC;PBARDALES;19_Reunion Proveedores;28/04/2026;01:00:00;Cerrada
;REQ 2026-019905;REQ;SIC;PBARDALES;02_Analisis;28/04/2026;01:00:00;Cerrada
;INC 2026-019822;EXP;SAP;PBARDALES;04_Desarrollo;28/04/2026;01:30:00;Cerrada
;REQ 2026-019776;REQ;SAP;PBARDALES;02_Analisis;28/04/2026;00:30:00;Cerrada
;INC 2026-019726;EXP;SAP;PBARDALES;04_Desarrollo;28/04/2026;01:00:00;Cerrada
;REQ 2026-019354;REQ;AGENDA CITAS;AMOROMISATO;05_Pruebas Unitarias;28/04/2026;01:00:00;Cerrada
;REQ 2026-019354;REQ;AGENDA CITAS;AMOROMISATO;07_Documentación;28/04/2026;01:00:00;Cerrada
;REQ 2026-014614;REQ;SIC;AMOROMISATO;03_Estimación de Actividades;28/04/2026;01:00:00;Cerrada
;REQ 2025-036965;REQ;AGENDA CITAS;AMOROMISATO;04_Desarrollo;28/04/2026;06:30:00;Cerrada
;INC 2026-019570;EXP;SIC;TMACASSI;04_Desarrollo;28/04/2026;04:00:00;Cerrada
;INC 2026-019546;EXP;HCE;TMACASSI;02_Analisis;28/04/2026;04:00:00;Cerrada
;INC 2026-018910;EXP;SIC;YSUYCO;02_Analisis;28/04/2026;01:00:00;Cerrada
;INC 2026-018964;INC;SIC;YSUYCO;02_Analisis;28/04/2026;02:30:00;Cerrada
;INC 2026-019287;EXP;SPRING;YSUYCO;02_Analisis;28/04/2026;01:00:00;Cerrada
;REQ 2026-018965;REQ;SIC;YSUYCO;02_Analisis;28/04/2026;00:30:00;Cerrada
;INC 2026-018472;INC;HCE;YSUYCO;02_Analisis;28/04/2026;00:30:00;Cerrada
;INC 2026-018559;INC;SIC;YSUYCO;02_Analisis;28/04/2026;00:30:00;Cerrada
;INC 2026-019633;INC;SIC;YSUYCO;02_Analisis;28/04/2026;00:30:00;Cerrada
;INC 2026-019546;EXP;HCE;YSUYCO;02_Analisis;28/04/2026;01:30:00;Cerrada
;INC 2026-019453;EXP;SIC;YSUYCO;02_Analisis;28/04/2026;00:30:00;Cerrada
;INC 2026-019570;EXP;SIC;YSUYCO;02_Analisis;28/04/2026;02:00:00;Cerrada
;INC 2026-018855;INC;SIC;AGARCIA;04_Desarrollo;28/04/2026;00:30:00;Cerrada
;REQ 2024-022552;PRY;MAC;AGARCIA;06_Pruebas Usuario Final;28/04/2026;06:00:00;Cerrada
;INC 2026-018061;INC;SIC;AGARCIA;02_Analisis;28/04/2026;01:20:00;Cerrada
;REQ 2026-015880;REQ;SIC;AGARCIA;02_Analisis;28/04/2026;00:30:00;Cerrada
;INC 2026-017482;INC;SIC;AGARCIA;02_Analisis;28/04/2026;00:20:00;Cerrada
;INC 2026-018062;INC;SIC;AGARCIA;04_Desarrollo;28/04/2026;01:00:00;Cerrada
;INC 2026-018442;INC;SIC;AGARCIA;04_Desarrollo;28/04/2026;00:30:00;Cerrada
;INC 2026-018549;INC;SIC;AGARCIA;02_Analisis;28/04/2026;01:20:00;Cerrada
;INC 2026-018598;INC;SIC;AGARCIA;04_Desarrollo;28/04/2026;00:30:00;Cerrada
;INC 2026-018599;INC;SIC;AGARCIA;04_Desarrollo;28/04/2026;00:25:00;Cerrada
;INC 2026-019383;INC;SIC;AGARCIA;04_Desarrollo;28/04/2026;00:25:00;Cerrada
;REQ 2024-021925;REQ;SIC;SRODRIGUEZ;02_Analisis;28/04/2026;04:00:00;Cerrada
;REQ 2024-021925;REQ;SIC;SRODRIGUEZ;02_Analisis;28/04/2026;04:30:00;Cerrada
;REQ 2025-017900;REQ;SIC;SRODRIGUEZ;04_Desarrollo;28/04/2026;02:00:00;Cerrada
;REQ 2024-023822;PRY;HCE UNIFICADA;FPINEDO;04_Desarrollo;28/04/2026;10:00:00;Cerrada
;REQ 2026-013021;REQ;SIC;FGONZALES;11_Reunion Interna DEV;28/04/2026;06:00:00;Cerrada
;REQ 2025-003378;PRY;HIS;FGONZALES;04_Desarrollo;28/04/2026;04:00:00;Cerrada
;REQ 2026-019690;EXP;PORTAL PROVEEDORES;JGUILLEN;07_Documentación;29/04/2026;00:30:00;Cerrada
;REQ 2026-002397;REQ;HCE;JGUILLEN;02_Analisis;29/04/2026;06:00:00;Cerrada
;REQ 2026-017044;REQ;PORTAL PROVEEDORES;JGUILLEN;06_Pruebas Usuario Final;29/04/2026;01:30:00;Cerrada
;REQ 2026-017044;REQ;PORTAL PROVEEDORES;JGUILLEN;10_Acompañamiento PRD;29/04/2026;01:30:00;Cerrada
;REQ 2026-018039;REQ;APP/ WEB;CRODRIGUEZ;07_Documentación;29/04/2026;03:00:00;Cerrada
;REQ 2026-011345;REQ;SIC;CRODRIGUEZ;05_Pruebas Unitarias;29/04/2026;06:00:00;Cerrado
;INC 2026-019475;INC;APP/ WEB;JROSALES;02_Analisis;29/04/2026;01:00:00;Cerrado
;REQ 2025-025667;REQ;APP/ WEB;JROSALES;01_Reunion de Entendimiento;29/04/2026;02:30:00;Cerrado
;INC 2026-019914;INC;APP/ WEB;JROSALES;02_Analisis;29/04/2026;00:45:00;Cerrado
;INC 2026-019876;INC;APP/ WEB;JROSALES;02_Analisis;29/04/2026;01:00:00;Cerrado
;INC 2026-019719;INC;APP/ WEB;JROSALES;02_Analisis;29/04/2026;02:00:00;Cerrado
;INC 2026-019992;INC;APP/ WEB;JROSALES;02_Analisis;29/04/2026;01:45:00;Cerrado
;REQ 2026-019905;REQ;SIC;PBARDALES;02_Analisis;29/04/2026;03:30:00;Cerrado
;REQ 2024-024413;REQ;SIC;PBARDALES;02_Analisis;29/04/2026;01:00:00;Cerrada
;REQ 2024-019667;REQ;SIC;PBARDALES;05_Pruebas Unitarias;29/04/2026;02:00:00;Cerrada
;REQ 2026-019939;REQ;SAP;PBARDALES;19_Reunion Proveedores;29/04/2026;01:00:00;Cerrada
;REQ 2026-017448;REQ;SAP;PBARDALES;02_Analisis;29/04/2026;01:00:00;Cerrado
;REQ 2026-002397;REQ;HCE;RGREY;04_Desarrollo;29/04/2026;09:30:00;Cerrado
;REQ 2026-017527;REQ;APP/ WEB;AMOROMISATO;04_Desarrollo;29/04/2026;04:00:00;Cerrada
;REQ 2026-017527;REQ;APP/ WEB;AMOROMISATO;05_Pruebas Unitarias;29/04/2026;02:00:00;Cerrada
;REQ 2026-017527;REQ;APP/ WEB;AMOROMISATO;07_Documentación;29/04/2026;02:00:00;Cerrada
;REQ 2025-034476;PRY;CHATBOT;AMOROMISATO;14_Seguimiento Requerimiento;29/04/2026;01:30:00;Cerrada
;REQ 2025-017900;REQ;SIC;JREBAZA;04_Desarrollo;29/04/2026;03:00:00;Cerrada
;REQ 2026-019310;REQ;SIC;JREBAZA;02_Analisis;29/04/2026;00:20:00;Cerrada
;REQ 2026-017538;REQ;MAC;JREBAZA;02_Analisis;29/04/2026;01:00:00;Cerrada
;REQ 2026-019678;REQ;SIC;JREBAZA;02_Analisis;29/04/2026;01:00:00;Cerrada
;REQ 2025-017900;REQ;SIC;JREBAZA;04_Desarrollo;29/04/2026;03:00:00;Cerrada
;REQ 2024-023822;PRY;HCE UNIFICADA;FPINEDO;04_Desarrollo;29/04/2026;10:00:00;Cerrada
;INC 2026-019115;EXP;SIC;YSUYCO;02_Analisis;29/04/2026;01:00:00;Cerrada
;INC 2026-019571;INC;HCE;YSUYCO;02_Analisis;29/04/2026;02:00:00;Cerrada
;INC 2026-018472;INC;HCE;YSUYCO;02_Analisis;29/04/2026;00:30:00;Cerrada
;INC 2026-018613;EXP;SIC;YSUYCO;02_Analisis;29/04/2026;02:00:00;Cerrada
;INC 2026-019947;EXP;HCE;YSUYCO;02_Analisis;29/04/2026;01:00:00;Cerrada
;INC 2026-019577;INC;SIC;YSUYCO;02_Analisis;29/04/2026;00:30:00;Cerrada
;INC 2026-019581;INC;SIC;YSUYCO;02_Analisis;29/04/2026;00:30:00;Cerrada
;INC 2026-019635;INC;SIC;YSUYCO;02_Analisis;29/04/2026;00:30:00;Cerrada
;INC 2026-019633;INC;SIC;YSUYCO;02_Analisis;29/04/2026;00:30:00;Cerrada
;INC 2026-019115;EXP;SIC;YSUYCO;02_Analisis;29/04/2026;01:00:00;Cerrada
;INC 2026-019635;INC;SIC;TMACASSI;02_Analisis;29/04/2026;00:30:00;Cerrada
;INC 2026-019633;INC;SIC;TMACASSI;02_Analisis;29/04/2026;00:30:00;Cerrada
;INC 2026-019947;EXP;HCE;TMACASSI;02_Analisis;29/04/2026;01:00:00;Cerrada
;REQ 2026-006194;REQ;DATOS;TMACASSI;30_Reunion Interna DEV_Datos;29/04/2026;04:30:00;Cerrada
;REQ 2026-014152;REQ;MAC;TMACASSI;01_Reunion de Entendimiento;29/04/2026;03:00:00;Cerrada
;REQ 2026-010602;REQ;SIC;FGONZALES;07_Documentación;29/04/2026;02:00:00;Cerrada
;REQ 2026-019788;REQ;SIC;FGONZALES;07_Documentación;29/04/2026;00:30:00;Cerrada
;REQ 2025-017900;REQ;SIC;FGONZALES;11_Reunion Interna DEV;29/04/2026;01:00:00;Cerrada
;INC 2026-019920;INC;HCE;FGONZALES;02_Analisis;29/04/2026;00:30:00;Cerrada
;REQ 2026-016313;REQ;SIC;FGONZALES;04_Desarrollo;29/04/2026;05:00:00;Cerrada
;INC 2026-018598;INC;SIC;AGARCIA;04_Desarrollo;29/04/2026;00:30:00;Cerrada
;REQ 2024-022552;PRY;MAC;AGARCIA;06_Pruebas Usuario Final;29/04/2026;04:00:00;Cerrada
;INC 2026-019492;INC;SIC;AGARCIA;04_Desarrollo;29/04/2026;00:30:00;Cerrada
;REQ 2026-019556;INC;SIC;AGARCIA;04_Desarrollo;29/04/2026;00:20:00;Cerrada
;INC 2026-019607;INC;SIC;AGARCIA;04_Desarrollo;29/04/2026;00:40:00;Cerrada
;INC 2026-019575;INC;SIC;AGARCIA;04_Desarrollo;29/04/2026;02:00:00;Cerrada
;INC 2026-019606;INC;SIC;AGARCIA;04_Desarrollo;29/04/2026;00:20:00;Cerrado
;INC 2026-019609;INC;SIC;AGARCIA;04_Desarrollo;29/04/2026;00:20:00;Cerrado
;INC 2026-019698;INC;SIC;AGARCIA;04_Desarrollo;29/04/2026;00:20:00;Cerrado
;REQ 2026-018603;INC;SIC;AGARCIA;04_Desarrollo;29/04/2026;03:00:00;Cerrada
;REQ 2026-018410;EXP;HCE;JREBAZA;02_Analisis;29/04/2026;00:30:00;Cerrado
;INC 2026-019806;EXP;SIL;JREBAZA;02_Analisis;29/04/2026;00:30:00;Cerrada
;INC 2026-019814;EXP;SIL;JREBAZA;02_Analisis;29/04/2026;00:30:00;Cerrada
;INC 2026-019831;EXP;SIL;JREBAZA;02_Analisis;29/04/2026;00:30:00;Cerrada
;REQ 2025-017900;REQ;SIC;SRODRIGUEZ;04_Desarrollo;29/04/2026;06:00:00;Cerrada
;REQ 2025-017900;REQ;SIC;SRODRIGUEZ;04_Desarrollo;29/04/2026;06:00:00;Cerrada
;REQ 2026-020044;REQ;SIC;JGUILLEN;04_Desarrollo;30/04/2026;06:00:00;Cerrada
;REQ 2026-015846;REQ;AGENDA CITAS;JROSALES;02_Analisis;30/04/2026;02:00:00;Cerrada
;INC 2026-020084;EXP;APP/ WEB;JROSALES;02_Analisis;30/04/2026;01:00:00;Cerrada
;INC 2026-020087;EXP;APP/ WEB;JROSALES;02_Analisis;30/04/2026;01:20:00;Cerrada
;REQ 2026-020115;EXP;APP/ WEB;JROSALES;02_Analisis;30/04/2026;01:00:00;Cerrada
;REQ 2026-020172;EXP;APP/ WEB;JROSALES;02_Analisis;30/04/2026;01:00:00;Cerrada
;INC 2026-020238;INC;APP/ WEB;JROSALES;02_Analisis;30/04/2026;03:10:00;Cerrada
;REQ 2026-014614;REQ;SIC;PBARDALES;02_Analisis;30/04/2026;00:30:00;Cerrada
;REQ 2026-020266;REQ;SIC;PBARDALES;02_Analisis;30/04/2026;01:00:00;Cerrada
;REQ 2024-024413;REQ;SIC;PBARDALES;02_Analisis;30/04/2026;00:30:00;Cerrada
;REQ 2026-019487;REQ;SAP;PBARDALES;02_Analisis;30/04/2026;00:30:00;Cerrada
;REQ 2025-025291;REQ;SIC;PBARDALES;02_Analisis;30/04/2026;00:30:00;Cerrada
;REQ 2026-019796;EXP;SAP;PBARDALES;04_Desarrollo;30/04/2026;01:00:00;Cerrada
;REQ 2026-019908;REQ;SIC;PBARDALES;02_Analisis;30/04/2026;00:10:00;Cerrada
;INC 2026-019784;INC;SAP;PBARDALES;02_Analisis;30/04/2026;00:10:00;Cerrada
;INC 2026-020060;INC;SAP;PBARDALES;02_Analisis;30/04/2026;00:30:00;Cerrada
;INC 2026-019645;EXP;SAP;PBARDALES;04_Desarrollo;30/04/2026;00:40:00;Cerrada
;REQ 2026-020136;REQ;HIS;PBARDALES;02_Analisis;30/04/2026;00:30:00;Cerrada
;REQ 2026-020162;REQ;SIC;PBARDALES;02_Analisis;30/04/2026;00:20:00;Cerrada
;REQ 2026-020093;EXP;SAP;PBARDALES;04_Desarrollo;30/04/2026;01:00:00;Cerrada
;REQ 2026-019296;REQ;SAP;PBARDALES;02_Analisis;30/04/2026;00:20:00;Cerrada
;REQ 2026-019300;REQ;SIC;PBARDALES;02_Analisis;30/04/2026;00:30:00;Cerrada
;REQ 2026-020225;REQ;SAP;PBARDALES;02_Analisis;30/04/2026;00:30:00;Cerrada
;REQ 2026-019663;REQ;SAP;PBARDALES;02_Analisis;30/04/2026;00:30:00;Cerrada
;INC 2026-018986;EXP;SAP;PBARDALES;04_Desarrollo;30/04/2026;00:30:00;Cerrada
;REQ 2026-019255;EXP;SAP;PBARDALES;04_Desarrollo;30/04/2026;00:40:00;Cerrada
;REQ 2026-019460;REQ;SAP;PBARDALES;02_Analisis;30/04/2026;00:40:00;Cerrada
;REQ 2026-019735;REQ;HIS;RGREY;04_Desarrollo;30/04/2026;09:30:00;Cerrada
;REQ 2026-019690;EXP;PORTAL PROVEEDORES;JGUILLEN;04_Desarrollo;30/04/2026;04:00:00;Cerrada
;REQ 2026-011345;REQ;SIC;CRODRIGUEZ;04_Desarrollo;30/04/2026;06:00:00;Cerrada
;REQ 2026-019354;REQ;AGENDA CITAS;AMOROMISATO;07_Documentación;30/04/2026;01:00:00;Cerrada
;REQ 2025-036965;REQ;AGENDA CITAS;AMOROMISATO;20_Reunion Seguimiento;30/04/2026;01:00:00;Cerrada
;REQ 2025-036965;REQ;AGENDA CITAS;AMOROMISATO;04_Desarrollo;30/04/2026;03:30:00;Cerrada
;REQ 2025-036965;REQ;AGENDA CITAS;AMOROMISATO;07_Documentación;30/04/2026;04:00:00;Cerrada
;REQ 2026-020025;REQ;HCE;JREBAZA;02_Analisis;30/04/2026;01:00:00;Cerrada
;INC 2026-019599;INC;SIC;JREBAZA;02_Analisis;30/04/2026;01:00:00;Cerrada
;INC 2026-019957;INC;SIC;JREBAZA;02_Analisis;30/04/2026;00:40:00;Cerrada
;INC 2026-020078;INC;SIC;JREBAZA;02_Analisis;30/04/2026;00:40:00;Cerrada
;REQ 2026-019808;REQ;SIC;JREBAZA;02_Analisis;30/04/2026;00:20:00;Cerrada
;REQ 2026-014152;REQ;MAC;TMACASSI;04_Desarrollo;30/04/2026;05:00:00;Cerrada
;INC 2026-020144;INC;SIC;TMACASSI;04_Desarrollo;30/04/2026;04:30:00;Cerrada
;INC 2026-018957;EXP;SIC;YSUYCO;02_Analisis;30/04/2026;01:00:00;Cerrada
;INC 2026-020098;EXP;HCE;YSUYCO;02_Analisis;30/04/2026;03:00:00;Cerrada
;INC 2026-020039;INC;HCE;YSUYCO;02_Analisis;30/04/2026;01:00:00;Cerrada
;INC 2026-020125;INC;SIC;YSUYCO;02_Analisis;30/04/2026;00:30:00;Cerrada
;INC 2026-018472;INC;HCE;YSUYCO;02_Analisis;30/04/2026;00:30:00;Cerrada
;REQ 2026-020169;EXP;SIC;YSUYCO;02_Analisis;30/04/2026;01:00:00;Cerrada
;INC 2026-020099;INC;HCE;YSUYCO;02_Analisis;30/04/2026;00:30:00;Cerrada
;INC 2026-020144;INC;SIC;YSUYCO;02_Analisis;30/04/2026;00:30:00;Cerrada
;REQ 2026-020214;REQ;SIC;YSUYCO;02_Analisis;30/04/2026;01:00:00;Cerrada
;INC 2026-018559;INC;SIC;YSUYCO;02_Analisis;30/04/2026;00:30:00;Cerrada
;INC 2026-018615;INC;SIC;YSUYCO;02_Analisis;30/04/2026;01:00:00;Cerrada
;INC 2025-026026;INC;SIC;AGARCIA;04_Desarrollo;30/04/2026;00:30:00;Cerrada
;REQ 2026-020160;REQ;SIC;AGARCIA;02_Analisis;30/04/2026;04:30:00;Cerrado
;REQ 2026-019799;EXP;SIC;AGARCIA;04_Desarrollo;30/04/2026;01:30:00;Cerrado
;REQ 2024-022552;PRY;MAC;AGARCIA;01_Reunion de Entendimiento;30/04/2026;00:30:00;Cerrado
;INC 2026-018855;INC;SIC;AGARCIA;04_Desarrollo;30/04/2026;00:50:00;Cerrado
;INC 2026-019596;INC;SIC;AGARCIA;04_Desarrollo;30/04/2026;01:30:00;Cerrado
;REQ 2026-019967;INC;SIC;AGARCIA;04_Desarrollo;30/04/2026;00:25:00;Cerrada
;REQ 2026-020205;INC;SIC;AGARCIA;04_Desarrollo;30/04/2026;00:25:00;Cerrada
;REQ 2026-018360;REQ;SIL;JREBAZA;02_Analisis;30/04/2026;06:00:00;Cerrada
;REQ 2024-021925;REQ;SIC;SRODRIGUEZ;02_Analisis;30/04/2026;04:00:00;Cerrada
;REQ 2024-021925;REQ;SIC;SRODRIGUEZ;02_Analisis;30/04/2026;05:30:00;Cerrada
;REQ 2026-016313;REQ;SIC;FGONZALES;04_Desarrollo;30/04/2026;02:00:00;Cerrado
;INC 2026-019571;INC;HCE;FGONZALES;04_Desarrollo;30/04/2026;04:00:00;Cerrada
;REQ 2025-003378;PRY;HIS;FGONZALES;04_Desarrollo;30/04/2026;04:00:00;Cerrada
;INC 2026-020248;INC;SIC;YSUYCO;02_Analisis;01/05/2026;02:00:00;Cerrada
;INC 2026-020267;INC;SIC;YSUYCO;02_Analisis;01/05/2026;02:00:00;Cerrada
;INC 2026-020248;INC;SIC;YSUYCO;02_Analisis;32/11/2026;01:00:00;Cerrada
;INC 2026-020267;INC;SIC;YSUYCO;02_Analisis;01/05/2026;01:00:00;Cerrada
;REQ 2026-012753;REQ;APP/ WEB;CRODRIGUEZ;09_Acompañamiento QA;04/05/2026;03:00:00;Cerrada
;REQ 2026-019807;EXP;APP/ WEB;CRODRIGUEZ;02_Analisis;04/05/2026;03:00:00;Cerrada
;REQ 2026-011345;REQ;SIC;CRODRIGUEZ;04_Desarrollo;04/05/2026;03:00:00;Cerrada
;INC 2026-020554;EXP;APP/ WEB;JROSALES;02_Analisis;04/05/2026;00:45:00;Cerrada
;INC 2026-020354;EXP;APP/ WEB;JROSALES;02_Analisis;04/05/2026;02:15:00;Cerrada
;INC 2026-020631;EXP;APP/ WEB;JROSALES;02_Analisis;03/21/2026;02:30:00;Cerrada
;INC 2026-020633;INC;APP/ WEB;JROSALES;02_Analisis;04/05/2026;00:30:00;Cerrada
;REQ 2026-019807;EXP;APP/ WEB;JROSALES;11_Reunion Interna DEV;04/05/2026;03:00:00;Cerrada
;REQ 2026-014614;REQ;SIC;AMOROMISATO;02_Analisis;04/05/2026;03:00:00;Cerrado
;REQ 2026-014614;REQ;SIC;AMOROMISATO;02_Analisis;04/05/2026;03:00:00;Cerrado
;REQ 2024-022552;PRY;MAC;AMOROMISATO;02_Analisis;04/05/2026;02:30:00;Cerrado
;REQ 2024-022552;PRY;MAC;AMOROMISATO;03_Estimación de Actividades;04/05/2026;01:00:00;Cerrado
;REQ 2026-020482;REQ;HCE;RGREY;04_Desarrollo;04/05/2026;09:30:00;Cerrado
;REQ 2026-002397;REQ;HCE;JGUILLEN;04_Desarrollo;04/05/2026;09:30:00;Cerrada
;REQ 2026-019939;REQ;SAP;PBARDALES;11_Reunion Interna DEV;04/05/2026;01:00:00;Cerrada
;REQ 2024-024413;REQ;SIC;PBARDALES;02_Analisis;04/05/2026;01:00:00;Cerrada
;REQ 2024-019667;REQ;SIC;PBARDALES;04_Desarrollo;32/11/2026;03:00:00;Cerrada
;REQ 2026-019644;EXP;SAP;PBARDALES;04_Desarrollo;04/05/2026;01:00:00;Cerrada
;INC 2026-019508;INC;SAP;PBARDALES;02_Analisis;04/05/2026;00:30:00;Cerrada
;INC 2026-019552;INC;SIC;PBARDALES;02_Analisis;04/05/2026;00:40:00;Cerrada
;INC 2026-019521;INC;SIC;PBARDALES;02_Analisis;04/05/2026;00:40:00;Cerrada
;REQ 2026-019608;EXP;SAP;PBARDALES;04_Desarrollo;04/05/2026;01:00:00;Cerrada
;INC 2026-019521;INC;SIC;PBARDALES;02_Analisis;03/21/2026;00:40:00;Cerrada
;REQ 2024-021925;REQ;SIC;SRODRIGUEZ;01_Reunion de Entendimiento;04/05/2026;02:00:00;Cerrada
;REQ 2024-021925;REQ;SIC;AGARCIA;01_Reunion de Entendimiento;04/05/2026;02:00:00;Cerrada
;REQ 2026-019054;REQ;SIC;JREBAZA;02_Analisis;04/05/2026;01:00:00;Cerrada
;REQ 2026-020193;REQ;SIC;JREBAZA;02_Analisis;04/05/2026;00:50:00;Cerrada
;REQ 2026-020002;REQ;MAC;JREBAZA;02_Analisis;04/05/2026;00:50:00;Cerrada
;INC 2026-020304;INC;SIC;JREBAZA;02_Analisis;04/05/2026;00:50:00;Cerrada
;REQ 2024-021925;REQ;SIC;SRODRIGUEZ;02_Analisis;04/05/2026;02:00:00;Cerrada
;REQ 2024-021925;REQ;SIC;SRODRIGUEZ;02_Analisis;04/05/2026;03:30:00;Cerrada
;INC 2026-020299;INC;SIC;JREBAZA;02_Analisis;04/05/2026;00:30:00;Cerrada
;REQ 2026-020116;EXP;HIS;JREBAZA;02_Analisis;04/05/2026;03:40:00;Cerrada
;INC 2026-020465;INC;SIC;AGARCIA;02_Analisis;04/05/2026;00:20:00;Cerrada
;INC 2026-020305;INC;SIC;AGARCIA;02_Analisis;04/05/2026;02:00:00;Cerrada
;INC 2026-020416;EXP;SIC;YSUYCO;02_Analisis;04/05/2026;02:00:00;Cerrada
;INC 2026-020272;INC;SIC;YSUYCO;02_Analisis;04/05/2026;01:00:00;Cerrada
;INC 2026-020415;INC;SIC;YSUYCO;02_Analisis;04/05/2026;01:30:00;Cerrada
;INC 2026-020692;EXP;SIC;YSUYCO;02_Analisis;04/05/2026;01:30:00;Cerrada
;REQ 2026-020638;REQ;SIC;YSUYCO;02_Analisis;04/05/2026;01:00:00;Cerrada
;INC 2026-020248;INC;SIC;YSUYCO;02_Analisis;04/05/2026;02:30:00;Cerrada
;REQ 2026-014152;REQ;MAC;TMACASSI;04_Desarrollo;04/05/2026;06:30:00;Cerrada
;REQ 2024-023822;PRY;HCE UNIFICADA;FPINEDO;04_Desarrollo;04/05/2026;10:00:00;Cerrado
;REQ 2025-003378;PRY;HIS;FGONZALES;04_Desarrollo;04/05/2026;06:00:00;Cerrado
;INC 2026-020230;INC;SIC;AGARCIA;04_Desarrollo;04/05/2026;00:40:00;Cerrado
;INC 2026-020232;INC;SIC;AGARCIA;04_Desarrollo;04/05/2026;00:20:00;Cerrado
;INC 2026-020295;INC;SIC;AGARCIA;04_Desarrollo;04/05/2026;00:20:00;Cerrado
;INC 2026-020297;INC;SIC;AGARCIA;04_Desarrollo;04/05/2026;00:30:00;Cerrada
;INC 2026-020302;INC;SIC;AGARCIA;04_Desarrollo;04/05/2026;00:40:00;Cerrado
;INC 2026-020306;INC;SIC;AGARCIA;04_Desarrollo;04/05/2026;01:00:00;Cerrada
;INC 2026-020699;INC;SIC;AGARCIA;04_Desarrollo;04/05/2026;00:20:00;Cerrada
;INC 2026-020695;INC;SIC;AGARCIA;04_Desarrollo;04/05/2026;00:20:00;Cerrada
;REQ 2026-006414;PRY;DATOS;FGONZALES;11_Reunion Interna DEV;04/05/2026;02:00:00;Cerrada
;REQ 2026-013021;REQ;SIC;FGONZALES;11_Reunion Interna DEV;04/05/2026;01:00:00;Cerrada
;REQ 2025-003378;PRY;HIS;FGONZALES;15_Acompañamiento SD;04/05/2026;00:30:00;Cerrada
;REQ 2026-019807;EXP;APP/ WEB;JROSALES;02_Analisis;05/05/2026;04:30:00;Cerrada
;REQ 2026-019807;EXP;APP/ WEB;JROSALES;02_Analisis;05/05/2026;01:00:00;Cerrada
;INC 2026-020642;INC;APP/ WEB;JROSALES;02_Analisis;05/05/2026;03:00:00;Cerrada
;REQ 2026-012753;REQ;APP/ WEB;CRODRIGUEZ;09_Acompañamiento QA;05/05/2026;02:00:00;Cerrada
;REQ 2026-009023;REQ;SIC;CRODRIGUEZ;01_Reunion de Entendimiento;05/05/2026;01:00:00;Cerrada
;REQ 2026-019807;EXP;APP/ WEB;CRODRIGUEZ;02_Analisis;05/05/2026;01:00:00;Cerrada
;REQ 2026-021307;REQ;HIS;CRODRIGUEZ;02_Analisis;05/05/2026;01:00:00;Cerrada
;REQ 2026-011345;REQ;SIC;CRODRIGUEZ;04_Desarrollo;32/11/2026;04:30:00;Cerrada
;REQ 2025-036965;REQ;AGENDA CITAS;AMOROMISATO;15_Acompañamiento SD;05/05/2026;01:00:00;Cerrada
;REQ 2024-022552;PRY;MAC;AMOROMISATO;02_Analisis;05/05/2026;02:00:00;Cerrada
;REQ 2024-022552;PRY;MAC;AMOROMISATO;02_Analisis;05/05/2026;03:00:00;Cerrada
;REQ 2024-022552;PRY;MAC;AMOROMISATO;02_Analisis;05/05/2026;03:30:00;Cerrada
;REQ 2026-020482;REQ;HCE;RGREY;04_Desarrollo;05/05/2026;09:30:00;Cerrada
;REQ 2026-019807;EXP;APP/ WEB;JROSALES;02_Analisis;05/05/2026;01:00:00;Cerrada
;REQ 2026-020728;REQ;HCE;JGUILLEN;06_Pruebas Usuario Final;05/05/2026;00:40:00;Cerrada
;REQ 2026-020728;REQ;HCE;JGUILLEN;04_Desarrollo;05/05/2026;09:00:00;Cerrada
;INC 2026-020280;INC;SAP;PBARDALES;02_Analisis;05/05/2026;00:40:00;Cerrada
;REQ 2024-019667;REQ;SIC;PBARDALES;04_Desarrollo;05/05/2026;02:00:00;Cerrada
;INC 2026-020760;INC;SAP;PBARDALES;02_Analisis;05/05/2026;00:30:00;Cerrada
;REQ 2026-020598;REQ;SAP;PBARDALES;02_Analisis;05/05/2026;00:40:00;Cerrada
;REQ 2026-019939;REQ;SAP;PBARDALES;02_Analisis;05/05/2026;00:30:00;Cerrada
;REQ 2026-016279;REQ;SAP;PBARDALES;02_Analisis;05/05/2026;00:30:00;Cerrada
;INC 2026-020423;INC;SAP;PBARDALES;02_Analisis;05/05/2026;00:40:00;Cerrada
;REQ 2026-020408;REQ;SIC;PBARDALES;02_Analisis;05/05/2026;01:30:00;Cerrada
;INC 2026-020259;INC;SAP;PBARDALES;02_Analisis;05/05/2026;01:00:00;Cerrada
;REQ 2026-020463;REQ;SAP;PBARDALES;02_Analisis;05/05/2026;01:30:00;Cerrada
;REQ 2026-014152;REQ;MAC;TMACASSI;01_Reunion de Entendimiento;05/05/2026;04:00:00;Cerrada
;REQ 2026-020116;EXP;HIS;JREBAZA;02_Analisis;05/05/2026;01:50:00;Cerrada
;REQ 2026-020207;REQ;SIC;JREBAZA;02_Analisis;05/05/2026;00:50:00;Cerrada
;INC 2026-020457;INC;SIC;JREBAZA;02_Analisis;05/05/2026;01:00:00;Cerrada
;REQ 2026-019969;EXP;SIC;JREBAZA;02_Analisis;05/05/2026;00:50:00;Cerrada
;REQ 2026-019969;EXP;SIC;JREBAZA;02_Analisis;05/05/2026;01:20:00;Cerrada
;REQ 2026-019969;EXP;SIC;JREBAZA;02_Analisis;05/05/2026;00:50:00;Cerrada
;INC 2026-021039;INC;SIC;JREBAZA;02_Analisis;05/05/2026;00:30:00;Cerrada
;REQ 2026-020433;EXP;SIC;JREBAZA;02_Analisis;05/05/2026;00:50:00;Cerrada
;REQ 2026-020941;EXP;SIC;JREBAZA;02_Analisis;05/05/2026;01:00:00;Cerrada
;INC 2026-020998;INC;SIC;JREBAZA;02_Analisis;32/11/2026;01:00:00;Cerrada
;INC 2026-020541;INC;SIC;YSUYCO;02_Analisis;05/05/2026;02:00:00;Cerrada
;INC 2026-020415;INC;SIC;YSUYCO;02_Analisis;05/05/2026;01:30:00;Cerrada
;REQ 2026-009023;REQ;SIC;TMACASSI;02_Analisis;05/05/2026;01:30:00;Cerrada
;INC 2026-020992;EXP;HCE;YSUYCO;02_Analisis;05/05/2026;02:00:00;Cerrada
;INC 2026-021091;INC;SIC;YSUYCO;02_Analisis;05/05/2026;01:00:00;Cerrada
;INC 2026-020599;INC;SIC;AGARCIA;02_Analisis;05/05/2026;00:50:00;Cerrada
;INC 2026-020444;INC;SIC;AGARCIA;02_Analisis;05/05/2026;02:00:00;Cerrada
;INC 2026-020503;INC;SIC;AGARCIA;02_Analisis;05/05/2026;02:20:00;Cerrada
;REQ 2026-014175;REQ;SIC;TMACASSI;02_Analisis;05/05/2026;01:00:00;Cerrada
;REQ 2026-009023;REQ;SIC;TMACASSI;02_Analisis;05/05/2026;00:30:00;Cerrada
;REQ 2026-014152;REQ;MAC;TMACASSI;02_Analisis;05/05/2026;02:00:00;Cerrada
;INC 2026-018941;INC;SIC;YSUYCO;02_Analisis;05/05/2026;03:00:00;Cerrada
;REQ 2024-023822;PRY;HCE UNIFICADA;FPINEDO;04_Desarrollo;05/05/2026;10:00:00;Cerrada
;REQ 2025-003378;PRY;HIS;FGONZALES;04_Desarrollo;05/05/2026;10:00:00;Cerrada
;REQ 2024-021925;REQ;SIC;SRODRIGUEZ;04_Desarrollo;05/05/2026;04:00:00;Cerrada
;REQ 2024-021925;REQ;SIC;SRODRIGUEZ;04_Desarrollo;05/05/2026;05:30:00;Cerrada
;REQ 2024-022552;PRY;MAC;AGARCIA;06_Pruebas Usuario Final;05/05/2026;04:00:00;Cerrada
;REQ 2026-016313;REQ;SIC;FGONZALES;06_Pruebas Usuario Final;05/05/2026;01:00:00;Cerrada
;REQ 2024-022552;PRY;MAC;AGARCIA;07_Documentación;05/05/2026;00:30:00;Cerrada
;REQ 2026-012753;REQ;APP/ WEB;CRODRIGUEZ;09_Acompañamiento QA;06/05/2026;02:00:00;Cerrada
;REQ 2025-025667;REQ;APP/ WEB;CRODRIGUEZ;01_Reunion de Entendimiento;06/05/2026;01:00:00;Cerrada
;REQ 2026-021307;REQ;HIS;CRODRIGUEZ;04_Desarrollo;06/05/2026;03:00:00;Cerrada
;REQ 2024-022552;PRY;MAC;AMOROMISATO;05_Pruebas Unitarias;06/05/2026;03:30:00;Cerrada
;REQ 2024-022552;PRY;MAC;AMOROMISATO;07_Documentación;06/05/2026;05:30:00;Cerrada
;REQ 2026-020482;REQ;HCE;RGREY;07_Documentación;06/05/2026;09:30:00;Cerrada
;REQ 2026-011345;REQ;SIC;CRODRIGUEZ;04_Desarrollo;06/05/2026;03:00:00;Cerrada
;REQ 2026-019807;EXP;APP/ WEB;JROSALES;02_Analisis;06/05/2026;05:30:00;Cerrada
;INC 2026-015317;EXP;SIC;JROSALES;02_Analisis;06/05/2026;02:30:00;Cerrada
;INC 2026-021089;EXP;APP/ WEB;JROSALES;02_Analisis;06/05/2026;01:30:00;Cerrado
;REQ 2026-020728;REQ;HCE;JGUILLEN;06_Pruebas Usuario Final;06/05/2026;00:30:00;Cerrado
;REQ 2026-002397;REQ;HCE;JGUILLEN;04_Desarrollo;06/05/2026;09:00:00;Cerrado
;REQ 2024-019667;REQ;SIC;PBARDALES;04_Desarrollo;06/05/2026;03:00:00;Cerrado
;INC 2026-020456;INC;SAP;PBARDALES;02_Analisis;06/05/2026;00:30:00;Cerrado
;REQ 2026-020427;REQ;SAP;PBARDALES;04_Desarrollo;06/05/2026;02:00:00;Cerrado
;REQ 2026-020425;REQ;SAP;PBARDALES;02_Analisis;06/05/2026;01:00:00;Cerrado
;REQ 2026-020451;REQ;SAP;PBARDALES;02_Analisis;06/05/2026;00:40:00;Cerrado
;REQ 2026-020624;REQ;SAP;PBARDALES;02_Analisis;06/05/2026;00:40:00;Cerrado
;REQ 2026-020461;REQ;SIC;PBARDALES;04_Desarrollo;06/05/2026;01:00:00;Cerrado
;REQ 2026-019939;REQ;SAP;PBARDALES;02_Analisis;32/11/2026;00:40:00;Cerrado
;REQ 2026-020875;REQ;DATOS;TMACASSI;01_Reunion de Entendimiento;06/05/2026;00:40:00;Cerrado
;REQ 2026-014152;REQ;MAC;YSUYCO;01_Reunion de Entendimiento;06/05/2026;09:30:00;Cerrada
;REQ 2026-018147;REQ;SIC;TMACASSI;01_Reunion de Entendimiento;06/05/2026;03:00:00;Cerrada
;INC 2026-020998;INC;SIC;JREBAZA;02_Analisis;06/05/2026;01:30:00;Cerrado
;REQ 2026-020468;REQ;SIC;JREBAZA;02_Analisis;06/05/2026;01:30:00;Cerrado
;REQ 2026-021112;REQ;SIC;JREBAZA;02_Analisis;06/05/2026;01:10:00;Cerrado
;REQ 2026-020455;REQ;MAC;JREBAZA;02_Analisis;06/05/2026;00:50:00;Cerrado
;INC 2026-021221;INC;SIC;JREBAZA;02_Analisis;06/05/2026;01:10:00;Cerrado
;INC 2026-021045;INC;SIC;JREBAZA;02_Analisis;06/05/2026;01:30:00;Cerrado
;INC 2026-020890;INC;SIC;JREBAZA;02_Analisis;06/05/2026;01:30:00;Cerrado
;INC 2026-021092;EXP;SIC;JREBAZA;02_Analisis;06/05/2026;00:30:00;Cerrado
;REQ 2026-021348;EXP;SIC;JREBAZA;02_Analisis;06/05/2026;00:30:00;Cerrado
;INC 2026-021192;INC;SIC;AGARCIA;02_Analisis;06/05/2026;00:50:00;Cerrado
;INC 2026-020447;INC;SIC;AGARCIA;02_Analisis;06/05/2026;03:00:00;Cerrado
;INC 2026-020604;INC;SIC;AGARCIA;02_Analisis;06/05/2026;02:30:00;Cerrado
;REQ 2022-004744;PRY;SIC;TMACASSI;02_Analisis;06/05/2026;02:00:00;Cerrada
;REQ 2026-014152;REQ;MAC;TMACASSI;02_Analisis;06/05/2026;03:00:00;Cerrada
;REQ 2026-009023;REQ;SIC;TMACASSI;02_Analisis;06/05/2026;02:30:00;Cerrada
;REQ 2024-021925;REQ;SIC;SRODRIGUEZ;02_Analisis;06/05/2026;05:30:00;Cerrada
;REQ 2025-003378;PRY;HIS;FGONZALES;04_Desarrollo;06/05/2026;08:00:00;Cerrada
;REQ 2024-021925;REQ;SIC;SRODRIGUEZ;04_Desarrollo;06/05/2026;04:00:00;Cerrada
;INC 2026-020904;INC;SIC;AGARCIA;04_Desarrollo;06/05/2026;00:30:00;Cerrada
;REQ 2024-022552;PRY;MAC;AGARCIA;06_Pruebas Usuario Final;06/05/2026;04:00:00;Cerrado
;REQ 2026-016313;REQ;SIC;FGONZALES;07_Documentación;06/05/2026;02:00:00;Cerrado
;REQ 2025-003378;PRY;HIS;FGONZALES;07_Documentación;06/05/2026;01:00:00;Cerrado
;REQ 2026-011346;PRY;SIC;RGREY;07_Documentación;07/05/2026;09:30:00;Cerrado
;REQ 2024-006886;PRY;HIS;CRODRIGUEZ;01_Reunion de Entendimiento;07/05/2026;01:30:00;Cerrada
;REQ 2026-011409;REQ;APP/ WEB;CRODRIGUEZ;01_Reunion de Entendimiento;07/05/2026;01:00:00;Cerrada
;REQ 2026-021307;REQ;HIS;CRODRIGUEZ;04_Desarrollo;07/05/2026;05:00:00;Cerrada
;REQ 2026-011345;REQ;SIC;CRODRIGUEZ;04_Desarrollo;07/05/2026;02:00:00;Cerrada
;INC 2026-021546;INC;APP/ WEB;JROSALES;02_Analisis;07/05/2026;01:00:00;Cerrada
;REQ 2026-020936;REQ;MAC;JROSALES;02_Analisis;07/05/2026;00:45:00;Cerrada
;INC 2026-021554;INC;APP/ WEB;JROSALES;02_Analisis;07/05/2026;01:30:00;Cerrada
;INC 2026-021555;INC;APP/ WEB;JROSALES;02_Analisis;07/05/2026;01:30:00;Cerrada
;REQ 2024-006886;PRY;HIS;JROSALES;02_Analisis;07/05/2026;01:30:00;Cerrada
;REQ 2026-015054;REQ;APP/ WEB;JROSALES;01_Reunion de Entendimiento;07/05/2026;00:30:00;Cerrada
;INC 2026-021629;INC;APP/ WEB;JROSALES;02_Analisis;07/05/2026;02:45:00;Cerrada
;REQ 2026-002397;REQ;HCE;JGUILLEN;04_Desarrollo;07/05/2026;08:30:00;Cerrada
;REQ 2024-006886;PRY;HIS;JGUILLEN;01_Reunion de Entendimiento;07/05/2026;01:30:00;Cerrada
;REQ 2025-034476;PRY;CHATBOT;AMOROMISATO;04_Desarrollo;07/05/2026;01:00:00;Cerrada
;REQ 2025-034476;PRY;CHATBOT;AMOROMISATO;05_Pruebas Unitarias;07/05/2026;00:30:00;Cerrada
;REQ 2026-014614;REQ;SIC;AMOROMISATO;02_Analisis;07/05/2026;03:30:00;Cerrada
;REQ 2026-019354;REQ;AGENDA CITAS;AMOROMISATO;04_Desarrollo;07/05/2026;01:00:00;Cerrada
;REQ 2026-019354;REQ;AGENDA CITAS;AMOROMISATO;05_Pruebas Unitarias;07/05/2026;02:00:00;Cerrado
;REQ 2026-020162;REQ;SIC;PBARDALES;02_Analisis;07/05/2026;01:00:00;Cerrado
;REQ 2024-019667;REQ;SIC;PBARDALES;04_Desarrollo;07/05/2026;02:00:00;Cerrado
;REQ 2026-014175;REQ;SIC;PBARDALES;11_Reunion Interna DEV;07/05/2026;01:00:00;Cerrado
;REQ 2026-019939;REQ;SAP;PBARDALES;11_Reunion Interna DEV;07/05/2026;03:30:00;Cerrado
;INC 2026-020881;INC;SAP;PBARDALES;02_Analisis;07/05/2026;01:00:00;Cerrado
;INC 2026-020934;INC;PORTAL PROVEEDORES;PBARDALES;02_Analisis;07/05/2026;00:40:00;Cerrado
;REQ 2026-021079;REQ;SAP;PBARDALES;02_Analisis;32/11/2026;01:00:00;Cerrado
;REQ 2022-004744;PRY;SIC;TMACASSI;01_Reunion de Entendimiento;07/05/2026;01:00:00;Cerrado
;REQ 2026-014152;REQ;MAC;TMACASSI;01_Reunion de Entendimiento;07/05/2026;04:00:00;Cerrado
;REQ 2026-020462;REQ;SIC;JREBAZA;02_Analisis;07/05/2026;00:30:00;Cerrado
;REQ 2026-020712;REQ;SIC;JREBAZA;02_Analisis;07/05/2026;01:00:00;Cerrada
;REQ 2026-021370;REQ;SIC;JREBAZA;02_Analisis;07/05/2026;00:30:00;Cerrado
;INC 2026-020993;INC;SIC;JREBAZA;02_Analisis;07/05/2026;01:10:00;Cerrada
;INC 2026-020993;INC;SIC;JREBAZA;02_Analisis;07/05/2026;01:40:00;Cerrada
;INC 2026-021494;INC;SIC;JREBAZA;02_Analisis;07/05/2026;00:40:00;Cerrada
;INC 2026-021634;INC;SIC;JREBAZA;02_Analisis;32/11/2026;00:30:00;Cerrada
;REQ 2026-021609;REQ;SIC;JREBAZA;02_Analisis;07/05/2026;00:20:00;Cerrada
;REQ 2026-021288;EXP;SIC;JREBAZA;02_Analisis;07/05/2026;00:50:00;Cerrada
;REQ 2026-019969;EXP;SIC;JREBAZA;02_Analisis;07/05/2026;01:25:00;Cerrada
;REQ 2026-019969;EXP;SIC;JREBAZA;02_Analisis;07/05/2026;01:25:00;Cerrada
;INC 2026-021191;INC;SIC;AGARCIA;02_Analisis;07/05/2026;00:15:00;Cerrada
;INC 2026-021204;INC;SIC;AGARCIA;02_Analisis;07/05/2026;01:20:00;Cerrada
;INC 2026-021308;INC;SIC;AGARCIA;02_Analisis;07/05/2026;01:30:00;Cerrada
;INC 2026-021329;INC;SIC;AGARCIA;02_Analisis;07/05/2026;02:00:00;Cerrada
;REQ 2026-009023;REQ;SIC;TMACASSI;02_Analisis;07/05/2026;01:00:00;Cerrada
;REQ 2026-014175;REQ;SIC;TMACASSI;02_Analisis;07/05/2026;01:00:00;Cerrada
;REQ 2022-004744;PRY;SIC;TMACASSI;02_Analisis;07/05/2026;02:30:00;Cerrada
;INC 2026-018062;INC;SIC;AGARCIA;02_Analisis;07/05/2026;00:40:00;Cerrada
;INC 2026-021532;INC;SIC;AGARCIA;04_Desarrollo;07/05/2026;00:20:00;Cerrada
;INC 2026-021601;INC;SIC;AGARCIA;04_Desarrollo;07/05/2026;00:20:00;Cerrada
;REQ 2024-022552;PRY;MAC;AGARCIA;06_Pruebas Usuario Final;07/05/2026;04:30:00;Cerrada
;REQ 2026-016003;REQ;SIC;FGONZALES;01_Reunion de Entendimiento;07/05/2026;00:45:00;Cerrada
;REQ 2025-003378;PRY;HIS;FGONZALES;04_Desarrollo;07/05/2026;09:00:00;Cerrada
;REQ 2026-020893;REQ;SIC;FGONZALES;04_Desarrollo;07/05/2026;02:00:00;Cerrada
;REQ 2026-020893;REQ;SIC;FGONZALES;04_Desarrollo;07/05/2026;01:00:00;Cerrada
;REQ 2024-021925;REQ;SIC;SRODRIGUEZ;04_Desarrollo;07/05/2026;04:00:00;Cerrada
;REQ 2024-021925;REQ;SIC;SRODRIGUEZ;04_Desarrollo;07/05/2026;05:30:00;Cerrada
;REQ 2026-014152;REQ;MAC;YSUYCO;02_Analisis;07/05/2026;09:30:00;Cerrada
;REQ 2024-006886;PRY;HIS;CRODRIGUEZ;07_Documentación;08/05/2026;02:00:00;Cerrada
;REQ 2024-006886;PRY;HIS;CRODRIGUEZ;01_Reunion de Entendimiento;08/05/2026;01:00:00;Cerrada
;INC 2026-021875;INC;APP/ WEB;JROSALES;02_Analisis;08/05/2026;02:00:00;Cerrada
;INC 2026-021817;INC;APP/ WEB;JROSALES;02_Analisis;08/05/2026;01:30:00;Cerrada
;REQ 2026-020891;REQ;MAC;JROSALES;02_Analisis;08/05/2026;00:25:00;Cerrada
;REQ 2026-020690;REQ;MAC;JROSALES;02_Analisis;08/05/2026;00:25:00;Cerrada
;REQ 2026-020691;REQ;MAC;JROSALES;02_Analisis;08/05/2026;00:25:00;Cerrada
;REQ 2026-020697;REQ;MAC;JROSALES;02_Analisis;08/05/2026;00:25:00;Cerrada
;REQ 2026-019680;REQ;MAC;JROSALES;02_Analisis;08/05/2026;00:25:00;Cerrada
;INC 2026-021820;INC;APP/ WEB;JROSALES;02_Analisis;08/05/2026;02:00:00;Cerrada
;REQ 2024-006886;PRY;HIS;JROSALES;01_Reunion de Entendimiento;08/05/2026;01:00:00;Cerrada
;REQ 2024-006886;PRY;HIS;JROSALES;19_Reunion Proveedores;08/05/2026;01:00:00;Cerrada
;REQ 2026-021307;REQ;HIS;CRODRIGUEZ;04_Desarrollo;08/05/2026;04:00:00;Cerrada
;REQ 2026-011345;REQ;SIC;CRODRIGUEZ;04_Desarrollo;08/05/2026;02:30:00;Cerrada
;REQ 2026-002397;REQ;HCE;JGUILLEN;04_Desarrollo;08/05/2026;08:30:00;Cerrada
;REQ 2024-006886;PRY;HIS;JGUILLEN;01_Reunion de Entendimiento;08/05/2026;01:00:00;Cerrada
;INC 2026-021619;EXP;HCE;RGREY;04_Desarrollo;08/05/2026;09:30:00;Cerrada
;REQ 2026-019354;REQ;AGENDA CITAS;AMOROMISATO;07_Documentación;08/05/2026;02:00:00;Cerrada
;REQ 2026-014614;REQ;SIC;AMOROMISATO;02_Analisis;08/05/2026;02:00:00;Cerrada
;REQ 2026-021097;REQ;SIRI;AMOROMISATO;01_Reunion de Entendimiento;08/05/2026;01:30:00;Cerrado
;REQ 2026-021097;REQ;SIRI;AMOROMISATO;02_Analisis;08/05/2026;02:30:00;Cerrado
;REQ 2025-036965;REQ;AGENDA CITAS;AMOROMISATO;14_Seguimiento Requerimiento;08/05/2026;01:30:00;Cerrado
;REQ 2026-020446;REQ;SAP;PBARDALES;02_Analisis;08/05/2026;00:40:00;Cerrado
;INC 2026-020837;EXP;SAP;PBARDALES;02_Analisis;08/05/2026;00:40:00;Cerrado
;REQ 2026-020448;EXP;HIS;PBARDALES;04_Desarrollo;08/05/2026;01:00:00;Cerrado
;REQ 2026-021148;EXP;SAP;PBARDALES;04_Desarrollo;08/05/2026;01:30:00;Cerrado
;REQ 2026-021268;REQ;SIL;PBARDALES;04_Desarrollo;08/05/2026;01:00:00;Cerrada
;REQ 2026-021523;EXP;SAP;PBARDALES;04_Desarrollo;08/05/2026;01:00:00;Cerrada
;REQ 2024-019667;REQ;SIC;PBARDALES;04_Desarrollo;08/05/2026;03:00:00;Cerrado
;REQ 2026-019939;REQ;SAP;PBARDALES;02_Analisis;08/05/2026;01:00:00;Cerrada
;REQ 2026-021609;REQ;SIC;JREBAZA;02_Analisis;08/05/2026;00:50:00;Cerrada
;REQ 2026-021579;EXP;SIC;JREBAZA;02_Analisis;08/05/2026;01:15:00;Cerrado
;REQ 2026-021225;REQ;SIC;JREBAZA;02_Analisis;08/05/2026;01:15:00;Cerrada
;REQ 2026-021074;REQ;SIC;JREBAZA;02_Analisis;08/05/2026;01:15:00;Cerrada
;REQ 2026-021662;EXP;SIC;JREBAZA;02_Analisis;08/05/2026;02:00:00;Cerrada
;REQ 2026-021361;REQ;SIC;JREBAZA;02_Analisis;08/05/2026;00:30:00;Cerrada
;REQ 2026-021298;REQ;SIC;JREBAZA;02_Analisis;08/05/2026;00:30:00;Cerrada
;INC 2026-021677;INC;SIC;JREBAZA;02_Analisis;08/05/2026;00:30:00;Cerrada
;REQ 2026-021397;REQ;SIC;JREBAZA;02_Analisis;08/05/2026;00:20:00;Cerrada
;REQ 2026-021844;REQ;SIC;JREBAZA;02_Analisis;08/05/2026;00:20:00;Cerrada
;INC 2026-021880;INC;SIC;JREBAZA;02_Analisis;08/05/2026;00:20:00;Cerrada
;INC 2026-021572;INC;SIC;JREBAZA;02_Analisis;08/05/2026;00:35:00;Cerrada
;REQ 2024-022552;PRY;MAC;AGARCIA;06_Pruebas Usuario Final;08/05/2026;06:00:00;Cerrada
;INC 2026-021272;EXP;SIC;AGARCIA;02_Analisis;08/05/2026;02:00:00;Cerrada
;INC 2026-021272;EXP;SIC;AGARCIA;04_Desarrollo;08/05/2026;00:30:00;Cerrada
;INC 2026-020913;INC;SIC;AGARCIA;02_Analisis;08/05/2026;02:30:00;Cerrada
;REQ 2026-014152;REQ;MAC;YSUYCO;02_Analisis;08/05/2026;09:30:00;Cerrada
;REQ 2026-014152;REQ;MAC;TMACASSI;02_Analisis;08/05/2026;05:00:00;Cerrada
;REQ 2026-018147;REQ;SIC;TMACASSI;02_Analisis;08/05/2026;01:00:00;Cerrada
;REQ 2024-021925;REQ;SIC;SRODRIGUEZ;04_Desarrollo;08/05/2026;04:00:00;Cerrada
;REQ 2024-021925;REQ;SIC;SRODRIGUEZ;04_Desarrollo;08/05/2026;03:00:00;Cerrada
;REQ 2025-017900;REQ;SIC;SRODRIGUEZ;02_Analisis;08/05/2026;02:30:00;Cerrada
;REQ 2026-019634;REQ;SIC;FGONZALES;04_Desarrollo;08/05/2026;01:30:00;Cerrada
;REQ 2026-020893;REQ;SIC;FGONZALES;06_Pruebas Usuario Final;08/05/2026;00:45:00;Cerrada
;REQ 2026-016313;REQ;SIC;FGONZALES;04_Desarrollo;08/05/2026;03:00:00;Cerrada
;REQ 2025-003378;PRY;HIS;FGONZALES;04_Desarrollo;08/05/2026;05:00:00;Cerrada
;REQ 2024-022552;PRY;MAC;CRODRIGUEZ;09_Acompañamiento QA;11/05/2026;01:00:00;Cerrada
;REQ 2025-025667;REQ;APP/ WEB;CRODRIGUEZ;09_Acompañamiento QA;11/05/2026;01:00:00;Cerrada
;REQ 2026-021307;REQ;HIS;CRODRIGUEZ;04_Desarrollo;11/05/2026;04:00:00;Cerrada
;REQ 2024-006886;PRY;HIS;CRODRIGUEZ;18_Configuraciones;11/05/2026;01:00:00;Cerrada
;REQ 2026-011345;REQ;SIC;CRODRIGUEZ;04_Desarrollo;11/05/2026;02:00:00;Cerrada
;REQ 2026-021301;REQ;HIS;RGREY;04_Desarrollo;11/05/2026;09:30:00;Cerrada
;REQ 2026-018791;REQ;PORTAL PROVEEDORES;JGUILLEN;07_Documentación;11/05/2026;09:30:00;Cerrada
;INC 2026-022423;INC;AGENDA CITAS;JROSALES;02_Analisis;11/05/2026;01:30:00;Cerrada
;INC 2026-021894;INC;AGENDA CITAS;JROSALES;02_Analisis;11/05/2026;02:30:00;Cerrada
;INC 2026-022417;INC;APP/ WEB;JROSALES;02_Analisis;11/05/2026;02:00:00;Cerrada
;INC 2026-022414;EXP;APP/ WEB;JROSALES;02_Analisis;11/05/2026;02:00:00;Cerrada
;INC 2026-022104;INC;AGENDA CITAS;JROSALES;02_Analisis;11/05/2026;01:00:00;Cerrada
;REQ 2025-034476;PRY;CHATBOT;AMOROMISATO;19_Reunion Proveedores;11/05/2026;01:30:00;Cerrada
;REQ 2026-021097;REQ;SIRI;AMOROMISATO;18_Configuraciones;11/05/2026;02:00:00;Cerrada
;REQ 2026-021097;REQ;SIRI;AMOROMISATO;04_Desarrollo;11/05/2026;02:30:00;Cerrada
;REQ 2026-021097;REQ;SIRI;AMOROMISATO;04_Desarrollo;11/05/2026;03:00:00;Cerrada
;INC 2026-021668;EXP;SIC;PBARDALES;04_Desarrollo;11/05/2026;01:00:00;Cerrada
;REQ 2026-022211;REQ;SIC;PBARDALES;02_Analisis;11/05/2026;00:30:00;Cerrada
;REQ 2024-019667;REQ;SIC;PBARDALES;04_Desarrollo;11/05/2026;01:00:00;Cerrada
;INC 2026-021836;INC;SIC;JREBAZA;02_Analisis;11/05/2026;00:30:00;Cerrada
;REQ 2026-021636;REQ;SIC;JREBAZA;02_Analisis;11/05/2026;00:20:00;Cerrada
;REQ 2026-021961;REQ;SIC;JREBAZA;02_Analisis;11/05/2026;00:20:00;Cerrado
;REQ 2026-021985;REQ;SIC;JREBAZA;02_Analisis;11/05/2026;00:20:00;Cerrado
;REQ 2026-022023;REQ;SIC;JREBAZA;02_Analisis;11/05/2026;00:20:00;Cerrado
;INC 2026-022027;INC;SIC;JREBAZA;02_Analisis;11/05/2026;01:30:00;Cerrada
;REQ 2026-021925;REQ;SIC;JREBAZA;02_Analisis;11/05/2026;01:20:00;Cerrado
;REQ 2026-021844;REQ;SIC;JREBAZA;02_Analisis;11/05/2026;00:30:00;Cerrada
;INC 2026-022174;EXP;SIC;JREBAZA;02_Analisis;11/05/2026;00:30:00;Cerrada
;INC 2026-022144;EXP;SIC;JREBAZA;02_Analisis;11/05/2026;00:30:00;Cerrada
;REQ 2026-022138;EXP;SIC;JREBAZA;02_Analisis;11/05/2026;00:30:00;Cerrada
;REQ 2026-021960;EXP;SIC;JREBAZA;02_Analisis;11/05/2026;00:20:00;Cerrada
;REQ 2026-022194;REQ;SIC;JREBAZA;02_Analisis;11/05/2026;00:20:00;Cerrada
;REQ 2026-022229;REQ;SIC;JREBAZA;02_Analisis;11/05/2026;00:20:00;Cerrada
;REQ 2026-022253;REQ;SIC;JREBAZA;02_Analisis;11/05/2026;00:50:00;Cerrada
;INC 2026-022075;EXP;SIC;JREBAZA;02_Analisis;11/05/2026;00:50:00;Cerrada
;INC 2026-022109;EXP;SIC;JREBAZA;02_Analisis;11/05/2026;00:50:00;Cerrada
;INC 2026-021914;INC;SIC;TMACASSI;02_Analisis;11/05/2026;06:00:00;Cerrada
;REQ 2026-014175;REQ;SIC;TMACASSI;03_Estimación de Actividades;11/05/2026;02:30:00;Cerrada
;REQ 2026-021343;REQ;DATOS;TMACASSI;01_Reunion de Entendimiento;11/05/2026;01:00:00;Cerrada
;REQ 2024-022552;PRY;MAC;AGARCIA;06_Pruebas Usuario Final;11/05/2026;03:30:00;Cerrada
;INC 2026-021191;INC;SIC;AGARCIA;02_Analisis;11/05/2026;00:15:00;Cerrada
;INC 2026-020913;INC;SIC;AGARCIA;02_Analisis;11/05/2026;01:30:00;Cerrada
;INC 2026-021914;INC;SIC;AGARCIA;02_Analisis;11/05/2026;00:20:00;Cerrada
;INC 2026-021914;INC;SIC;AGARCIA;02_Analisis;11/05/2026;03:00:00;Cerrada
;INC 2026-021953;INC;SIC;AGARCIA;02_Analisis;11/05/2026;00:20:00;Cerrada
;INC 2026-021702;INC;SIC;AGARCIA;04_Desarrollo;11/05/2026;00:20:00;Cerrada
;INC 2026-021719;INC;SIC;AGARCIA;04_Desarrollo;11/05/2026;00:20:00;Cerrada
;INC 2026-021862;INC;SIC;AGARCIA;04_Desarrollo;11/05/2026;00:20:00;Cerrada
;INC 2026-021950;INC;SIC;AGARCIA;02_Analisis;11/05/2026;00:50:00;Cerrada
;REQ 2024-021925;REQ;SIC;SRODRIGUEZ;04_Desarrollo;11/05/2026;04:00:00;Cerrada
;REQ 2025-017900;REQ;SIC;SRODRIGUEZ;02_Analisis;11/05/2026;06:00:00;Cerrada
;REQ 2026-014152;REQ;MAC;YSUYCO;02_Analisis;11/05/2026;09:30:00;Cerrada
;REQ 2026-010602;REQ;SIC;FGONZALES;09_Acompañamiento QA;11/05/2026;01:00:00;Cerrada
;REQ 2026-019634;REQ;SIC;FGONZALES;07_Documentación;11/05/2026;02:00:00;Cerrada
;REQ 2026-010602;REQ;SIC;FGONZALES;04_Desarrollo;11/05/2026;01:00:00;Cerrada
;REQ 2026-019634;REQ;SIC;FGONZALES;07_Documentación;11/05/2026;02:00:00;Cerrada
;REQ 2026-020893;REQ;SIC;FGONZALES;07_Documentación;11/05/2026;02:00:00;Cerrada
;REQ 2026-016313;REQ;SIC;FGONZALES;07_Documentación;11/05/2026;03:00:00;Cerrada
;REQ 2025-017900;REQ;SIC;FGONZALES;09_Acompañamiento QA;11/05/2026;01:00:00;Cerrada
;REQ 2026-021301;REQ;HIS;RGREY;04_Desarrollo;12/05/2026;06:00:00;Cerrada
;REQ 2026-021301;REQ;HIS;RGREY;07_Documentación;12/05/2026;03:30:00;Cerrada
;REQ 2026-018791;REQ;PORTAL PROVEEDORES;JGUILLEN;07_Documentación;12/05/2026;09:30:00;Cerrada
;REQ 2026-021307;REQ;HIS;CRODRIGUEZ;04_Desarrollo;12/05/2026;06:00:00;Cerrada
;REQ 2025-025667;REQ;APP/ WEB;CRODRIGUEZ;09_Acompañamiento QA;12/05/2026;03:30:00;Cerrada
;REQ 2025-025667;REQ;APP/ WEB;JROSALES;09_Acompañamiento QA;12/05/2026;05:00:00;Cerrada
;INC 2026-021648;EXP;APP/ WEB;JROSALES;02_Analisis;12/05/2026;00:45:00;Cerrada
;INC 2026-022410;EXP;APP/ WEB;JROSALES;02_Analisis;12/05/2026;00:45:00;Cerrada
;INC 2026-022414;EXP;APP/ WEB;JROSALES;02_Analisis;12/05/2026;01:00:00;Cerrada
;INC 2026-022629;EXP;PORTAL PROVEEDORES;JROSALES;02_Analisis;12/05/2026;00:45:00;Cerrada
;INC 2026-022523;INC;APP/ WEB;JROSALES;02_Analisis;12/05/2026;01:15:00;Cerrada
;REQ 2026-021097;REQ;SIRI;AMOROMISATO;04_Desarrollo;12/05/2026;09:30:00;Cerrada
;REQ 2026-019939;REQ;SAP;PBARDALES;02_Analisis;12/05/2026;00:40:00;Cerrada
;REQ 2024-019667;REQ;SIC;PBARDALES;04_Desarrollo;12/05/2026;02:00:00;Cerrada
;REQ 2026-019939;REQ;SAP;PBARDALES;19_Reunion Proveedores;12/05/2026;03:00:00;Cerrada
;REQ 2026-022557;REQ;SAP;PBARDALES;02_Analisis;12/05/2026;01:00:00;Cerrado
;REQ 2026-022737;REQ;SAP;PBARDALES;02_Analisis;12/05/2026;00:40:00;Cerrado
;REQ 2026-021940;REQ;SIC;PBARDALES;02_Analisis;12/05/2026;00:40:00;Cerrado
;REQ 2026-021225;REQ;SIC;JREBAZA;02_Analisis;12/05/2026;02:00:00;Cerrado
;REQ 2026-021225;REQ;SIC;JREBAZA;02_Analisis;12/05/2026;01:00:00;Cerrado
;INC 2026-022452;INC;SIC;JREBAZA;02_Analisis;12/05/2026;01:10:00;Cerrado
;INC 2026-022075;EXP;SIC;JREBAZA;02_Analisis;12/05/2026;00:40:00;Cerrado
;REQ 2026-021925;REQ;SIC;JREBAZA;02_Analisis;12/05/2026;01:10:00;Cerrada
;REQ 2026-022546;REQ;SAP;JREBAZA;02_Analisis;12/05/2026;00:50:00;Cerrada
;INC 2026-022510;EXP;SIC;JREBAZA;02_Analisis;12/05/2026;01:10:00;Cerrada
;INC 2026-022458;EXP;SIC;JREBAZA;02_Analisis;12/05/2026;01:10:00;Cerrada
;REQ 2026-018360;REQ;SIL;JREBAZA;02_Analisis;12/05/2026;01:00:00;Cerrado
;REQ 2026-018147;REQ;SIC;TMACASSI;01_Reunion de Entendimiento;12/05/2026;03:00:00;Cerrado
;REQ 2026-014152;REQ;MAC;TMACASSI;02_Analisis;12/05/2026;02:30:00;Cerrada
;REQ 2026-014175;REQ;SIC;TMACASSI;04_Desarrollo;12/05/2026;04:00:00;Cerrada
;REQ 2026-014152;REQ;MAC;YSUYCO;02_Analisis;12/05/2026;11:00:00;Cerrada
;REQ 2024-022552;PRY;MAC;AGARCIA;06_Pruebas Usuario Final;12/05/2026;03:00:00;Cerrado
;REQ 2026-018147;REQ;SIC;AGARCIA;01_Reunion de Entendimiento;12/05/2026;03:00:00;Cerrada
;INC 2026-022206;INC;SIC;AGARCIA;02_Analisis;12/05/2026;00:40:00;Cerrada
;INC 2026-022372;INC;SIC;AGARCIA;04_Desarrollo;12/05/2026;00:40:00;Cerrada
;INC 2026-022307;INC;SIC;AGARCIA;02_Analisis;12/05/2026;00:20:00;Cerrada
;INC 2026-022033;INC;SIC;AGARCIA;02_Analisis;12/05/2026;00:30:00;Cerrada
;INC 2026-021444;INC;SIC;AGARCIA;02_Analisis;12/05/2026;00:50:00;Cerrada
;REQ 2026-022083;REQ;SIL;AGARCIA;02_Analisis;12/05/2026;00:30:00;Cerrada
;REQ 2024-021925;REQ;SIC;SRODRIGUEZ;04_Desarrollo;12/05/2026;04:00:00;Cerrada
;REQ 2025-017900;REQ;SIC;SRODRIGUEZ;02_Analisis;12/05/2026;06:00:00;Cerrada
;REQ 2025-003378;PRY;HIS;FGONZALES;04_Desarrollo;12/05/2026;10:00:00;Cerrada
;REQ 2025-025667;REQ;APP/ WEB;CRODRIGUEZ;09_Acompañamiento QA;13/05/2026;06:00:00;Cerrada
;INC 2026-022694;EXP;APP/ WEB;JROSALES;02_Analisis;13/05/2026;04:00:00;Cerrada
;INC 2026-022753;EXP;APP/ WEB;JROSALES;02_Analisis;13/05/2026;02:30:00;Cerrada
;INC 2026-022301;INC;APP/ WEB;JROSALES;02_Analisis;13/05/2026;01:30:00;Cerrada
;INC 2026-022417;INC;APP/ WEB;JROSALES;02_Analisis;13/05/2026;01:00:00;Cerrada
;REQ 2026-021307;REQ;HIS;CRODRIGUEZ;04_Desarrollo;13/05/2026;03:00:00;Cerrada
;REQ 2026-021097;REQ;SIRI;AMOROMISATO;05_Pruebas Unitarias;13/05/2026;09:00:00;Cerrada
;REQ 2026-018791;REQ;PORTAL PROVEEDORES;JGUILLEN;07_Documentación;13/05/2026;06:30:00;Cerrada
;REQ 2024-019667;REQ;SIC;PBARDALES;05_Pruebas Unitarias;13/05/2026;03:00:00;Cerrada
;REQ 2026-019939;REQ;SAP;PBARDALES;19_Reunion Proveedores;13/05/2026;02:00:00;Cerrada
;REQ 2026-022440;REQ;SIC;PBARDALES;02_Analisis;13/05/2026;00:30:00;Cerrada
;REQ 2026-022557;REQ;SAP;PBARDALES;04_Desarrollo;13/05/2026;01:00:00;Cerrada
;INC 2026-022182;INC;PORTAL PROVEEDORES;PBARDALES;02_Analisis;13/05/2026;00:30:00;Cerrada
;REQ 2026-022605;EXP;SAP;PBARDALES;04_Desarrollo;13/05/2026;01:00:00;Cerrada
;REQ 2026-006581;REQ;AGENDA CITAS;RGREY;04_Desarrollo;13/05/2026;09:30:00;Cerrada
;REQ 2022-004744;PRY;SIC;TMACASSI;15_Acompañamiento SD;13/05/2026;01:00:00;Cerrada
;REQ 2026-014175;REQ;SIC;TMACASSI;01_Reunion de Entendimiento;13/05/2026;01:30:00;Cerrada
;REQ 2026-014175;REQ;SIC;TMACASSI;04_Desarrollo;13/05/2026;06:30:00;Cerrada
;REQ 2024-021925;REQ;SIC;FGONZALES;11_Reunion Interna DEV;13/05/2026;01:00:00;Cerrada
;REQ 2025-003378;PRY;HIS;FGONZALES;04_Desarrollo;13/05/2026;10:00:00;Cerrada
;REQ 2026-014152;REQ;MAC;YSUYCO;04_Desarrollo;13/05/2026;11:00:00;Cerrada
;REQ 2024-022552;PRY;MAC;AGARCIA;06_Pruebas Usuario Final;13/05/2026;08:00:00;Cerrada
;INC 2026-021930;INC;SIC;AGARCIA;02_Analisis;13/05/2026;02:00:00;Cerrada
;REQ 2026-022630;REQ;SIC;JREBAZA;02_Analisis;13/05/2026;01:40:00;Cerrada
;INC 2026-022683;INC;SIC;JREBAZA;02_Analisis;13/05/2026;01:50:00;Cerrada
;INC 2026-022744;INC;SIC;JREBAZA;02_Analisis;13/05/2026;01:40:00;Cerrada
;REQ 2026-018360;REQ;SIL;JREBAZA;04_Desarrollo;13/05/2026;02:00:00;Cerrada
;REQ 2026-018360;REQ;SIL;JREBAZA;04_Desarrollo;13/05/2026;01:30:00;Cerrada
;REQ 2026-018360;REQ;SIL;JREBAZA;04_Desarrollo;13/05/2026;01:30:00;Cerrada
;REQ 2025-017900;REQ;SIC;SRODRIGUEZ;04_Desarrollo;13/05/2026;05:00:00;Cerrada
;REQ 2024-021925;REQ;SIC;SRODRIGUEZ;04_Desarrollo;13/05/2026;05:00:00;Cerrada
;REQ 2026-011345;REQ;SIC;CRODRIGUEZ;01_Reunion de Entendimiento;14/05/2026;05:00:00;Cerrada
;REQ 2026-015231;REQ;APP/ WEB;AMOROMISATO;09_Acompañamiento QA;14/05/2026;01:00:00;Cerrada
;REQ 2026-021097;REQ;SIRI;AMOROMISATO;15_Acompañamiento SD;14/05/2026;01:00:00;Cerrada
;REQ 2026-021307;REQ;HIS;CRODRIGUEZ;04_Desarrollo;14/05/2026;04:30:00;Cerrada
;REQ 2026-022981;PRY;SIC;JGUILLEN;02_Analisis;14/05/2026;09:30:00;Cerrada
;REQ 2026-021097;REQ;SIRI;AMOROMISATO;07_Documentación;14/05/2026;06:30:00;Cerrada
;INC 2026-022996;EXP;AGENDA CITAS;JROSALES;02_Analisis;14/05/2026;03:00:00;Cerrada
;REQ 2026-015355;REQ;APP/ WEB;JROSALES;02_Analisis;14/05/2026;03:30:00;Cerrada
;INC 2026-015317;EXP;SIC;JROSALES;02_Analisis;14/05/2026;03:00:00;Cerrada
;REQ 2026-019939;REQ;SAP;PBARDALES;11_Reunion Interna DEV;14/05/2026;01:00:00;Cerrada
;INC 2026-022590;EXP;SAP;PBARDALES;04_Desarrollo;14/05/2026;00:40:00;Cerrada
;INC 2026-022757;INC;SAP;PBARDALES;02_Analisis;14/05/2026;00:40:00;Cerrada
;REQ 2024-019667;REQ;SIC;PBARDALES;04_Desarrollo;14/05/2026;01:00:00;Cerrada
;REQ 2026-014175;REQ;SIC;PBARDALES;04_Desarrollo;14/05/2026;01:00:00;Cerrada
;REQ 2026-006581;REQ;AGENDA CITAS;RGREY;04_Desarrollo;14/05/2026;06:00:00;Cerrada
;REQ 2026-006581;REQ;AGENDA CITAS;RGREY;07_Documentación;14/05/2026;03:30:00;Cerrado
;REQ 2026-022997;REQ;SIC;JREBAZA;02_Analisis;14/05/2026;00:30:00;Cerrado
;INC 2026-022584;INC;SIC;JREBAZA;02_Analisis;14/05/2026;01:30:00;Cerrado
;INC 2026-022831;INC;SIC;JREBAZA;02_Analisis;14/05/2026;01:30:00;Cerrado
;INC 2026-022559;INC;SIC;JREBAZA;02_Analisis;14/05/2026;02:10:00;Cerrada
;INC 2026-023065;EXP;SIC;JREBAZA;02_Analisis;14/05/2026;00:30:00;Cerrada
;REQ 2026-023064;EXP;SIC;JREBAZA;02_Analisis;14/05/2026;00:40:00;Cerrada
;INC 2026-023000;EXP;SIC;JREBAZA;02_Analisis;14/05/2026;00:45:00;Cerrado
;INC 2026-022920;EXP;SIC;JREBAZA;02_Analisis;14/05/2026;00:55:00;Cerrada
;INC 2026-022915;EXP;SIC;JREBAZA;02_Analisis;14/05/2026;00:55:00;Cerrada
;REQ 2026-022540;EXP;SIC;JREBAZA;02_Analisis;14/05/2026;00:45:00;Cerrada
;REQ 2026-014175;REQ;SIC;TMACASSI;04_Desarrollo;14/05/2026;09:30:00;Cerrada
;REQ 2026-014152;REQ;MAC;YSUYCO;04_Desarrollo;14/05/2026;10:00:00;Cerrada
;INC 2026-022647;INC;SIC;AGARCIA;04_Desarrollo;14/05/2026;00:30:00;Cerrada
;INC 2026-022741;INC;SIC;AGARCIA;04_Desarrollo;14/05/2026;00:30:00;Cerrada
;INC 2026-022569;INC;SIC;AGARCIA;02_Analisis;14/05/2026;01:00:00;Cerrada
;INC 2026-022569;INC;SIC;AGARCIA;02_Analisis;14/05/2026;00:30:00;Cerrada
;INC 2026-022966;INC;SIC;AGARCIA;05_Pruebas Unitarias;14/05/2026;02:50:00;Cerrada
;REQ 2024-022552;PRY;MAC;AGARCIA;06_Pruebas Usuario Final;14/05/2026;04:00:00;Cerrada
;REQ 2025-003378;PRY;HIS;FGONZALES;04_Desarrollo;14/05/2026;10:00:00;Cerrada
;REQ 2025-017900;REQ;SIC;SRODRIGUEZ;04_Desarrollo;14/05/2026;05:00:00;Cerrada
;REQ 2025-017900;REQ;SIC;SRODRIGUEZ;20_Reunion Seguimiento;14/05/2026;02:00:00;Cerrada
;REQ 2024-021925;REQ;SIC;SRODRIGUEZ;04_Desarrollo;14/05/2026;04:00:00;Cerrada
;REQ 2025-025667;REQ;APP/ WEB;CRODRIGUEZ;09_Acompañamiento QA;15/05/2026;05:30:00;Cerrada
;REQ 2026-021307;REQ;HIS;CRODRIGUEZ;04_Desarrollo;15/05/2026;04:00:00;Cerrada
;REQ 2026-022981;PRY;SIC;JGUILLEN;02_Analisis;15/05/2026;09:30:00;Cerrada
;REQ 2026-023101;REQ;AGENDA CITAS;AMOROMISATO;02_Analisis;15/05/2026;09:30:00;Cerrada
;INC 2026-023339;INC;APP/ WEB;JROSALES;02_Analisis;15/05/2026;02:30:00;Cerrada
;REQ 2025-012304;REQ;AGENDA CITAS;JROSALES;01_Reunion de Entendimiento;15/05/2026;01:00:00;Cerrada
;INC 2026-023356;INC;APP/ WEB;JROSALES;02_Analisis;15/05/2026;03:00:00;Cerrada
;INC 2026-023165;INC;MAC;JROSALES;02_Analisis;15/05/2026;03:00:00;Cerrada
;REQ 2024-019667;REQ;SIC;PBARDALES;04_Desarrollo;15/05/2026;02:30:00;Cerrada
;REQ 2026-014175;REQ;SIC;PBARDALES;04_Desarrollo;15/05/2026;01:00:00;Cerrada
;REQ 2026-021301;REQ;HIS;RGREY;04_Desarrollo;15/05/2026;09:30:00;Cerrada
;REQ 2025-017900;REQ;SIC;JREBAZA;08_Desarrollo Iteración;15/05/2026;04:00:00;Cerrada
;REQ 2026-014152;REQ;MAC;YSUYCO;04_Desarrollo;15/05/2026;09:30:00;Cerrada
;REQ 2026-014175;REQ;SIC;TMACASSI;04_Desarrollo;15/05/2026;09:30:00;Cerrado
;REQ 2026-018360;REQ;SIL;JREBAZA;04_Desarrollo;15/05/2026;03:00:00;Cerrado
;REQ 2026-018360;REQ;SIL;JREBAZA;04_Desarrollo;15/05/2026;03:00:00;Cerrada
;INC 2026-022569;INC;SIC;AGARCIA;02_Analisis;15/05/2026;02:00:00;Cerrada
;REQ 2025-017900;REQ;SIC;FGONZALES;11_Reunion Interna DEV;15/05/2026;01:00:00;Cerrada
;REQ 2025-003378;PRY;HIS;FGONZALES;04_Desarrollo;15/05/2026;08:30:00;Cerrada
;REQ 2025-017900;REQ;SIC;SRODRIGUEZ;08_Desarrollo Iteración;15/05/2026;05:00:00;Cerrada
;REQ 2025-017900;REQ;SIC;SRODRIGUEZ;20_Reunion Seguimiento;15/05/2026;04:00:00;Cerrada
;REQ 2024-021925;REQ;SIC;SRODRIGUEZ;04_Desarrollo;15/05/2026;03:00:00;Cerrada
;INC 2026-022966;INC;SIC;AGARCIA;02_Analisis;16/05/2026;06:30:00;Cerrada
;REQ 2026-002917;REQ;APP/ WEB;AMOROMISATO;09_Acompañamiento QA;18/05/2026;01:00:00;Cerrada
;REQ 2026-023101;REQ;AGENDA CITAS;AMOROMISATO;03_Estimación de Actividades;18/05/2026;00:30:00;Cerrada
;REQ 2026-023101;REQ;AGENDA CITAS;AMOROMISATO;04_Desarrollo;18/05/2026;04:00:00;Cerrada
;INC 2026-023454;EXP;APP/ WEB;JROSALES;02_Analisis;18/05/2026;00:45:00;Cerrada
;REQ 2026-014175;REQ;SIC;PBARDALES;11_Reunion Interna DEV;18/05/2026;01:30:00;Cerrada
;REQ 2026-022603;REQ;SAP;PBARDALES;04_Desarrollo;18/05/2026;00:40:00;Cerrada
;REQ 2026-023010;REQ;SAP;PBARDALES;02_Analisis;18/05/2026;00:40:00;Cerrada
;REQ 2026-023231;EXP;SIC;PBARDALES;04_Desarrollo;18/05/2026;01:00:00;Cerrada
;INC 2026-023346;EXP;SAP;PBARDALES;04_Desarrollo;18/05/2026;01:00:00;Cerrada
;REQ 2026-023878;REQ;SIC;PBARDALES;02_Analisis;18/05/2026;00:30:00;Cerrada
;REQ 2026-023881;EXP;SIC;PBARDALES;04_Desarrollo;18/05/2026;01:00:00;Cerrada
;REQ 2026-019939;REQ;SAP;PBARDALES;02_Analisis;18/05/2026;01:00:00;Cerrada
;REQ 2026-014175;REQ;SIC;PBARDALES;04_Desarrollo;18/05/2026;02:30:00;Cerrada
;REQ 2026-021307;REQ;HIS;CRODRIGUEZ;04_Desarrollo;18/05/2026;04:00:00;Cerrada
;REQ 2026-011345;REQ;SIC;CRODRIGUEZ;01_Reunion de Entendimiento;18/05/2026;01:00:00;Cerrada
;REQ 2026-021307;REQ;HIS;CRODRIGUEZ;04_Desarrollo;18/05/2026;04:00:00;Cerrada
;REQ 2026-021301;REQ;HIS;RGREY;04_Desarrollo;18/05/2026;09:30:00;Cerrada
;INC 2026-023816;EXP;AGENDA CITAS;JROSALES;02_Analisis;18/05/2026;01:30:00;Cerrada
;INC 2026-023454;EXP;APP/ WEB;JROSALES;02_Analisis;18/05/2026;01:30:00;Cerrada
;INC 2026-023434;EXP;AGENDA CITAS;JROSALES;02_Analisis;18/05/2026;00:45:00;Cerrada
;INC 2026-023728;INC;HCE;JROSALES;02_Analisis;18/05/2026;00:50:00;Cerrada
;INC 2026-023384;INC;APP/ WEB;JROSALES;02_Analisis;18/05/2026;01:30:00;Cerrada
;INC 2026-023513;INC;APP/ WEB;JROSALES;02_Analisis;18/05/2026;00:45:00;Cerrada
;INC 2026-023346;EXP;SAP;JROSALES;11_Reunion Interna DEV;18/05/2026;01:30:00;Cerrada
;REQ 2024-022552;PRY;MAC;AMOROMISATO;02_Analisis;18/05/2026;03:30:00;Cerrado
;REQ 2026-018791;REQ;PORTAL PROVEEDORES;JGUILLEN;04_Desarrollo;18/05/2026;09:00:00;Cerrado
;REQ 2026-021940;REQ;SIC;JREBAZA;02_Analisis;18/05/2026;00:20:00;Cerrado
;REQ 2026-022961;REQ;SIC;JREBAZA;02_Analisis;18/05/2026;00:50:00;Cerrado
;REQ 2026-023193;REQ;SIC;JREBAZA;02_Analisis;18/05/2026;00:30:00;Cerrado
;INC 2026-023237;INC;SIC;JREBAZA;02_Analisis;18/05/2026;00:20:00;Cerrado
;INC 2026-023276;INC;SIC;JREBAZA;02_Analisis;18/05/2026;00:30:00;Cerrada
;REQ 2026-023291;REQ;SIC;JREBAZA;02_Analisis;18/05/2026;00:30:00;Cerrado
;INC 2026-023300;INC;SIC;JREBAZA;02_Analisis;18/05/2026;00:30:00;Cerrado
;INC 2026-023340;INC;SIC;JREBAZA;02_Analisis;18/05/2026;00:20:00;Cerrado
;REQ 2026-022681;INC;SIC;JREBAZA;02_Analisis;18/05/2026;01:30:00;Cerrada
;INC 2026-023252;EXP;SIC;JREBAZA;02_Analisis;18/05/2026;01:00:00;Cerrada
;INC 2026-023364;EXP;SIC;JREBAZA;02_Analisis;18/05/2026;00:50:00;Cerrada
;REQ 2026-023342;EXP;SIC;JREBAZA;02_Analisis;18/05/2026;00:40:00;Cerrada
;INC 2026-023435;INC;SIC;JREBAZA;02_Analisis;18/05/2026;00:40:00;Cerrada
;INC 2026-023315;INC;SIC;JREBAZA;02_Analisis;18/05/2026;00:40:00;Cerrada
;INC 2026-023147;EXP;SIC;JREBAZA;02_Analisis;18/05/2026;00:50:00;Cerrado
;REQ 2024-023822;PRY;HCE UNIFICADA;MCARRASCO;17_Capacitaciones;18/05/2026;10:00:00;Cerrada
;REQ 2024-023822;PRY;HCE UNIFICADA;FPINEDO;17_Capacitaciones;18/05/2026;10:00:00;Cerrada
;REQ 2026-014175;REQ;SIC;TMACASSI;04_Desarrollo;18/05/2026;09:30:00;Cerrada
;REQ 2026-014152;REQ;MAC;YSUYCO;04_Desarrollo;18/05/2026;10:00:00;Cerrada
;REQ 2024-022552;PRY;MAC;AGARCIA;01_Reunion de Entendimiento;18/05/2026;00:30:00;Cerrada
;INC 2026-023341;EXP;SIC;AGARCIA;04_Desarrollo;18/05/2026;00:30:00;Cerrada
;INC 2026-022569;INC;SIC;AGARCIA;02_Analisis;18/05/2026;00:30:00;Cerrada
;INC 2026-022678;INC;SIC;AGARCIA;02_Analisis;18/05/2026;03:00:00;Cerrada
;INC 2026-022743;INC;SIC;AGARCIA;04_Desarrollo;18/05/2026;00:20:00;Cerrada
;INC 2026-022747;INC;SIC;AGARCIA;04_Desarrollo;18/05/2026;00:20:00;Cerrada
;INC 2026-022746;INC;SIC;AGARCIA;04_Desarrollo;18/05/2026;00:20:00;Cerrada
;INC 2026-022871;INC;SIC;AGARCIA;02_Analisis;18/05/2026;00:10:00;Cerrada
;INC 2026-022946;INC;SIC;AGARCIA;02_Analisis;18/05/2026;00:30:00;Cerrada
;INC 2026-022868;INC;SIC;AGARCIA;02_Analisis;18/05/2026;01:00:00;Cerrada
;INC 2026-022889;INC;SIC;AGARCIA;02_Analisis;18/05/2026;01:30:00;Cerrada
;INC 2026-022877;INC;SIC;AGARCIA;02_Analisis;18/05/2026;02:20:00;Cerrada
;INC 2026-022966;INC;SIC;AGARCIA;02_Analisis;18/05/2026;00:10:00;Cerrada
;REQ 2025-003378;PRY;HIS;FGONZALES;04_Desarrollo;18/05/2026;10:00:00;Cerrada
;REQ 2025-003378;PRY;HIS;FGONZALES;15_Acompañamiento SD;18/05/2026;00:30:00;Cerrada
;REQ 2025-017900;REQ;SIC;SRODRIGUEZ;08_Desarrollo Iteración;18/05/2026;10:00:00;Cerrada
;INC 2026-022591;EXP;SAP;PBARDALES;04_Desarrollo;19/05/2026;01:00:00;Cerrada
;REQ 2026-022950;EXP;SIC;PBARDALES;04_Desarrollo;19/05/2026;02:30:00;Cerrada
;INC 2026-023905;INC;SAP;PBARDALES;02_Analisis;19/05/2026;00:30:00;Cerrada
;INC 2026-023815;INC;SAP;PBARDALES;02_Analisis;19/05/2026;00:40:00;Cerrada
;REQ 2026-022550;REQ;SAP;PBARDALES;02_Analisis;19/05/2026;00:40:00;Cerrada
;REQ 2026-023722;REQ;SAP;PBARDALES;02_Analisis;19/05/2026;00:30:00;Cerrada
;REQ 2026-023069;EXP;SIC;PBARDALES;04_Desarrollo;19/05/2026;01:00:00;Cerrada
;REQ 2026-014175;REQ;SIC;PBARDALES;04_Desarrollo;19/05/2026;03:00:00;Cerrada
;REQ 2026-012753;REQ;APP/ WEB;CRODRIGUEZ;09_Acompañamiento QA;19/05/2026;02:00:00;Cerrada
;REQ 2026-021307;REQ;HIS;CRODRIGUEZ;05_Pruebas Unitarias;19/05/2026;05:00:00;Cerrada
;REQ 2025-025667;REQ;APP/ WEB;CRODRIGUEZ;09_Acompañamiento QA;19/05/2026;02:00:00;Cerrada
;REQ 2026-012753;REQ;APP/ WEB;CRODRIGUEZ;10_Acompañamiento PRD;19/05/2026;02:00:00;Cerrada
;REQ 2026-015794;REQ;SIC;RGREY;09_Acompañamiento QA;19/05/2026;05:00:00;Cerrada
;REQ 2026-006581;REQ;AGENDA CITAS;RGREY;04_Desarrollo;19/05/2026;02:00:00;Cerrada
;REQ 2026-011346;PRY;SIC;RGREY;07_Documentación;19/05/2026;02:30:00;Cerrada
;INC 2026-023913;INC;AGENDA CITAS;JROSALES;02_Analisis;19/05/2026;00:45:00;Cerrada
;INC 2026-023918;INC;APP/ WEB;JROSALES;02_Analisis;19/05/2026;01:30:00;Cerrada
;INC 2026-023993;INC;APP/ WEB;JROSALES;02_Analisis;19/05/2026;00:30:00;Cerrada
;REQ 2025-033687;REQ;HIS;JROSALES;02_Analisis;19/05/2026;01:30:00;Cerrada
;REQ 2026-014850;REQ;APP/ WEB;JROSALES;02_Analisis;19/05/2026;01:00:00;Cerrada
;REQ 2026-023624;EXP;APP/ WEB;JROSALES;02_Analisis;19/05/2026;02:00:00;Cerrada
;INC 2026-023983;INC;SIC;JROSALES;02_Analisis;19/05/2026;02:30:00;Cerrada
;REQ 2026-014614;REQ;SIC;AMOROMISATO;01_Reunion de Entendimiento;19/05/2026;01:00:00;Cerrada
;REQ 2026-014614;REQ;SIC;AMOROMISATO;03_Estimación de Actividades;19/05/2026;01:00:00;Cerrada
;REQ 2024-022552;PRY;MAC;AMOROMISATO;04_Desarrollo;19/05/2026;07:30:00;Cerrada
;REQ 2026-018791;REQ;PORTAL PROVEEDORES;JGUILLEN;04_Desarrollo;19/05/2026;09:30:00;Cerrado
;REQ 2026-024219;REQ;SIC;AGARCIA;18_Configuraciones;19/05/2026;01:00:00;Cerrado
;INC 2026-023879;INC;SIC;JREBAZA;02_Analisis;19/05/2026;00:30:00;Cerrado
;REQ 2026-022586;REQ;SIC;JREBAZA;02_Analisis;19/05/2026;00:20:00;Cerrado
;REQ 2026-022478;REQ;SIC;JREBAZA;02_Analisis;19/05/2026;00:20:00;Cerrado
;REQ 2026-023066;REQ;SIC;JREBAZA;02_Analisis;19/05/2026;00:15:00;Cerrado
;REQ 2026-023232;REQ;SIC;JREBAZA;02_Analisis;19/05/2026;00:15:00;Cerrado
;REQ 2026-022465;REQ;SIC;JREBAZA;02_Analisis;19/05/2026;01:00:00;Cerrado
;REQ 2026-022642;REQ;SIC;JREBAZA;02_Analisis;19/05/2026;00:40:00;Cerrado
;REQ 2026-022682;INC;SIC;JREBAZA;02_Analisis;19/05/2026;01:20:00;Cerrado
;REQ 2026-024013;REQ;SIC;JREBAZA;02_Analisis;19/05/2026;00:30:00;Cerrado
;INC 2026-023345;INC;SIC;JREBAZA;02_Analisis;19/05/2026;00:40:00;Cerrada
;INC 2026-023343;INC;SIC;JREBAZA;02_Analisis;19/05/2026;00:40:00;Cerrada
;REQ 2026-023749;EXP;SIC;JREBAZA;02_Analisis;19/05/2026;02:30:00;Cerrado
;REQ 2026-024042;EXP;SIC;JREBAZA;02_Analisis;19/05/2026;00:30:00;Cerrada
;INC 2026-023759;EXP;SIC;JREBAZA;02_Analisis;19/05/2026;00:30:00;Cerrada
;REQ 2024-023822;PRY;HCE UNIFICADA;TMACASSI;01_Reunion de Entendimiento;19/05/2026;03:00:00;Cerrada
;REQ 2026-014175;REQ;SIC;TMACASSI;04_Desarrollo;19/05/2026;08:00:00;Cerrada
;REQ 2026-014152;REQ;MAC;YSUYCO;04_Desarrollo;19/05/2026;10:30:00;Cerrada
;REQ 2024-022552;PRY;MAC;AGARCIA;06_Pruebas Usuario Final;19/05/2026;04:30:00;Cerrada
;INC 2026-022743;INC;SIC;AGARCIA;04_Desarrollo;19/05/2026;00:30:00;Cerrada
;REQ 2024-022552;PRY;MAC;AGARCIA;01_Reunion de Entendimiento;19/05/2026;01:00:00;Cerrada
;INC 2026-022747;INC;SIC;AGARCIA;04_Desarrollo;19/05/2026;00:20:00;Cerrada
;INC 2026-022880;INC;SIC;AGARCIA;02_Analisis;19/05/2026;03:00:00;Cerrada
;REQ 2025-003378;PRY;HIS;FGONZALES;04_Desarrollo;19/05/2026;11:00:00;Cerrada
;REQ 2024-023822;PRY;HCE UNIFICADA;MCARRASCO;01_Reunion de Entendimiento;19/05/2026;10:00:00;Cerrada
;REQ 2024-021925;REQ;SIC;SRODRIGUEZ;04_Desarrollo;19/05/2026;07:00:00;Cerrada
;REQ 2025-017900;REQ;SIC;SRODRIGUEZ;20_Reunion Seguimiento;19/05/2026;02:00:00;Cerrada
;REQ 2024-023822;PRY;HCE UNIFICADA;FPINEDO;04_Desarrollo;19/05/2026;10:00:00;Cerrada
;INC 2026-024577;INC;APP/ WEB;JROSALES;02_Analisis;20/05/2026;02:00:00;Cerrada
;INC 2026-024284;INC;SIC;JROSALES;02_Analisis;20/05/2026;01:45:00;Cerrada
;INC 2026-023906;INC;APP/ WEB;JROSALES;02_Analisis;20/05/2026;01:00:00;Cerrada
;INC 2026-024478;INC;SIC;JROSALES;02_Analisis;20/05/2026;01:30:00;Cerrada
;INC 2026-024310;EXP;AGENDA CITAS;JROSALES;02_Analisis;20/05/2026;02:00:00;Cerrada
;REQ 2026-011409;REQ;APP/ WEB;JROSALES;02_Analisis;20/05/2026;01:30:00;Cerrada
;REQ 2026-021301;REQ;HIS;RGREY;04_Desarrollo;20/05/2026;07:00:00;Cerrada
;REQ 2026-021301;REQ;HIS;RGREY;04_Desarrollo;20/05/2026;02:30:00;Cerrada
;REQ 2026-018039;REQ;APP/ WEB;CRODRIGUEZ;01_Reunion de Entendimiento;20/05/2026;01:00:00;Cerrada
;REQ 2024-006886;PRY;HIS;CRODRIGUEZ;01_Reunion de Entendimiento;20/05/2026;01:00:00;Cerrada
;REQ 2024-022552;PRY;MAC;CRODRIGUEZ;04_Desarrollo;20/05/2026;07:30:00;Cerrada
;REQ 2024-022552;PRY;MAC;AMOROMISATO;04_Desarrollo;20/05/2026;09:30:00;Cerrada
;REQ 2026-018791;REQ;PORTAL PROVEEDORES;JGUILLEN;04_Desarrollo;20/05/2026;09:30:00;Cerrada
;REQ 2026-023291;REQ;SIC;JREBAZA;02_Analisis;20/05/2026;01:20:00;Cerrada
;REQ 2026-023342;EXP;SIC;JREBAZA;02_Analisis;20/05/2026;01:50:00;Cerrada
;INC 2026-023357;INC;SIC;JREBAZA;02_Analisis;20/05/2026;;Cerrada
;REQ 2026-024051;REQ;SIC;JREBAZA;02_Analisis;20/05/2026;00:40:00;Cerrada
;REQ 2026-024446;REQ;SIC;JREBAZA;02_Analisis;20/05/2026;00:40:00;Cerrada
;REQ 2026-023749;EXP;SIC;JREBAZA;02_Analisis;20/05/2026;01:50:00;Cerrada
;REQ 2026-024172;EXP;SIC;JREBAZA;02_Analisis;20/05/2026;01:50:00;Cerrada
;REQ 2026-024368;REQ;SIC;JREBAZA;02_Analisis;20/05/2026;01:50:00;Cerrada
;REQ 2026-014175;REQ;SIC;TMACASSI;04_Desarrollo;20/05/2026;09:30:00;Cerrada
;REQ 2026-014152;REQ;MAC;YSUYCO;04_Desarrollo;20/05/2026;10:30:00;Cerrada
;REQ 2024-022552;PRY;MAC;AGARCIA;06_Pruebas Usuario Final;20/05/2026;03:30:00;Cerrada
;REQ 2026-023121;REQ;SIC;AGARCIA;04_Desarrollo;20/05/2026;00:20:00;Cerrada
;INC 2026-023442;INC;SIC;AGARCIA;04_Desarrollo;20/05/2026;00:20:00;Cerrada
;INC 2026-023898;INC;SIC;AGARCIA;02_Analisis;20/05/2026;01:00:00;Cerrada
;REQ 2026-024158;REQ;SIC;AGARCIA;04_Desarrollo;20/05/2026;00:30:00;Cerrada
;INC 2026-024035;INC;SIC;AGARCIA;04_Desarrollo;20/05/2026;00:30:00;Cerrada
;REQ 2026-006414;PRY;DATOS;AGARCIA;02_Analisis;20/05/2026;02:30:00;Cerrada
;REQ 2026-024055;REQ;SIC;AGARCIA;02_Analisis;20/05/2026;00:20:00;Cerrada
;INC 2026-024427;INC;SIC;AGARCIA;04_Desarrollo;20/05/2026;00:30:00;Cerrada
;REQ 2025-003378;PRY;HIS;FGONZALES;04_Desarrollo;20/05/2026;10:00:00;Cerrada
;REQ 2025-003378;PRY;HIS;FGONZALES;15_Acompañamiento SD;20/05/2026;00:30:00;Cerrada
;REQ 2024-023822;PRY;HCE UNIFICADA;MCARRASCO;04_Desarrollo;20/05/2026;10:00:00;Cerrado
;REQ 2024-023822;PRY;HCE UNIFICADA;FPINEDO;04_Desarrollo;20/05/2026;10:00:00;Cerrado
;REQ 2024-021925;REQ;SIC;SRODRIGUEZ;04_Desarrollo;20/05/2026;05:00:00;Cerrado
;REQ 2025-017900;REQ;SIC;SRODRIGUEZ;02_Analisis;20/05/2026;02:00:00;Cerrado
;REQ 2025-017900;REQ;SIC;SRODRIGUEZ;04_Desarrollo;20/05/2026;02:00:00;Cerrado
;REQ 2024-021925;REQ;SIC;SRODRIGUEZ;04_Desarrollo;20/05/2026;02:00:00;Cerrada
;REQ 2026-024867;REQ;GITHUB;JROSALES;02_Analisis;21/05/2026;00:15:00;Cerrada
;REQ 2026-024869;REQ;APP/ WEB;JROSALES;02_Analisis;21/05/2026;00:15:00;Cerrada
;INC 2026-024787;INC;AGENDA CITAS;JROSALES;02_Analisis;21/05/2026;00:45:00;Cerrada
;INC 2026-024334;INC;AGENDA CITAS;JROSALES;02_Analisis;21/05/2026;03:00:00;Cerrada
;INC 2026-024671;EXP;HCE;JROSALES;02_Analisis;21/05/2026;00:45:00;Cerrada
;REQ 2026-024857;REQ;MAC;JROSALES;02_Analisis;21/05/2026;00:20:00;Cerrada
;REQ 2026-024810;REQ;MAC;JROSALES;02_Analisis;21/05/2026;00:10:00;Cerrada
;INC 2026-024298;INC;AGENDA CITAS;JROSALES;02_Analisis;21/05/2026;00:30:00;Cerrada
;INC 2026-024302;INC;AGENDA CITAS;JROSALES;02_Analisis;21/05/2026;00:45:00;Cerrada
;INC 2026-024930;EXP;AGENDA CITAS;JROSALES;02_Analisis;21/05/2026;01:20:00;Cerrada
;INC 2026-024646;INC;APP/ WEB;JROSALES;02_Analisis;21/05/2026;01:00:00;Cerrada
;REQ 2026-015794;REQ;SIC;RGREY;04_Desarrollo;21/05/2026;09:30:00;Cerrada
;REQ 2026-011409;REQ;APP/ WEB;CRODRIGUEZ;04_Desarrollo;21/05/2026;02:00:00;Cerrada
;REQ 2024-022552;PRY;MAC;CRODRIGUEZ;04_Desarrollo;21/05/2026;07:00:00;Cerrada
;REQ 2024-022552;PRY;MAC;AMOROMISATO;04_Desarrollo;21/05/2026;09:30:00;Cerrada
;REQ 2026-018791;REQ;PORTAL PROVEEDORES;JGUILLEN;04_Desarrollo;21/05/2026;08:30:00;Cerrada
;REQ 2026-018791;REQ;PORTAL PROVEEDORES;JGUILLEN;11_Reunion Interna DEV;21/05/2026;01:00:00;Cerrada
;INC 2026-024009;INC;SIC;JREBAZA;02_Analisis;21/05/2026;01:10:00;Cerrada
;REQ 2026-024479;REQ;SIC;JREBAZA;01_Reunion de Entendimiento;21/05/2026;02:30:00;Cerrada
;REQ 2026-024479;REQ;SIC;JREBAZA;02_Analisis;21/05/2026;01:20:00;Cerrada
;REQ 2026-023369;REQ;SIC;JREBAZA;02_Analisis;21/05/2026;00:50:00;Cerrada
;REQ 2026-022565;REQ;SIC;JREBAZA;02_Analisis;21/05/2026;01:10:00;Cerrado
;REQ 2026-024005;REQ;SIC;JREBAZA;02_Analisis;21/05/2026;00:50:00;Cerrado
;REQ 2026-014152;REQ;MAC;YSUYCO;04_Desarrollo;21/05/2026;10:00:00;Cerrado
;REQ 2026-014175;REQ;SIC;TMACASSI;04_Desarrollo;21/05/2026;09:30:00;Cerrado
;REQ 2024-023822;PRY;HCE UNIFICADA;MCARRASCO;04_Desarrollo;21/05/2026;10:00:00;Cerrado
;REQ 2025-003378;PRY;HIS;FGONZALES;04_Desarrollo;21/05/2026;10:00:00;Cerrado
;REQ 2025-017900;REQ;SIC;FGONZALES;15_Acompañamiento SD;21/05/2026;00:30:00;Cerrado
;INC 2026-024828;EXP;SIC;JREBAZA;02_Analisis;21/05/2026;00:50:00;Cerrado
;INC 2026-024767;EXP;SIC;JREBAZA;02_Analisis;21/05/2026;00:40:00;Cerrado
;REQ 2026-024521;EXP;SIC;JREBAZA;02_Analisis;21/05/2026;00:40:00;Cerrado
;REQ 2025-017900;REQ;SIC;SRODRIGUEZ;02_Analisis;21/05/2026;02:00:00;Cerrado
;REQ 2025-017900;REQ;SIC;SRODRIGUEZ;04_Desarrollo;21/05/2026;02:00:00;Cerrado
;REQ 2024-021925;REQ;SIC;SRODRIGUEZ;04_Desarrollo;21/05/2026;06:00:00;Cerrada
;REQ 2026-021343;REQ;DATOS;AGARCIA;06_Pruebas Usuario Final;21/05/2026;01:30:00;Cerrada
;REQ 2024-022552;PRY;MAC;AGARCIA;02_Analisis;21/05/2026;03:00:00;Cerrada
;INC 2026-024452;INC;SIC;AGARCIA;04_Desarrollo;21/05/2026;00:50:00;Cerrada
;INC 2026-024603;INC;SIC;AGARCIA;04_Desarrollo;21/05/2026;00:30:00;Cerrada
;REQ 2026-006414;PRY;DATOS;AGARCIA;02_Analisis;21/05/2026;01:30:00;Cerrada
;INC 2026-021588;INC;SIC;AGARCIA;02_Analisis;21/05/2026;01:30:00;Cerrada
;REQ 2024-023822;PRY;HCE UNIFICADA;FPINEDO;04_Desarrollo;21/05/2026;10:00:00;Cerrada
;REQ 2026-024324;REQ;GITHUB;RGREY;04_Desarrollo;22/05/2026;09:30:00;Cerrada
;REQ 2024-022552;PRY;MAC;CRODRIGUEZ;04_Desarrollo;22/05/2026;10:00:00;Cerrada
;REQ 2024-022552;PRY;MAC;AMOROMISATO;07_Documentación;22/05/2026;09:30:00;Cerrada
;REQ 2026-018791;REQ;PORTAL PROVEEDORES;JGUILLEN;04_Desarrollo;22/05/2026;09:30:00;Cerrada
;INC 2026-024972;EXP;AGENDA CITAS;JROSALES;02_Analisis;22/05/2026;01:20:00;Cerrada
;INC 2026-024930;EXP;AGENDA CITAS;JROSALES;02_Analisis;22/05/2026;01:30:00;Cerrada
;INC 2026-024142;EXP;AGENDA PROCEDMIENTOS;JROSALES;02_Analisis;22/05/2026;00:45:00;Cerrada
;INC 2026-025099;INC;AGENDA CITAS;JROSALES;02_Analisis;22/05/2026;00:45:00;Cerrada
;INC 2026-024894;INC;SAP;JROSALES;02_Analisis;22/05/2026;00:45:00;Cerrada
;REQ 2026-014213;REQ;APP/ WEB;JROSALES;02_Analisis;22/05/2026;03:30:00;Cerrada
;INC 2026-024827;INC;APP/ WEB;JROSALES;02_Analisis;22/05/2026;01:00:00;Cerrada
;REQ 2026-024868;REQ;MAC;TMACASSI;02_Analisis;22/05/2026;01:00:00;Cerrada
;REQ 2026-024371;REQ;MAC;TMACASSI;02_Analisis;22/05/2026;01:00:00;Cerrado
;INC 2026-025049;INC;SIC;TMACASSI;02_Analisis;22/05/2026;01:00:00;Cerrado
;REQ 2026-001457;REQ;SIC;TMACASSI;02_Analisis;22/05/2026;00:30:00;Cerrado
;REQ 2026-014175;REQ;SIC;TMACASSI;04_Desarrollo;22/05/2026;07:30:00;Cerrado
;REQ 2024-023822;PRY;HCE UNIFICADA;MCARRASCO;04_Desarrollo;22/05/2026;10:00:00;Cerrada
;REQ 2024-022552;PRY;MAC;AGARCIA;06_Pruebas Usuario Final;22/05/2026;06:00:00;Cerrada
;REQ 2026-014152;REQ;MAC;YSUYCO;04_Desarrollo;22/05/2026;12:00:00;Cerrada
;INC 2026-021588;INC;SIC;AGARCIA;01_Reunion de Entendimiento;22/05/2026;01:30:00;Cerrada
;REQ 2026-006414;PRY;DATOS;AGARCIA;02_Analisis;22/05/2026;00:40:00;Cerrada
;INC 2026-023983;INC;SIC;AGARCIA;02_Analisis;22/05/2026;01:30:00;Cerrada
;REQ 2024-023822;PRY;HCE UNIFICADA;FPINEDO;04_Desarrollo;22/05/2026;10:00:00;Cerrada
;REQ 2025-003378;PRY;HIS;FGONZALES;04_Desarrollo;22/05/2026;10:00:00;Cerrada
;REQ 2024-021925;REQ;SIC;SRODRIGUEZ;04_Desarrollo;22/05/2026;05:30:00;Cerrada
;REQ 2025-017900;REQ;SIC;SRODRIGUEZ;02_Analisis;22/05/2026;04:00:00;Cerrada
;REQ 2025-003378;PRY;HIS;FGONZALES;04_Desarrollo;23/05/2026;06:00:00;Cerrada
;REQ 2025-025667;REQ;APP/ WEB;CRODRIGUEZ;01_Reunion de Entendimiento;25/05/2026;01:00:00;Cerrada
;REQ 2026-011409;REQ;APP/ WEB;CRODRIGUEZ;01_Reunion de Entendimiento;25/05/2026;02:00:00;Cerrada
;REQ 2026-021307;REQ;HIS;CRODRIGUEZ;01_Reunion de Entendimiento;25/05/2026;01:30:00;Cerrada
;REQ 2024-022552;PRY;MAC;CRODRIGUEZ;04_Desarrollo;25/05/2026;01:00:00;Cerrada
;REQ 2026-011345;REQ;SIC;CRODRIGUEZ;04_Desarrollo;25/05/2026;02:30:00;Cerrada
;REQ 2026-024864;REQ;GITHUB;JGUILLEN;04_Desarrollo;25/05/2026;09:30:00;Cerrada
;REQ 2026-014614;REQ;SIC;AMOROMISATO;04_Desarrollo;25/05/2026;09:00:00;Cerrada
;REQ 2026-024324;REQ;GITHUB;RGREY;04_Desarrollo;25/05/2026;09:30:00;Cerrada
;INC 2026-024537;INC;AGENDA CITAS;JROSALES;02_Analisis;25/05/2026;05:00:00;Cerrada
;INC 2026-025555;EXP;AGENDA CITAS;JROSALES;02_Analisis;25/05/2026;01:20:00;Cerrada
;REQ 2026-014850;REQ;APP/ WEB;JROSALES;02_Analisis;25/05/2026;02:40:00;Cerrada
;INC 2026-025247;INC;SIC;JREBAZA;02_Analisis;25/05/2026;00:40:00;Cerrada
;INC 2026-025131;INC;SIC;TMACASSI;02_Analisis;25/05/2026;01:00:00;Cerrada
;INC 2026-025064;INC;SIC;TMACASSI;02_Analisis;25/05/2026;01:00:00;Cerrada
;INC 2026-025190;INC;SIC;JREBAZA;02_Analisis;25/05/2026;00:50:00;Cerrada
;REQ 2026-025079;REQ;SIC;JREBAZA;02_Analisis;25/05/2026;00:50:00;Cerrada
;INC 2026-025462;INC;SIC;JREBAZA;02_Analisis;25/05/2026;00:50:00;Cerrada
;REQ 2026-024464;REQ;SIC;JREBAZA;02_Analisis;25/05/2026;02:00:00;Cerrada
;INC 2026-024993;INC;SIC;JREBAZA;02_Analisis;25/05/2026;02:30:00;Cerrada
;REQ 2026-024479;REQ;SIC;JREBAZA;02_Analisis;25/05/2026;00:50:00;Cerrada
;INC 2026-025334;INC;SIC;JREBAZA;02_Analisis;25/05/2026;00:30:00;Cerrada
;REQ 2026-017224;REQ;SIC;TMACASSI;15_Acompañamiento SD;25/05/2026;01:00:00;Cerrada
;INC 2026-021588;INC;SIC;TMACASSI;01_Reunion de Entendimiento;25/05/2026;01:00:00;Cerrada
;REQ 2024-023822;PRY;HCE UNIFICADA;TMACASSI;01_Reunion de Entendimiento;25/05/2026;03:00:00;Cerrada
;REQ 2026-014175;REQ;SIC;TMACASSI;04_Desarrollo;25/05/2026;03:00:00;Cerrada
;REQ 2024-023822;PRY;HCE UNIFICADA;FPINEDO;04_Desarrollo;25/05/2026;10:00:00;Cerrado
;REQ 2024-022552;PRY;MAC;AGARCIA;06_Pruebas Usuario Final;25/05/2026;01:30:00;Cerrado
;INC 2026-025112;INC;SIC;AGARCIA;04_Desarrollo;25/05/2026;00:40:00;Cerrado
;INC 2026-025256;INC;SIC;AGARCIA;04_Desarrollo;25/05/2026;00:40:00;Cerrado
;INC 2026-021588;INC;SIC;AGARCIA;02_Analisis;25/05/2026;04:00:00;Cerrado
;REQ 2026-024219;REQ;SIC;AGARCIA;02_Analisis;25/05/2026;00:20:00;Cerrado
;REQ 2026-023251;REQ;SIC;AGARCIA;02_Analisis;25/05/2026;00:10:00;Cerrado
;REQ 2026-023020;REQ;MAC;AGARCIA;02_Analisis;25/05/2026;00:20:00;Cerrado
;REQ 2026-023921;REQ;SIC;AGARCIA;02_Analisis;25/05/2026;00:10:00;Cerrado
;INC 2026-024865;INC;SIC;AGARCIA;02_Analisis;25/05/2026;00:10:00;Cerrada
;INC 2026-025257;INC;SIC;AGARCIA;04_Desarrollo;25/05/2026;00:40:00;Cerrado
;REQ 2025-003378;PRY;HIS;FGONZALES;15_Acompañamiento SD;25/05/2026;02:00:00;Cerrada
;REQ 2024-023822;PRY;HCE UNIFICADA;MCARRASCO;02_Analisis;25/05/2026;10:00:00;Cerrada
;REQ 2025-003378;PRY;HIS;FGONZALES;04_Desarrollo;25/05/2026;05:30:00;Cerrada
;REQ 2026-014152;REQ;MAC;YSUYCO;04_Desarrollo;25/05/2026;10:00:00;Cerrada
;REQ 2024-021925;REQ;SIC;SRODRIGUEZ;04_Desarrollo;25/05/2026;07:00:00;Cerrada
;REQ 2025-017900;REQ;SIC;SRODRIGUEZ;02_Analisis;25/05/2026;03:00:00;Cerrada
;REQ 2026-024864;REQ;GITHUB;JGUILLEN;07_Documentación;26/05/2026;09:30:00;Cerrada
;REQ 2026-023770;REQ;AGENDA CITAS;AMOROMISATO;01_Reunion de Entendimiento;26/05/2026;00:30:00;Cerrada
;REQ 2026-014614;REQ;SIC;AMOROMISATO;04_Desarrollo;26/05/2026;09:00:00;Cerrada
;REQ 2026-024324;REQ;GITHUB;RGREY;04_Desarrollo;26/05/2026;09:30:00;Cerrada
;REQ 2025-025667;REQ;APP/ WEB;CRODRIGUEZ;01_Reunion de Entendimiento;26/05/2026;01:30:00;Cerrada
;REQ 2026-021307;REQ;HIS;CRODRIGUEZ;01_Reunion de Entendimiento;26/05/2026;02:00:00;Cerrada
;REQ 2026-011345;REQ;SIC;CRODRIGUEZ;04_Desarrollo;26/05/2026;05:00:00;Cerrada
;INC 2026-024827;INC;APP/ WEB;JROSALES;02_Analisis;26/05/2026;01:20:00;Cerrada
;INC 2026-025311;INC;SAP;JROSALES;02_Analisis;26/05/2026;02:00:00;Cerrada
;INC 2026-025616;EXP;HCE;JROSALES;02_Analisis;26/05/2026;03:30:00;Cerrada
;INC 2026-025652;INC;HCE;JROSALES;02_Analisis;26/05/2026;00:20:00;Cerrada
;REQ 2026-015355;REQ;APP/ WEB;JROSALES;02_Analisis;26/05/2026;02:20:00;Cerrada
;REQ 2026-023896;REQ;MAC;JREBAZA;02_Analisis;26/05/2026;00:30:00;Cerrada
;REQ 2026-025591;REQ;SIC;JREBAZA;02_Analisis;26/05/2026;00:30:00;Cerrada
;INC 2026-025483;INC;SIC;JREBAZA;02_Analisis;26/05/2026;01:00:00;Cerrada
;REQ 2026-024479;REQ;SIC;JREBAZA;01_Reunion de Entendimiento;26/05/2026;01:00:00;Cerrada
;INC 2026-025692;INC;SIC;JREBAZA;02_Analisis;26/05/2026;01:00:00;Cerrada
;REQ 2026-024160;REQ;SIC;JREBAZA;02_Analisis;26/05/2026;02:30:00;Cerrada
;REQ 2026-025110;REQ;SIC;JREBAZA;02_Analisis;26/05/2026;01:00:00;Cerrada
;REQ 2026-025125;REQ;SIC;JREBAZA;02_Analisis;26/05/2026;00:50:00;Cerrada
;REQ 2026-024160;REQ;SIC;JREBAZA;02_Analisis;26/05/2026;01:50:00;Cerrada
;REQ 2026-001457;REQ;SIC;TMACASSI;02_Analisis;26/05/2026;08:00:00;Cerrada
;REQ 2026-021343;REQ;DATOS;TMACASSI;31_Acompañamiento SD_Datos;26/05/2026;01:30:00;Cerrada
;REQ 2024-022552;PRY;MAC;AGARCIA;06_Pruebas Usuario Final;26/05/2026;02:30:00;Cerrada
;INC 2026-025263;INC;SIC;AGARCIA;04_Desarrollo;26/05/2026;00:20:00;Cerrada
;INC 2026-025268;INC;SIC;AGARCIA;04_Desarrollo;26/05/2026;00:20:00;Cerrada
;INC 2026-025269;INC;SIC;AGARCIA;04_Desarrollo;26/05/2026;00:20:00;Cerrada
;INC 2026-025544;INC;SIC;AGARCIA;02_Analisis;26/05/2026;02:00:00;Cerrada
;INC 2026-025352;INC;SIC;AGARCIA;04_Desarrollo;26/05/2026;00:50:00;Cerrada
;INC 2026-025358;INC;SIC;AGARCIA;04_Desarrollo;26/05/2026;00:20:00;Cerrada
;REQ 2026-020160;REQ;SIC;AGARCIA;02_Analisis;26/05/2026;02:00:00;Cerrada
;INC 2026-025362;INC;SIC;AGARCIA;02_Analisis;26/05/2026;00:20:00;Cerrada
;INC 2026-025363;INC;SIC;AGARCIA;04_Desarrollo;26/05/2026;00:20:00;Cerrada
;INC 2026-025399;INC;SIC;AGARCIA;04_Desarrollo;26/05/2026;00:20:00;Cerrada
;INC 2026-025474;INC;SIC;AGARCIA;04_Desarrollo;26/05/2026;00:30:00;Cerrado
;REQ 2026-014152;REQ;MAC;YSUYCO;04_Desarrollo;26/05/2026;10:00:00;Cerrado
;REQ 2024-023822;PRY;HCE UNIFICADA;FPINEDO;04_Desarrollo;26/05/2026;10:00:00;Cerrada
;REQ 2024-023822;PRY;HCE UNIFICADA;MCARRASCO;04_Desarrollo;26/05/2026;10:00:00;Cerrada
;REQ 2025-003378;PRY;HIS;FGONZALES;04_Desarrollo;26/05/2026;09:00:00;Cerrada
;REQ 2024-021925;REQ;SIC;FGONZALES;04_Desarrollo;26/05/2026;02:00:00;Cerrada
;REQ 2024-021925;REQ;SIC;SRODRIGUEZ;04_Desarrollo;26/05/2026;10:00:00;Cerrada
;REQ 2025-034476;PRY;CHATBOT;AMOROMISATO;14_Seguimiento Requerimiento;27/05/2026;01:00:00;Cerrada
;REQ 2026-021097;REQ;SIRI;AMOROMISATO;09_Acompañamiento QA;27/05/2026;01:00:00;Cerrada
;REQ 2024-006886;PRY;HIS;CRODRIGUEZ;01_Reunion de Entendimiento;27/05/2026;01:00:00;Cerrada
;REQ 2025-025667;REQ;APP/ WEB;CRODRIGUEZ;01_Reunion de Entendimiento;27/05/2026;02:00:00;Cerrada
;REQ 2026-011345;REQ;SIC;CRODRIGUEZ;04_Desarrollo;27/05/2026;06:00:00;Cerrada
;REQ 2026-025703;REQ;GITHUB;RGREY;04_Desarrollo;27/05/2026;05:00:00;Cerrada
;INC 2026-000080;INC;APP/ WEB;RGREY;04_Desarrollo;27/05/2026;04:30:00;Cerrada
;REQ 2026-023556;REQ;SIC;JGUILLEN;04_Desarrollo;27/05/2026;09:30:00;Cerrada
;INC 2026-024793;REQ;MAC;JROSALES;02_Analisis;27/05/2026;04:00:00;Cerrada
;INC 2026-025523;INC;HIS;JROSALES;02_Analisis;27/05/2026;01:30:00;Cerrada
;REQ 2026-023770;REQ;AGENDA CITAS;AMOROMISATO;04_Desarrollo;27/05/2026;07:30:00;Cerrada
;INC 2026-026144;INC;APP/ WEB;JROSALES;02_Analisis;27/05/2026;03:30:00;Cerrada
;REQ 2026-024160;REQ;SIC;PBARDALES;04_Desarrollo;27/05/2026;00:40:00;Cerrada
;REQ 2026-023232;REQ;SIC;PBARDALES;02_Analisis;27/05/2026;00:40:00;Cerrada
;INC 2026-023377;EXP;SIC;PBARDALES;04_Desarrollo;27/05/2026;01:00:00;Cerrada
;INC 2026-024033;INC;SAP;PBARDALES;04_Desarrollo;27/05/2026;00:40:00;Cerrada
;REQ 2026-024219;REQ;SIC;PBARDALES;02_Analisis;27/05/2026;01:00:00;Cerrada
;REQ 2026-024278;EXP;SAP;PBARDALES;04_Desarrollo;27/05/2026;00:40:00;Cerrada
;REQ 2026-014175;REQ;SIC;PBARDALES;04_Desarrollo;27/05/2026;02:30:00;Cerrada
;REQ 2026-026635;EXP;SAP;PBARDALES;04_Desarrollo;27/05/2026;01:00:00;Cerrada
;REQ 2026-026828;REQ;SAP;PBARDALES;02_Analisis;27/05/2026;00:40:00;Cerrada
;REQ 2026-024312;REQ;MAC;JREBAZA;02_Analisis;27/05/2026;00:30:00;Cerrada
;REQ 2026-025013;REQ;MAC;JREBAZA;02_Analisis;27/05/2026;00:30:00;Cerrada
;INC 2026-025049;INC;SIC;JREBAZA;02_Analisis;27/05/2026;01:50:00;Cerrada
;REQ 2026-025654;REQ;SIC;JREBAZA;02_Analisis;27/05/2026;01:30:00;Cerrada
;REQ 2026-025545;REQ;SIC;JREBAZA;02_Analisis;27/05/2026;01:00:00;Cerrada
;REQ 2026-026021;REQ;MAC;JREBAZA;02_Analisis;27/05/2026;00:30:00;Cerrada
;INC 2026-025702;INC;SIC;JREBAZA;02_Analisis;27/05/2026;00:40:00;Cerrada
;INC 2026-025678;INC;SIC;JREBAZA;02_Analisis;27/05/2026;00:50:00;Cerrada
;REQ 2026-025944;EXP;SIC;JREBAZA;02_Analisis;27/05/2026;00:40:00;Cerrado
;REQ 2026-025863;EXP;SIC;JREBAZA;02_Analisis;27/05/2026;00:40:00;Cerrada
;REQ 2026-025914;REQ;SIC;JREBAZA;02_Analisis;27/05/2026;01:20:00;Cerrada
;REQ 2024-023822;PRY;HCE UNIFICADA;TMACASSI;01_Reunion de Entendimiento;27/05/2026;06:30:00;Cerrada
;REQ 2026-001457;REQ;SIC;TMACASSI;04_Desarrollo;27/05/2026;02:00:00;Cerrada
;REQ 2026-025359;REQ;DATOS;TMACASSI;30_Reunion Interna DEV_Datos;27/05/2026;01:00:00;Cerrada
;REQ 2026-014152;REQ;MAC;YSUYCO;04_Desarrollo;27/05/2026;10:00:00;Cerrada
;REQ 2024-023822;PRY;HCE UNIFICADA;MCARRASCO;04_Desarrollo;27/05/2026;10:00:00;Cerrada
;REQ 2024-022552;PRY;MAC;AGARCIA;06_Pruebas Usuario Final;27/05/2026;09:30:00;Cerrada
;REQ 2026-023092;REQ;SIL;AGARCIA;15_Acompañamiento SD;27/05/2026;01:00:00;Cerrada
;INC 2026-025544;INC;SIC;AGARCIA;02_Analisis;27/05/2026;00:20:00;Cerrada
;INC 2026-025644;INC;SIC;AGARCIA;02_Analisis;27/05/2026;00:20:00;Cerrada
;REQ 2025-003378;PRY;HIS;FGONZALES;04_Desarrollo;27/05/2026;10:00:00;Cerrada
;REQ 2024-021925;REQ;SIC;SRODRIGUEZ;04_Desarrollo;27/05/2026;10:00:00;Cerrada
;REQ 2024-023822;PRY;HCE UNIFICADA;FPINEDO;04_Desarrollo;27/05/2026;10:00:00;Cerrada
;REQ 2026-011345;REQ;SIC;CRODRIGUEZ;04_Desarrollo;28/05/2026;04:00:00;Cerrada
;REQ 2025-025667;REQ;APP/ WEB;CRODRIGUEZ;04_Desarrollo;28/05/2026;02:00:00;Cerrada
;REQ 2026-023556;REQ;SIC;JGUILLEN;07_Documentación;28/05/2026;08:00:00;Cerrada
;REQ 2026-023770;REQ;AGENDA CITAS;AMOROMISATO;05_Pruebas Unitarias;28/05/2026;04:00:00;Cerrada
;REQ 2026-023770;REQ;AGENDA CITAS;AMOROMISATO;07_Documentación;28/05/2026;04:30:00;Cerrada
;INC 2026-025990;EXP;APP/ WEB;JROSALES;02_Analisis;28/05/2026;01:00:00;Cerrada
;INC 2026-025989;EXP;AGENDA CITAS;JROSALES;02_Analisis;28/05/2026;05:00:00;Cerrada
;REQ 2026-026252;EXP;AGENDA CITAS;JROSALES;02_Analisis;28/05/2026;01:00:00;Cerrada
;REQ 2026-025686;INC;SIC;JROSALES;02_Analisis;28/05/2026;00:45:00;Cerrada
;INC 2026-001717;INC;AGENDA CITAS;JROSALES;01_Reunion de Entendimiento;28/05/2026;01:00:00;Cerrada
;REQ 2026-025703;REQ;GITHUB;RGREY;04_Desarrollo;28/05/2026;07:30:00;Cerrada
;REQ 2026-021343;REQ;DATOS;PBARDALES;11_Reunion Interna DEV;28/05/2026;01:00:00;Cerrada
;REQ 2026-021343;REQ;DATOS;PBARDALES;19_Reunion Proveedores;28/05/2026;02:00:00;Cerrada
;REQ 2024-019667;REQ;SIC;PBARDALES;24_Validaciones QA;28/05/2026;00:30:00;Cerrada
;REQ 2026-025987;REQ;SAP;PBARDALES;01_Reunion de Entendimiento;28/05/2026;01:30:00;Cerrada
;REQ 2026-025753;REQ;HIS;PBARDALES;10_Acompañamiento PRD;28/05/2026;02:00:00;Cerrada
;INC 2026-026565;EXP;SAP;PBARDALES;04_Desarrollo;28/05/2026;01:00:00;Cerrada
;REQ 2026-025735;REQ;SIC;JREBAZA;02_Analisis;28/05/2026;00:50:00;Cerrada
;REQ 2026-021343;REQ;DATOS;TMACASSI;30_Reunion Interna DEV_Datos;28/05/2026;01:00:00;Cerrada
;REQ 2026-025646;REQ;SIC;JREBAZA;02_Analisis;28/05/2026;01:20:00;Cerrada
;REQ 2026-025015;REQ;MAC;JREBAZA;02_Analisis;28/05/2026;00:25:00;Cerrada
;REQ 2026-025017;REQ;MAC;JREBAZA;02_Analisis;28/05/2026;00:25:00;Cerrada
;REQ 2026-025018;REQ;MAC;JREBAZA;02_Analisis;28/05/2026;00:25:00;Cerrada
;REQ 2026-025020;REQ;MAC;JREBAZA;02_Analisis;28/05/2026;00:25:00;Cerrada
;REQ 2026-025023;REQ;MAC;JREBAZA;02_Analisis;28/05/2026;00:25:00;Cerrada
;REQ 2026-025024;REQ;MAC;JREBAZA;02_Analisis;28/05/2026;00:25:00;Cerrado
;REQ 2026-025885;REQ;SIC;JREBAZA;02_Analisis;28/05/2026;00:50:00;Cerrado
;INC 2026-025979;INC;SIC;JREBAZA;02_Analisis;28/05/2026;00:50:00;Cerrado
;REQ 2026-026285;REQ;SIC;JREBAZA;02_Analisis;28/05/2026;00:20:00;Cerrado
;REQ 2024-023822;PRY;HCE UNIFICADA;TMACASSI;01_Reunion de Entendimiento;28/05/2026;02:00:00;Cerrada
;REQ 2026-014175;REQ;SIC;TMACASSI;04_Desarrollo;28/05/2026;04:15:00;Cerrada
;REQ 2026-024809;REQ;MAC;JREBAZA;02_Analisis;28/05/2026;00:50:00;Cerrada
;REQ 2026-025869;EXP;SIC;JREBAZA;02_Analisis;28/05/2026;00:50:00;Cerrada
;REQ 2026-025869;EXP;SIC;JREBAZA;02_Analisis;28/05/2026;01:40:00;Cerrada
;REQ 2026-014175;REQ;SIC;TMACASSI;04_Desarrollo;28/05/2026;02:30:00;Cerrada
;REQ 2026-014152;REQ;MAC;YSUYCO;04_Desarrollo;28/05/2026;11:00:00;Cerrada
;REQ 2025-003378;PRY;HIS;FGONZALES;04_Desarrollo;28/05/2026;10:00:00;Cerrada
;REQ 2025-017900;REQ;SIC;FGONZALES;15_Acompañamiento SD;28/05/2026;01:30:00;Cerrada
;REQ 2024-023822;PRY;HCE UNIFICADA;MCARRASCO;04_Desarrollo;28/05/2026;10:00:00;Cerrada
;REQ 2024-022552;PRY;MAC;AGARCIA;06_Pruebas Usuario Final;28/05/2026;03:00:00;Cerrada
;INC 2026-025482;INC;SIC;AGARCIA;04_Desarrollo;28/05/2026;00:30:00;Cerrada
;REQ 2026-025686;INC;SIC;AGARCIA;02_Analisis;28/05/2026;00:10:00;Cerrada
;INC 2026-025691;INC;SIC;AGARCIA;04_Desarrollo;28/05/2026;00:30:00;Cerrada
;INC 2026-025697;INC;SIC;AGARCIA;02_Analisis;28/05/2026;01:00:00;Cerrada
;INC 2026-025707;INC;SIC;AGARCIA;04_Desarrollo;28/05/2026;00:30:00;Cerrada
;INC 2026-025710;INC;SIC;AGARCIA;04_Desarrollo;28/05/2026;01:30:00;Cerrada
;INC 2026-026053;INC;SIC;AGARCIA;04_Desarrollo;28/05/2026;00:30:00;Cerrada
;INC 2026-026057;INC;SIC;AGARCIA;04_Desarrollo;28/05/2026;00:20:00;Cerrada
;INC 2026-026191;INC;SIC;AGARCIA;04_Desarrollo;28/05/2026;00:40:00;Cerrada
;INC 2026-026411;INC;SIC;AGARCIA;02_Analisis;28/05/2026;00:40:00;Cerrada
;REQ 2024-021925;REQ;SIC;SRODRIGUEZ;04_Desarrollo;28/05/2026;06:30:00;Cerrada
;REQ 2025-017900;REQ;SIC;SRODRIGUEZ;04_Desarrollo;28/05/2026;03:00:00;Cerrada
;REQ 2024-023822;PRY;HCE UNIFICADA;FPINEDO;04_Desarrollo;28/05/2026;10:00:00;Cerrada
;REQ 2026-025717;EXP;SIC;JROSALES;02_Analisis;29/05/2026;02:30:00;Cerrada
;REQ 2026-026516;REQ;MAC;JGUILLEN;04_Desarrollo;29/05/2026;09:00:00;Cerrada
;REQ 2026-026617;REQ;HCE;JGUILLEN;07_Documentación;29/05/2026;00:30:00;Cerrada
;REQ 2024-019667;REQ;SIC;AMOROMISATO;10_Acompañamiento PRD;29/05/2026;02:00:00;Cerrada
;INC 2026-025706;INC;AGENDA CITAS;JROSALES;02_Analisis;29/05/2026;02:30:00;Cerrada
;INC 2026-026550;EXP;APP/ WEB;JROSALES;02_Analisis;29/05/2026;01:00:00;Cerrada
;INC 2026-026439;INC;APP/ WEB;JROSALES;02_Analisis;29/05/2026;00:30:00;Cerrada
;REQ 2026-026600;EXP;SIRI;AMOROMISATO;05_Pruebas Unitarias;29/05/2026;03:30:00;Cerrada
;REQ 2026-026600;EXP;SIRI;AMOROMISATO;07_Documentación;29/05/2026;02:00:00;Cerrada
;REQ 2026-014614;REQ;SIC;AMOROMISATO;07_Documentación;29/05/2026;02:00:00;Cerrada
;REQ 2026-015355;REQ;APP/ WEB;JROSALES;02_Analisis;29/05/2026;03:00:00;Cerrada
;REQ 2026-011345;REQ;SIC;CRODRIGUEZ;04_Desarrollo;29/05/2026;07:00:00;Cerrada
;REQ 2024-006886;PRY;HIS;CRODRIGUEZ;18_Configuraciones;29/05/2026;01:30:00;Cerrada
;REQ 2025-025667;REQ;APP/ WEB;CRODRIGUEZ;04_Desarrollo;29/05/2026;01:00:00;Cerrada
;REQ 2026-025703;REQ;GITHUB;RGREY;04_Desarrollo;29/05/2026;09:30:00;Cerrada
;REQ 2026-025878;REQ;SAP;PBARDALES;02_Analisis;29/05/2026;00:10:00;Cerrada
;REQ 2026-025877;REQ;SAP;PBARDALES;02_Analisis;29/05/2026;00:10:00;Cerrado
;INC 2026-026737;INC;SIC;PBARDALES;02_Analisis;29/05/2026;00:30:00;Cerrado
;INC 2026-026833;EXP;SAP;PBARDALES;04_Desarrollo;29/05/2026;01:00:00;Cerrada
;REQ 2026-021343;REQ;DATOS;PBARDALES;11_Reunion Interna DEV;29/05/2026;01:00:00;Cerrada
;REQ 2026-025174;REQ;SAP;PBARDALES;02_Analisis;29/05/2026;00:30:00;Cerrada
;REQ 2026-025934;REQ;SAP;PBARDALES;02_Analisis;29/05/2026;00:30:00;Cerrada
;INC 2026-025876;INC;SAP;PBARDALES;02_Analisis;29/05/2026;00:40:00;Cerrada
;INC 2026-025875;INC;SAP;PBARDALES;02_Analisis;29/05/2026;00:40:00;Cerrado
;REQ 2026-025653;REQ;SAP;PBARDALES;02_Analisis;29/05/2026;00:40:00;Cerrada
;INC 2026-025674;INC;SAP;PBARDALES;02_Analisis;29/05/2026;00:40:00;Cerrada
;REQ 2026-025936;EXP;SAP;PBARDALES;04_Desarrollo;29/05/2026;01:00:00;Cerrada
;INC 2026-026211;INC;SAP;PBARDALES;02_Analisis;29/05/2026;00:30:00;Cerrada
;INC 2026-025659;INC;SIL;PBARDALES;04_Desarrollo;29/05/2026;00:40:00;Cerrada
;INC 2026-026392;INC;SAP;PBARDALES;02_Analisis;29/05/2026;00:30:00;Cerrada
;INC 2026-026194;INC;SAP;PBARDALES;02_Analisis;29/05/2026;00:20:00;Cerrada
;REQ 2026-025360;INC;SIC;JREBAZA;02_Analisis;29/05/2026;00:50:00;Cerrada
;INC 2026-026416;EXP;SIC;JREBAZA;02_Analisis;29/05/2026;01:00:00;Cerrada
;REQ 2026-026078;REQ;MAC;JREBAZA;02_Analisis;29/05/2026;00:30:00;Cerrada
;REQ 2026-026427;EXP;SIC;JREBAZA;02_Analisis;29/05/2026;00:30:00;Cerrada
;REQ 2026-026446;REQ;MAC;JREBAZA;02_Analisis;29/05/2026;00:30:00;Cerrada
;INC 2026-026245;INC;SIC;JREBAZA;02_Analisis;29/05/2026;01:00:00;Cerrada
;INC 2026-026488;INC;SIC;JREBAZA;02_Analisis;29/05/2026;00:50:00;Cerrada
;REQ 2026-026069;REQ;SIC;JREBAZA;02_Analisis;29/05/2026;00:50:00;Cerrada
;INC 2026-026282;INC;SIC;JREBAZA;02_Analisis;29/05/2026;01:00:00;Cerrada
;REQ 2024-023822;PRY;HCE UNIFICADA;TMACASSI;04_Desarrollo;29/05/2026;03:00:00;Cerrada
;REQ 2026-014175;REQ;SIC;TMACASSI;04_Desarrollo;29/05/2026;06:40:00;Cerrada
;INC 2026-026044;EXP;SIC;JREBAZA;02_Analisis;29/05/2026;00:40:00;Cerrada
;REQ 2026-025209;REQ;HCE;JREBAZA;02_Analisis;29/05/2026;01:40:00;Cerrada
;REQ 2026-026606;REQ;MAC;JREBAZA;02_Analisis;29/05/2026;00:20:00;Cerrada
;REQ 2026-026627;REQ;MAC;JREBAZA;02_Analisis;29/05/2026;00:20:00;Cerrada
;REQ 2026-014152;REQ;MAC;YSUYCO;04_Desarrollo;29/05/2026;09:30:00;Cerrada
;REQ 2025-003378;PRY;HIS;FGONZALES;04_Desarrollo;29/05/2026;09:30:00;Cerrada
;REQ 2024-023822;PRY;HCE UNIFICADA;MCARRASCO;04_Desarrollo;29/05/2026;10:00:00;Cerrada
;REQ 2024-022552;PRY;MAC;AGARCIA;06_Pruebas Usuario Final;29/05/2026;06:00:00;Cerrada
;INC 2026-026418;INC;SIC;AGARCIA;04_Desarrollo;29/05/2026;01:00:00;Cerrada
;INC 2026-026191;INC;SIC;AGARCIA;04_Desarrollo;29/05/2026;00:30:00;Cerrada
;REQ 2026-025717;EXP;SIC;AGARCIA;02_Analisis;29/05/2026;00:50:00;Cerrada
;REQ 2026-023008;REQ;SIL;AGARCIA;02_Analisis;29/05/2026;00:40:00;Cerrada
;REQ 2026-026771;REQ;SIC;AGARCIA;04_Desarrollo;29/05/2026;01:00:00;Cerrada
;REQ 2024-021925;REQ;SIC;SRODRIGUEZ;04_Desarrollo;29/05/2026;09:30:00;Cerrada
;REQ 2024-023822;PRY;HCE UNIFICADA;FPINEDO;04_Desarrollo;29/05/2026;10:00:00;Cerrada
;INC 2026-026818;INC;SAP;PBARDALES;02_Analisis;30/05/2026;01:00:00;Cerrada
;INC 2026-024297;INC;SIC;AGARCIA;02_Analisis;30/05/2026;02:00:00;Cerrada
;INC 2026-025544;INC;SIC;AGARCIA;02_Analisis;30/05/2026;00:20:00;Cerrada
;REQ 2025-003378;PRY;HIS;FGONZALES;04_Desarrollo;30/05/2026;08:00:00;Cerrada
;REQ 2026-021343;REQ;DATOS;PBARDALES;04_Desarrollo;01/06/2026;03:00:00;Cerrada
;REQ 2024-006886;PRY;HIS;CRODRIGUEZ;01_Reunion de Entendimiento;01/06/2026;01:00:00;Cerrada
;REQ 2026-021307;REQ;HIS;CRODRIGUEZ;09_Acompañamiento QA;01/06/2026;02:00:00;Cerrada
;REQ 2026-021553;REQ;HIS;CRODRIGUEZ;01_Reunion de Entendimiento;01/06/2026;00:30:00;Cerrado
;REQ 2026-021307;REQ;HIS;CRODRIGUEZ;18_Configuraciones;01/06/2026;06:00:00;Cerrado
;REQ 2026-025703;REQ;GITHUB;RGREY;07_Documentación;01/06/2026;04:00:00;Cerrado
;REQ 2026-027025;EXP;HCE;RGREY;04_Desarrollo;01/06/2026;05:30:00;Cerrado
;REQ 2026-024864;REQ;GITHUB;JGUILLEN;04_Desarrollo;01/06/2026;09:00:00;Cerrado
;REQ 2026-025717;EXP;SIC;JROSALES;02_Analisis;01/06/2026;02:30:00;Cerrado
;INC 2026-027159;INC;APP/ WEB;JROSALES;02_Analisis;01/06/2026;03:30:00;Cerrado
;INC 2026-027084;INC;APP/ WEB;JROSALES;02_Analisis;01/06/2026;00:30:00;Cerrado
;INC 2026-026874;INC;APP/ WEB;JROSALES;02_Analisis;01/06/2026;02:00:00;Cerrado
;INC 2026-026439;INC;APP/ WEB;JROSALES;02_Analisis;01/06/2026;00:30:00;Cerrado
;REQ 2026-024867;REQ;GITHUB;AMOROMISATO;01_Reunion de Entendimiento;01/06/2026;00:30:00;Cerrada
;REQ 2026-024867;REQ;GITHUB;AMOROMISATO;02_Analisis;01/06/2026;01:30:00;Cerrada
;REQ 2026-024867;REQ;GITHUB;AMOROMISATO;04_Desarrollo;01/06/2026;07:00:00;Cerrada
;REQ 2026-025247;REQ;SIC;JREBAZA;02_Analisis;01/06/2026;01:00:00;Cerrada
;REQ 2026-025885;REQ;SIC;JREBAZA;02_Analisis;01/06/2026;01:20:00;Cerrado
;REQ 2026-025190;REQ;SIC;JREBAZA;02_Analisis;01/06/2026;01:30:00;Cerrada
;REQ 2026-014152;REQ;MAC;TMACASSI;11_Reunion Interna DEV;01/06/2026;00:30:00;Cerrada
;REQ 2026-021307;REQ;HIS;TMACASSI;09_Acompañamiento QA;01/06/2026;01:00:00;Cerrada
;REQ 2026-026190;REQ;HIS;JREBAZA;02_Analisis;01/06/2026;01:40:00;Cerrada
;INC 2026-026896;INC;SIC;JREBAZA;02_Analisis;01/06/2026;01:30:00;Cerrada
;INC 2026-026535;INC;SIC;JREBAZA;02_Analisis;01/06/2026;01:00:00;Cerrada
;REQ 2026-026021;REQ;MAC;JREBAZA;02_Analisis;01/06/2026;00:30:00;Cerrada
;INC 2026-026903;INC;SIC;JREBAZA;02_Analisis;01/06/2026;01:00:00;Cerrada
;INC 2026-026992;INC;SAP;JREBAZA;02_Analisis;01/06/2026;00:30:00;Cerrada
;INC 2026-027189;INC;SIC;JREBAZA;02_Analisis;01/06/2026;;Cerrada
;REQ 2026-014175;REQ;SIC;TMACASSI;04_Desarrollo;01/06/2026;07:30:00;Cerrada
;REQ 2026-014152;REQ;MAC;YSUYCO;02_Analisis;01/06/2026;10:00:00;Cerrada
;REQ 2025-003378;PRY;HIS;FGONZALES;04_Desarrollo;01/06/2026;10:00:00;Cerrada
;REQ 2024-021925;REQ;SIC;FGONZALES;04_Desarrollo;01/06/2026;02:30:00;Cerrada
;REQ 2024-022552;PRY;MAC;AGARCIA;11_Reunion Interna DEV;01/06/2026;00:30:00;Cerrada
;REQ 2026-023092;REQ;SIL;AGARCIA;15_Acompañamiento SD;01/06/2026;02:00:00;Cerrada
;REQ 2026-023092;REQ;SIL;AGARCIA;02_Analisis;01/06/2026;03:00:00;Cerrada
;REQ 2026-021343;REQ;DATOS;AGARCIA;28_Reunion de Entendimiento_Datos;01/06/2026;01:00:00;Cerrada
;INC 2026-026433;INC;SIC;AGARCIA;04_Desarrollo;01/06/2026;00:30:00;Cerrada
;INC 2026-026493;INC;SIC;AGARCIA;02_Analisis;01/06/2026;00:30:00;Cerrada
;INC 2026-026188;INC;SIC;AGARCIA;02_Analisis;01/06/2026;00:30:00;Cerrada
;INC 2026-024865;INC;SIC;AGARCIA;02_Analisis;01/06/2026;00:30:00;Cerrada
;INC 2026-026561;INC;SIC;AGARCIA;04_Desarrollo;01/06/2026;00:30:00;Cerrada
;REQ 2024-023822;PRY;HCE UNIFICADA;MCARRASCO;04_Desarrollo;01/06/2026;10:00:00;Cerrada
;REQ 2024-023822;PRY;HCE UNIFICADA;FPINEDO;04_Desarrollo;01/06/2026;10:00:00;Cerrada
;REQ 2024-021925;REQ;SIC;SRODRIGUEZ;04_Desarrollo;01/06/2026;10:00:00;Cerrada
;INC 2026-026658;EXP;SIC;PBARDALES;04_Desarrollo;01/06/2026;02:00:00;Cerrada
;INC 2026-027579;INC;SAP;PBARDALES;02_Analisis;01/06/2026;01:00:00;Cerrada
;REQ 2026-026900;REQ;SIC;PBARDALES;02_Analisis;01/06/2026;00:40:00;Cerrada
;INC 2026-026992;INC;SAP;PBARDALES;02_Analisis;01/06/2026;00:40:00;Cerrada
;INC 2026-027039;INC;SAP;PBARDALES;02_Analisis;01/06/2026;01:30:00;Cerrada
;REQ 2026-014175;REQ;SIC;PBARDALES;04_Desarrollo;01/06/2026;01:00:00;Cerrada
;REQ 2026-011346;PRY;SIC;RGREY;04_Desarrollo;02/06/2026;09:30:00;Cerrada
;REQ 2025-025667;REQ;APP/ WEB;CRODRIGUEZ;18_Configuraciones;02/06/2026;06:00:00;Cerrada
;REQ 2026-025892;REQ;SIC;CRODRIGUEZ;04_Desarrollo;02/06/2026;02:00:00;Cerrada
;REQ 2026-011345;REQ;SIC;CRODRIGUEZ;04_Desarrollo;02/06/2026;02:00:00;Cerrada
;REQ 2026-024864;REQ;GITHUB;JGUILLEN;04_Desarrollo;02/06/2026;08:30:00;Cerrada
;REQ 2026-027273;EXP;APP/ WEB;JROSALES;02_Analisis;02/06/2026;03:00:00;Cerrada
;INC 2026-027192;INC;APP/ WEB;JROSALES;02_Analisis;02/06/2026;01:30:00;Cerrada
;INC 2026-028254;INC;APP/ WEB;JROSALES;02_Analisis;02/06/2026;00:40:00;Cerrada
;INC 2026-027385;INC;APP/ WEB;JROSALES;02_Analisis;02/06/2026;01:30:00;Cerrada
;REQ 2026-014213;REQ;APP/ WEB;JROSALES;01_Reunion de Entendimiento;02/06/2026;03:00:00;Cerrada
;REQ 2026-021097;REQ;SIRI;AMOROMISATO;15_Acompañamiento SD;02/06/2026;01:00:00;Cerrada
;REQ 2026-026600;EXP;SIRI;AMOROMISATO;15_Acompañamiento SD;02/06/2026;00:30:00;Cerrada
;REQ 2026-027551;REQ;SIRI;AMOROMISATO;15_Acompañamiento SD;02/06/2026;01:00:00;Cerrada
;REQ 2026-024867;REQ;GITHUB;AMOROMISATO;04_Desarrollo;02/06/2026;03:30:00;Cerrado
;REQ 2026-024867;REQ;GITHUB;AMOROMISATO;05_Pruebas Unitarias;02/06/2026;03:30:00;Cerrado
;INC 2026-027055;EXP;SIL;JREBAZA;02_Analisis;02/06/2026;00:50:00;Cerrado
;INC 2026-027063;INC;SIC;JREBAZA;02_Analisis;02/06/2026;01:50:00;Cerrado
;INC 2026-027063;INC;SIC;JREBAZA;02_Analisis;02/06/2026;01:20:00;Cerrado
;INC 2026-027402;INC;SIC;JREBAZA;02_Analisis;02/06/2026;01:20:00;Cerrado
;REQ 2026-026772;EXP;SIC;JREBAZA;02_Analisis;02/06/2026;01:40:00;Cerrada
;REQ 2026-026772;EXP;SIC;JREBAZA;02_Analisis;02/06/2026;01:40:00;Cerrado
;INC 2026-027370;INC;SIC;JREBAZA;02_Analisis;02/06/2026;01:20:00;Cerrado
;REQ 2026-014152;REQ;MAC;YSUYCO;02_Analisis;02/06/2026;10:00:00;Cerrada
;REQ 2024-021925;REQ;SIC;AGARCIA;01_Reunion de Entendimiento;02/06/2026;02:00:00;Cerrada
;INC 2026-026566;INC;SIC;AGARCIA;02_Analisis;02/06/2026;01:00:00;Cerrada
;INC 2026-026614;INC;SIC;AGARCIA;04_Desarrollo;02/06/2026;00:30:00;Cerrada
;INC 2026-026672;INC;SIC;AGARCIA;02_Analisis;02/06/2026;00:20:00;Cerrada
;INC 2026-026673;INC;SIC;AGARCIA;02_Analisis;02/06/2026;00:30:00;Cerrado
;INC 2026-026492;INC;SIC;AGARCIA;02_Analisis;02/06/2026;00:50:00;Cerrada
;INC 2026-026683;INC;SIC;AGARCIA;02_Analisis;02/06/2026;00:20:00;Cerrada
;REQ 2026-021343;REQ;DATOS;AGARCIA;01_Reunion de Entendimiento;02/06/2026;01:40:00;Cerrada
;INC 2026-026826;INC;SIC;AGARCIA;04_Desarrollo;02/06/2026;00:20:00;Cerrada
;INC 2026-026910;INC;SIC;AGARCIA;04_Desarrollo;02/06/2026;00:50:00;Cerrada
;INC 2026-026911;INC;SIC;AGARCIA;04_Desarrollo;02/06/2026;00:50:00;Cerrada
;INC 2026-026949;INC;SIC;AGARCIA;04_Desarrollo;02/06/2026;00:30:00;Cerrada
;REQ 2026-026771;REQ;SIC;AGARCIA;02_Analisis;02/06/2026;00:10:00;Cerrada
;REQ 2026-026912;INC;SIC;AGARCIA;02_Analisis;02/06/2026;01:00:00;Cerrada
;INC 2026-027133;INC;SIC;AGARCIA;04_Desarrollo;02/06/2026;00:20:00;Cerrada
;REQ 2025-003378;PRY;HIS;FGONZALES;04_Desarrollo;02/06/2026;08:00:00;Cerrada
;REQ 2025-003378;PRY;HIS;FGONZALES;15_Acompañamiento SD;02/06/2026;01:00:00;Cerrada
;REQ 2024-021925;REQ;SIC;FGONZALES;04_Desarrollo;02/06/2026;02:00:00;Cerrada
;REQ 2024-023822;PRY;HCE UNIFICADA;TMACASSI;01_Reunion de Entendimiento;02/06/2026;02:00:00;Cerrada
;REQ 2026-014175;REQ;SIC;TMACASSI;04_Desarrollo;02/06/2026;07:30:00;Cerrada
;REQ 2024-023822;PRY;HCE UNIFICADA;FPINEDO;04_Desarrollo;02/06/2026;10:00:00;Cerrada
;REQ 2024-023822;PRY;HCE UNIFICADA;MCARRASCO;04_Desarrollo;02/06/2026;10:00:00;Cerrada
;REQ 2024-021925;REQ;SIC;SRODRIGUEZ;04_Desarrollo;02/06/2026;06:00:00;Cerrada
;REQ 2025-017900;REQ;SIC;SRODRIGUEZ;02_Analisis;02/06/2026;03:30:00;Cerrada
;REQ 2026-021343;REQ;DATOS;PBARDALES;01_Reunion de Entendimiento;02/06/2026;01:40:00;Cerrada
;REQ 2025-020052;REQ;SAP;PBARDALES;04_Desarrollo;02/06/2026;02:30:00;Cerrada
;REQ 2026-027125;EXP;SAP;PBARDALES;04_Desarrollo;02/06/2026;01:20:00;Cerrada
;REQ 2026-027256;REQ;SAP;PBARDALES;02_Analisis;02/06/2026;01:30:00;Cerrada
;REQ 2026-025879;EXP;SAP;PBARDALES;04_Desarrollo;02/06/2026;01:30:00;Cerrada
;REQ 2026-014175;REQ;SIC;PBARDALES;07_Documentación;02/06/2026;01:00:00;Cerrada
;REQ 2026-024864;REQ;GITHUB;JGUILLEN;09_Acompañamiento QA;03/06/2026;09:30:00;Cerrada
;REQ 2026-014850;REQ;APP/ WEB;JROSALES;11_Reunion Interna DEV;03/06/2026;03:00:00;Cerrada
;INC 2026-027387;INC;APP/ WEB;JROSALES;02_Analisis;03/06/2026;01:00:00;Cerrada
;INC 2026-027683;EXP;HCE;JROSALES;02_Analisis;03/06/2026;01:20:00;Cerrada
;REQ 2026-027697;EXP;SIC;JROSALES;02_Analisis;03/06/2026;01:00:00;Cerrada
;REQ 2025-025667;REQ;APP/ WEB;JROSALES;02_Analisis;03/06/2026;02:00:00;Cerrada
;REQ 2025-025667;REQ;APP/ WEB;JROSALES;09_Acompañamiento QA;03/06/2026;02:00:00;Cerrada
;REQ 2025-025667;REQ;APP/ WEB;CRODRIGUEZ;18_Configuraciones;03/06/2026;01:00:00;Cerrada
;REQ 2026-011345;REQ;SIC;CRODRIGUEZ;04_Desarrollo;03/06/2026;04:00:00;Cerrada
;REQ 2024-006886;PRY;HIS;CRODRIGUEZ;18_Configuraciones;03/06/2026;02:00:00;Cerrada
;REQ 2025-025667;REQ;APP/ WEB;CRODRIGUEZ;10_Acompañamiento PRD;03/06/2026;04:00:00;Cerrada
;REQ 2026-027428;REQ;GITHUB;RGREY;04_Desarrollo;03/06/2026;09:30:00;Cerrada
;REQ 2025-034476;PRY;CHATBOT;AMOROMISATO;09_Acompañamiento QA;03/06/2026;01:00:00;Cerrada
;REQ 2026-023770;REQ;AGENDA CITAS;AMOROMISATO;09_Acompañamiento QA;03/06/2026;02:00:00;Cerrada
;REQ 2026-024867;REQ;GITHUB;AMOROMISATO;04_Desarrollo;03/06/2026;06:00:00;Cerrada
;REQ 2026-026772;EXP;SIC;JREBAZA;02_Analisis;03/06/2026;01:30:00;Cerrada
;REQ 2026-027105;EXP;SIL;JREBAZA;02_Analisis;03/06/2026;01:10:00;Cerrada
;INC 2026-027705;INC;SIC;JREBAZA;02_Analisis;03/06/2026;00:40:00;Cerrada
;REQ 2026-026637;REQ;SIC;JREBAZA;02_Analisis;03/06/2026;01:50:00;Cerrada
;REQ 2026-026637;REQ;SIC;JREBAZA;02_Analisis;03/06/2026;00:50:00;Cerrada
;REQ 2026-025526;REQ;SIC;JREBAZA;02_Analisis;03/06/2026;01:40:00;Cerrada
;REQ 2024-023822;PRY;HCE UNIFICADA;FPINEDO;04_Desarrollo;03/06/2026;10:00:00;Cerrada
;REQ 2026-014175;REQ;SIC;TMACASSI;04_Desarrollo;03/06/2026;06:00:00;Cerrada
;REQ 2024-023822;PRY;HCE UNIFICADA;TMACASSI;01_Reunion de Entendimiento;03/06/2026;03:00:00;Cerrada
;REQ 2026-021343;REQ;DATOS;AGARCIA;02_Analisis;03/06/2026;00:30:00;Cerrada
;INC 2026-027630;EXP;SIC;AGARCIA;02_Analisis;03/06/2026;03:00:00;Cerrada
;INC 2026-027630;EXP;SIC;AGARCIA;02_Analisis;03/06/2026;04:00:00;Cerrada
;REQ 2026-026830;EXP;SIC;AGARCIA;04_Desarrollo;03/06/2026;00:30:00;Cerrada
;INC 2026-027149;INC;SIC;AGARCIA;04_Desarrollo;03/06/2026;00:20:00;Cerrada
;INC 2026-027162;INC;SIC;AGARCIA;04_Desarrollo;03/06/2026;00:20:00;Cerrado
;INC 2026-027168;INC;SIC;AGARCIA;04_Desarrollo;03/06/2026;00:40:00;Cerrado
;INC 2026-027325;INC;SIC;AGARCIA;02_Analisis;03/06/2026;00:20:00;Cerrado
;INC 2026-027346;INC;SIC;AGARCIA;04_Desarrollo;03/06/2026;00:20:00;Cerrada
;INC 2026-027448;INC;SIC;AGARCIA;04_Desarrollo;03/06/2026;00:20:00;Cerrada
;INC 2026-027449;INC;SIC;AGARCIA;04_Desarrollo;03/06/2026;00:20:00;Cerrada
;INC 2026-027359;INC;SIC;AGARCIA;04_Desarrollo;03/06/2026;00:50:00;Cerrada
;REQ 2024-023822;PRY;HCE UNIFICADA;MCARRASCO;04_Desarrollo;03/06/2026;10:00:00;Cerrada
;REQ 2026-025526;REQ;SIC;JREBAZA;02_Analisis;03/06/2026;01:00:00;Cerrada
;REQ 2026-026945;EXP;HIS;JREBAZA;02_Analisis;03/06/2026;01:20:00;Cerrada
;REQ 2025-003378;PRY;HIS;FGONZALES;04_Desarrollo;03/06/2026;10:00:00;Cerrada
;REQ 2026-014152;REQ;MAC;YSUYCO;02_Analisis;03/06/2026;10:00:00;Cerrada
;REQ 2024-021925;REQ;SIC;SRODRIGUEZ;05_Pruebas Unitarias;03/06/2026;10:00:00;Cerrada
;INC 2026-027001;EXP;SAP;PBARDALES;04_Desarrollo;03/06/2026;01:00:00;Cerrada
;REQ 2026-027194;REQ;SAP;PBARDALES;02_Analisis;03/06/2026;01:00:00;Cerrada
;REQ 2024-030409;REQ;SIC;PBARDALES;19_Reunion Proveedores;03/06/2026;01:00:00;Cerrada
;REQ 2026-027281;REQ;SAP;PBARDALES;04_Desarrollo;03/06/2026;01:00:00;Cerrada
;INC 2026-027319;INC;SAP;PBARDALES;02_Analisis;03/06/2026;00:40:00;Cerrada
;REQ 2026-027196;EXP;SAP;PBARDALES;04_Desarrollo;03/06/2026;01:00:00;Cerrada
;REQ 2026-027195;EXP;SAP;PBARDALES;04_Desarrollo;03/06/2026;01:00:00;Cerrada
;INC 2026-027282;INC;SAP;PBARDALES;02_Analisis;03/06/2026;01:30:00;Cerrada
;REQ 2026-027758;EXP;SAP;PBARDALES;04_Desarrollo;03/06/2026;01:30:00;Cerrada
;REQ 2026-024864;REQ;GITHUB;JGUILLEN;04_Desarrollo;04/06/2026;06:00:00;Cerrada
;REQ 2026-012922;REQ;HCE;JGUILLEN;01_Reunion de Entendimiento;04/06/2026;01:00:00;Cerrada
;REQ 2026-012922;REQ;HCE;JGUILLEN;02_Analisis;04/06/2026;02:30:00;Cerrada
;REQ 2024-006886;PRY;HIS;CRODRIGUEZ;01_Reunion de Entendimiento;04/06/2026;01:00:00;Cerrada
;REQ 2025-025667;REQ;APP/ WEB;CRODRIGUEZ;15_Acompañamiento SD;04/06/2026;02:00:00;Cerrada
;REQ 2025-025667;REQ;APP/ WEB;CRODRIGUEZ;04_Desarrollo;04/06/2026;02:00:00;Cerrada
;REQ 2025-025667;REQ;APP/ WEB;CRODRIGUEZ;01_Reunion de Entendimiento;04/06/2026;04:30:00;Cerrada
;REQ 2026-027428;REQ;GITHUB;RGREY;04_Desarrollo;04/06/2026;09:30:00;Cerrada
;INC 2026-027714;EXP;HCE;JROSALES;02_Analisis;04/06/2026;01:00:00;Cerrada
;REQ 2026-028047;EXP;SIC;JROSALES;02_Analisis;04/06/2026;00:45:00;Cerrada
;INC 2026-027929;INC;APP/ WEB;JROSALES;02_Analisis;04/06/2026;01:45:00;Cerrada
;REQ 2026-027971;EXP;SIC;JROSALES;02_Analisis;04/06/2026;02:00:00;Cerrada
;REQ 2026-015355;REQ;APP/ WEB;JROSALES;09_Acompañamiento QA;04/06/2026;04:00:00;Cerrada
;REQ 2026-028063;EXP;SIRI;AMOROMISATO;01_Reunion de Entendimiento;04/06/2026;01:30:00;Cerrada
;REQ 2026-024867;REQ;GITHUB;AMOROMISATO;04_Desarrollo;04/06/2026;08:00:00;Cerrada
;REQ 2026-027030;REQ;SIC;JREBAZA;02_Analisis;04/06/2026;01:15:00;Cerrada
;REQ 2026-027030;REQ;SIC;JREBAZA;02_Analisis;04/06/2026;01:15:00;Cerrada
;REQ 2026-027797;REQ;MAC;JREBAZA;02_Analisis;04/06/2026;01:15:00;Cerrada
;REQ 2026-027797;REQ;MAC;JREBAZA;02_Analisis;04/06/2026;01:15:00;Cerrada
;REQ 2026-026969;REQ;SIC;JREBAZA;02_Analisis;04/06/2026;01:40:00;Cerrada
;REQ 2026-026969;REQ;SIC;JREBAZA;02_Analisis;04/06/2026;01:00:00;Cerrada
;REQ 2026-027221;REQ;SIC;JREBAZA;02_Analisis;04/06/2026;00:50:00;Cerrada
;INC 2026-026082;EXP;SIC;JREBAZA;02_Analisis;04/06/2026;01:40:00;Cerrada
;REQ 2025-003378;PRY;HIS;FGONZALES;04_Desarrollo;04/06/2026;09:30:00;Cerrada
;REQ 2026-014152;REQ;MAC;TMACASSI;02_Analisis;04/06/2026;01:30:00;Cerrada
;REQ 2024-023822;PRY;HCE UNIFICADA;TMACASSI;01_Reunion de Entendimiento;04/06/2026;01:30:00;Cerrada
;REQ 2026-014175;REQ;SIC;TMACASSI;04_Desarrollo;04/06/2026;06:30:00;Cerrada
;REQ 2026-014152;REQ;MAC;YSUYCO;02_Analisis;04/06/2026;11:00:00;Cerrado
;REQ 2024-022552;PRY;MAC;AGARCIA;06_Pruebas Usuario Final;04/06/2026;01:00:00;Cerrado
;REQ 2026-021343;REQ;DATOS;AGARCIA;24_Analisis_Datos;04/06/2026;03:30:00;Cerrado
;REQ 2026-025359;REQ;DATOS;AGARCIA;24_Analisis_Datos;04/06/2026;02:00:00;Cerrado
;REQ 2026-023092;REQ;SIL;AGARCIA;15_Acompañamiento SD;04/06/2026;01:30:00;Cerrado
;INC 2026-027339;INC;SIC;AGARCIA;04_Desarrollo;04/06/2026;01:30:00;Cerrada
;REQ 2024-023822;PRY;HCE UNIFICADA;FPINEDO;04_Desarrollo;04/06/2026;10:00:00;Cerrada
;REQ 2024-023822;PRY;HCE UNIFICADA;MCARRASCO;04_Desarrollo;04/06/2026;10:00:00;Cerrada
;REQ 2024-021925;REQ;SIC;SRODRIGUEZ;02_Analisis;04/06/2026;07:00:00;Cerrada
;REQ 2025-017900;REQ;SIC;SRODRIGUEZ;04_Desarrollo;04/06/2026;02:30:00;Cerrada
;REQ 2026-014175;REQ;SIC;PBARDALES;02_Analisis;04/06/2026;01:00:00;Cerrada
;REQ 2026-024864;REQ;GITHUB;PBARDALES;02_Analisis;04/06/2026;01:00:00;Cerrada
;REQ 2024-030409;REQ;SIC;PBARDALES;19_Reunion Proveedores;04/06/2026;01:00:00;Cerrada
;REQ 2024-024413;REQ;SIC;PBARDALES;01_Reunion de Entendimiento;04/06/2026;02:30:00;Cerrada
;INC 2026-027643;INC;SIC;PBARDALES;02_Analisis;04/06/2026;03:00:00;Cerrada
;INC 2026-027397;INC;SIC;PBARDALES;04_Desarrollo;04/06/2026;01:30:00;Cerrada
;REQ 2026-024864;REQ;GITHUB;JGUILLEN;09_Acompañamiento QA;05/06/2026;02:00:00;Cerrada
;REQ 2026-012922;REQ;HCE;JGUILLEN;02_Analisis;05/06/2026;05:00:00;Cerrada
;REQ 2024-006886;PRY;HIS;CRODRIGUEZ;01_Reunion de Entendimiento;05/06/2026;01:00:00;Cerrada
;REQ 2026-011345;REQ;SIC;CRODRIGUEZ;07_Documentación;05/06/2026;03:00:00;Cerrada
;REQ 2025-025667;REQ;APP/ WEB;CRODRIGUEZ;01_Reunion de Entendimiento;05/06/2026;01:00:00;Cerrada
;REQ 2024-022552;PRY;MAC;CRODRIGUEZ;01_Reunion de Entendimiento;05/06/2026;05:00:00;Cerrada
;REQ 2026-027884;EXP;SIC;RGREY;04_Desarrollo;05/06/2026;04:30:00;Cerrada
;REQ 2026-011346;PRY;SIC;RGREY;02_Analisis;05/06/2026;05:00:00;Cerrada
;INC 2026-028246;INC;APP/ WEB;JROSALES;02_Analisis;05/06/2026;01:45:00;Cerrada
;REQ 2026-026975;REQ;SIC;JROSALES;02_Analisis;05/06/2026;00:15:00;Cerrada
;REQ 2026-027967;REQ;SIL;JROSALES;02_Analisis;05/06/2026;00:45:00;Cerrada
;REQ 2026-014850;REQ;APP/ WEB;JROSALES;09_Acompañamiento QA;05/06/2026;04:00:00;Cerrada
;INC 2026-028249;INC;APP/ WEB;JROSALES;02_Analisis;05/06/2026;02:45:00;Cerrada
;REQ 2025-011741;REQ;AGENDA PROCEDMIENTOS;AMOROMISATO;15_Acompañamiento SD;05/06/2026;00:30:00;Cerrada
;REQ 2026-024867;REQ;GITHUB;AMOROMISATO;04_Desarrollo;05/06/2026;04:00:00;Cerrada
;REQ 2026-024867;REQ;GITHUB;AMOROMISATO;04_Desarrollo;05/06/2026;05:00:00;Cerrada
;REQ 2026-012922;REQ;HCE;JGUILLEN;02_Analisis;05/06/2026;02:30:00;Cerrada
;REQ 2026-027863;REQ;MAC;JREBAZA;02_Analisis;05/06/2026;00:30:00;Cerrada
;REQ 2026-028133;REQ;SIC;JREBAZA;02_Analisis;05/06/2026;01:00:00;Cerrada
;INC 2026-028178;INC;SIC;JREBAZA;02_Analisis;05/06/2026;02:40:00;Cerrada
;REQ 2026-027030;REQ;SIC;JREBAZA;02_Analisis;05/06/2026;00:30:00;Cerrada
;INC 2026-028194;INC;SIC;JREBAZA;02_Analisis;05/06/2026;01:00:00;Cerrada
;INC 2026-027916;INC;SIC;JREBAZA;02_Analisis;05/06/2026;01:00:00;Cerrada
;INC 2026-026082;EXP;SIC;JREBAZA;02_Analisis;05/06/2026;01:30:00;Cerrada
;REQ 2026-025359;REQ;DATOS;TMACASSI;30_Reunion Interna DEV_Datos;05/06/2026;01:00:00;Cerrada
;REQ 2026-014152;REQ;MAC;TMACASSI;02_Analisis;05/06/2026;03:00:00;Cerrada
;REQ 2024-023822;PRY;HCE UNIFICADA;TMACASSI;02_Analisis;05/06/2026;05:30:00;Cerrada
;INC 2026-028178;INC;SIC;FGONZALES;04_Desarrollo;05/06/2026;03:00:00;Cerrada
;REQ 2025-003378;PRY;HIS;FGONZALES;04_Desarrollo;05/06/2026;06:30:00;Cerrada
;REQ 2026-014152;REQ;MAC;YSUYCO;02_Analisis;05/06/2026;11:00:00;Cerrada
;REQ 2024-022552;PRY;MAC;AGARCIA;06_Pruebas Usuario Final;05/06/2026;06:30:00;Cerrada
;REQ 2026-021343;REQ;DATOS;AGARCIA;24_Analisis_Datos;05/06/2026;02:30:00;Cerrada
;INC 2026-027346;INC;SIC;AGARCIA;04_Desarrollo;05/06/2026;00:40:00;Cerrada
;REQ 2024-023822;PRY;HCE UNIFICADA;FPINEDO;04_Desarrollo;05/06/2026;10:00:00;Cerrada
;REQ 2026-026945;EXP;HIS;JREBAZA;02_Analisis;;02:00:00;Cerrada
;REQ 2024-023822;PRY;HCE UNIFICADA;MCARRASCO;04_Desarrollo;;10:00:00;Cerrada
;REQ 2025-017900;REQ;SIC;SRODRIGUEZ;04_Desarrollo;;05:00:00;Cerrada
;REQ 2025-017900;REQ;SIC;SRODRIGUEZ;02_Analisis;;02:00:00;Cerrada
;REQ 2024-021925;REQ;SIC;SRODRIGUEZ;05_Pruebas Unitarias;;03:00:00;Cerrada
;INC 2026-027397;INC;SIC;PBARDALES;04_Desarrollo;;01:00:00;Cerrada
;REQ 2024-030409;REQ;SIC;PBARDALES;19_Reunion Proveedores;;01:00:00;Cerrada
;INC 2026-028046;INC;SAP;PBARDALES;19_Reunion Proveedores;;01:00:00;Cerrada
;INC 2026-027643;INC;SIC;PBARDALES;02_Analisis;;02:00:00;Cerrada
;INC 2026-027282;INC;SAP;PBARDALES;02_Analisis;;01:30:00;Cerrado
;INC 2026-028046;INC;SAP;PBARDALES;19_Reunion Proveedores;;01:00:00;Cerrado
;REQ 2026-027703;EXP;SAP;PBARDALES;04_Desarrollo;;01:00:00;Cerrado
;INC 2026-027643;INC;SIC;PBARDALES;02_Analisis;;01:00:00;Cerrada
;INC 2026-028107;EXP;SIC;AGARCIA;02_Analisis;06/06/2026;05:00:00;Cerrada
;REQ 2024-006886;PRY;HIS;CRODRIGUEZ;01_Reunion de Entendimiento;08/06/2026;01:00:00;Cerrada
;REQ 2024-022552;PRY;MAC;CRODRIGUEZ;01_Reunion de Entendimiento;08/06/2026;08:00:00;Cerrada
;REQ 2025-034476;PRY;CHATBOT;AMOROMISATO;09_Acompañamiento QA;08/06/2026;01:00:00;Cerrada
;REQ 2024-019667;REQ;SIC;AMOROMISATO;15_Acompañamiento SD;08/06/2026;01:00:00;Cerrada
;REQ 2026-028872;EXP;SIRI;AMOROMISATO;15_Acompañamiento SD;08/06/2026;01:00:00;Cerrada
;REQ 2026-014614;REQ;SIC;AMOROMISATO;04_Desarrollo;08/06/2026;04:00:00;Cerrada
;REQ 2026-014614;REQ;SIC;AMOROMISATO;07_Documentación;08/06/2026;01:00:00;Cerrada
;REQ 2026-028872;EXP;SIRI;AMOROMISATO;04_Desarrollo;08/06/2026;01:00:00;Cerrada
;REQ 2026-012922;REQ;HCE;JGUILLEN;02_Analisis;08/06/2026;09:00:00;Cerrada
;INC 2026-028399;INC;APP/ WEB;JROSALES;02_Analisis;08/06/2026;04:00:00;Cerrada
;REQ 2026-028579;REQ;APP/ WEB;JROSALES;02_Analisis;08/06/2026;00:30:00;Cerrada
;REQ 2026-015355;REQ;APP/ WEB;JROSALES;09_Acompañamiento QA;08/06/2026;05:00:00;Cerrada
;REQ 2026-011346;PRY;SIC;RGREY;02_Analisis;08/06/2026;09:30:00;Cerrada
;REQ 2026-027100;REQ;HCE;JREBAZA;02_Analisis;08/06/2026;01:30:00;Cerrada
;INC 2026-028260;INC;HCE;JREBAZA;02_Analisis;08/06/2026;01:30:00;Cerrada
;REQ 2026-027636;INC;SIC;JREBAZA;02_Analisis;08/06/2026;01:00:00;Cerrada
;REQ 2026-027636;INC;SIC;JREBAZA;02_Analisis;08/06/2026;01:00:00;Cerrada
;INC 2026-028250;EXP;HIS;JREBAZA;02_Analisis;08/06/2026;01:10:00;Cerrada
;INC 2026-028396;INC;SIC;JREBAZA;02_Analisis;08/06/2026;01:30:00;Cerrada
;INC 2026-028676;INC;SIC;JREBAZA;02_Analisis;08/06/2026;02:00:00;Cerrada
;REQ 2026-027340;REQ;SIC;JREBAZA;02_Analisis;08/06/2026;00:20:00;Cerrada
;REQ 2024-023822;PRY;HCE UNIFICADA;FPINEDO;04_Desarrollo;08/06/2026;10:00:00;Cerrada
;REQ 2026-014152;REQ;MAC;YSUYCO;02_Analisis;08/06/2026;09:30:00;Cerrada
;REQ 2026-014152;REQ;MAC;TMACASSI;04_Desarrollo;08/06/2026;09:30:00;Cerrada
;INC 2026-027339;INC;SIC;AGARCIA;02_Analisis;08/06/2026;00:30:00;Cerrada
;INC 2026-027345;INC;SIC;AGARCIA;04_Desarrollo;08/06/2026;00:30:00;Cerrada
;REQ 2026-021343;REQ;DATOS;AGARCIA;24_Analisis_Datos;08/06/2026;02:00:00;Cerrada
;REQ 2026-028379;REQ;SIC;AGARCIA;02_Analisis;08/06/2026;00:10:00;Cerrada
;INC 2026-027346;INC;SIC;AGARCIA;02_Analisis;08/06/2026;00:50:00;Cerrada
;REQ 2026-023092;REQ;SIL;AGARCIA;15_Acompañamiento SD;08/06/2026;01:00:00;Cerrada
;REQ 2026-015880;REQ;SIC;AGARCIA;01_Reunion de Entendimiento;08/06/2026;00:30:00;Cerrada
;REQ 2024-022552;PRY;MAC;AGARCIA;01_Reunion de Entendimiento;08/06/2026;01:00:00;Cerrada
;INC 2026-027583;INC;SIC;AGARCIA;02_Analisis;08/06/2026;00:20:00;Cerrada
;INC 2026-027587;INC;SIC;AGARCIA;04_Desarrollo;08/06/2026;00:40:00;Cerrada
;REQ 2026-027647;INC;SIC;AGARCIA;02_Analisis;08/06/2026;00:30:00;Cerrada
;INC 2026-027920;INC;SIC;AGARCIA;04_Desarrollo;08/06/2026;00:20:00;Cerrada
;INC 2026-028105;INC;SIC;AGARCIA;02_Analisis;08/06/2026;00:20:00;Cerrada
;INC 2026-027941;INC;SIC;AGARCIA;02_Analisis;08/06/2026;00:20:00;Cerrada
;INC 2026-028311;INC;SIC;AGARCIA;02_Analisis;08/06/2026;00:20:00;Cerrada
;REQ 2024-023822;PRY;HCE UNIFICADA;MCARRASCO;04_Desarrollo;08/06/2026;10:00:00;Cerrada
;INC 2026-028012;INC;SIC;AGARCIA;02_Analisis;08/06/2026;01:30:00;Cerrada
;INC 2026-027918;INC;SIC;AGARCIA;02_Analisis;08/06/2026;00:30:00;Cerrada
;INC 2026-027919;INC;SIC;AGARCIA;02_Analisis;08/06/2026;00:40:00;Cerrada
;REQ 2025-003378;PRY;HIS;FGONZALES;15_Acompañamiento SD;08/06/2026;01:00:00;Cerrada
;REQ 2025-003378;PRY;HIS;FGONZALES;04_Desarrollo;08/06/2026;06:30:00;Cerrada
;REQ 2024-021925;REQ;SIC;SRODRIGUEZ;04_Desarrollo;08/06/2026;04:00:00;Cerrada
;REQ 2024-021925;REQ;SIC;SRODRIGUEZ;05_Pruebas Unitarias;08/06/2026;05:30:00;Cerrada
;REQ 2026-029565;EXP;SIC;CGARIBAY;17_Capacitaciones;08/06/2026;09:30:00;Cerrada
;REQ 2026-025668;INC;HIS;PBARDALES;04_Desarrollo;08/06/2026;03:00:00;Cerrada
;INC 2026-027643;INC;SIC;PBARDALES;02_Analisis;08/06/2026;02:00:00;Cerrada
;REQ 2024-024413;REQ;SIC;PBARDALES;02_Analisis;08/06/2026;01:00:00;Cerrada
;REQ 2026-027839;EXP;SIC;PBARDALES;04_Desarrollo;08/06/2026;01:00:00;Cerrada
;REQ 2026-027905;EXP;SIC;PBARDALES;04_Desarrollo;08/06/2026;01:00:00;Cerrada
;REQ 2026-027960;REQ;SIC;PBARDALES;02_Analisis;08/06/2026;00:40:00;Cerrada
;INC 2026-027963;EXP;SIC;PBARDALES;04_Desarrollo;08/06/2026;00:30:00;Cerrada
;REQ 2026-027926;EXP;PORTAL PROVEEDORES;PBARDALES;04_Desarrollo;08/06/2026;00:40:00;Cerrada
;REQ 2024-022552;PRY;MAC;CRODRIGUEZ;04_Desarrollo;09/06/2026;07:30:00;Cerrada
;REQ 2025-034476;PRY;CHATBOT;AMOROMISATO;09_Acompañamiento QA;09/06/2026;05:00:00;Cerrada
;REQ 2026-014614;REQ;SIC;AMOROMISATO;09_Acompañamiento QA;09/06/2026;02:00:00;Cerrada
;REQ 2026-028631;REQ;AGENDA CITAS;AMOROMISATO;01_Reunion de Entendimiento;09/06/2026;00:30:00;Cerrado
;REQ 2024-022552;PRY;MAC;AMOROMISATO;05_Pruebas Unitarias;09/06/2026;02:00:00;Cerrado
;REQ 2026-012922;REQ;HCE;JGUILLEN;04_Desarrollo;09/06/2026;07:00:00;Cerrado
;REQ 2026-024864;REQ;GITHUB;JGUILLEN;10_Acompañamiento PRD;09/06/2026;05:00:00;Cerrado
;REQ 2026-028312;REQ;MAC;JROSALES;02_Analisis;09/06/2026;00:45:00;Cerrado
;INC 2026-028735;EXP;APP/ WEB;JROSALES;02_Analisis;09/06/2026;02:30:00;Cerrado
;INC 2026-029014;EXP;APP/ WEB;JROSALES;02_Analisis;09/06/2026;01:00:00;Cerrado
;INC 2026-028308;INC;APP/ WEB;JROSALES;02_Analisis;09/06/2026;03:00:00;Cerrado
;REQ 2026-015355;REQ;APP/ WEB;JROSALES;02_Analisis;09/06/2026;02:15:00;Cerrado
;REQ 2026-011346;PRY;SIC;RGREY;04_Desarrollo;09/06/2026;09:30:00;Cerrado
;REQ 2026-027614;REQ;SIC;JREBAZA;02_Analisis;09/06/2026;00:20:00;Cerrado
;REQ 2026-027615;REQ;SIC;JREBAZA;02_Analisis;09/06/2026;00:20:00;Cerrado
;REQ 2026-027782;REQ;SIC;JREBAZA;02_Analisis;09/06/2026;00:20:00;Cerrado
;REQ 2026-027784;REQ;MAC;JREBAZA;02_Analisis;09/06/2026;00:20:00;Cerrado
;REQ 2026-027786;REQ;MAC;JREBAZA;02_Analisis;09/06/2026;00:20:00;Cerrado
;INC 2026-028358;EXP;SIC;JREBAZA;02_Analisis;09/06/2026;00:40:00;Cerrada
;INC 2026-028361;EXP;SIC;JREBAZA;02_Analisis;09/06/2026;01:00:00;Cerrado
;INC 2026-028362;EXP;SIC;JREBAZA;02_Analisis;09/06/2026;01:30:00;Cerrada
;INC 2026-028800;INC;SIC;JREBAZA;02_Analisis;09/06/2026;01:50:00;Cerrada
;REQ 2026-027030;REQ;SIC;JREBAZA;02_Analisis;09/06/2026;01:30:00;Cerrado
;REQ 2026-014152;REQ;MAC;TMACASSI;04_Desarrollo;09/06/2026;08:00:00;Cerrada
;REQ 2024-023822;PRY;HCE UNIFICADA;TMACASSI;01_Reunion de Entendimiento;09/06/2026;04:00:00;Cerrada
;REQ 2024-021925;REQ;SIC;FGONZALES;04_Desarrollo;09/06/2026;01:00:00;Cerrada
;REQ 2026-029011;REQ;HCE;FGONZALES;11_Reunion Interna DEV;09/06/2026;03:00:00;Cerrada
;REQ 2026-027050;REQ;SIC;FGONZALES;01_Reunion de Entendimiento;09/06/2026;01:00:00;Cerrada
;REQ 2026-015880;REQ;SIC;FGONZALES;02_Analisis;09/06/2026;01:00:00;Cerrada
;REQ 2026-027050;REQ;SIC;FGONZALES;04_Desarrollo;09/06/2026;04:00:00;Cerrada
;REQ 2026-014152;REQ;MAC;FGONZALES;11_Reunion Interna DEV;09/06/2026;00:20:00;Cerrada
;REQ 2025-003378;PRY;HIS;FGONZALES;04_Desarrollo;09/06/2026;01:00:00;Cerrada
;INC 2026-028011;INC;SIC;AGARCIA;02_Analisis;09/06/2026;03:20:00;Cerrada
;REQ 2024-022552;PRY;MAC;AGARCIA;06_Pruebas Usuario Final;09/06/2026;02:00:00;Cerrada
;INC 2026-027587;INC;SIC;AGARCIA;04_Desarrollo;09/06/2026;00:30:00;Cerrada
;INC 2026-028496;INC;SIC;AGARCIA;02_Analisis;09/06/2026;00:50:00;Cerrada
;INC 2026-028501;INC;SIC;AGARCIA;02_Analisis;09/06/2026;00:50:00;Cerrada
;REQ 2026-030998;REQ;SIC;AGARCIA;19_Reunion Proveedores;09/06/2026;01:00:00;Cerrada
;REQ 2026-023092;REQ;SIL;AGARCIA;15_Acompañamiento SD;09/06/2026;01:00:00;Cerrada
;REQ 2026-014152;REQ;MAC;YSUYCO;02_Analisis;09/06/2026;10:00:00;Cerrada
;REQ 2024-023822;PRY;HCE UNIFICADA;MCARRASCO;04_Desarrollo;09/06/2026;10:00:00;Cerrada
;REQ 2026-027796;REQ;SIC;JREBAZA;02_Analisis;09/06/2026;01:50:00;Cerrada
;REQ 2024-023822;PRY;HCE UNIFICADA;FPINEDO;04_Desarrollo;09/06/2026;10:00:00;Cerrada
;REQ 2026-029565;EXP;SIC;CGARIBAY;18_Configuraciones;09/06/2026;09:30:00;Cerrada
;REQ 2024-021925;REQ;SIC;SRODRIGUEZ;02_Analisis;09/06/2026;10:00:00;Cerrada
;REQ 2024-030409;REQ;SIC;PBARDALES;19_Reunion Proveedores;09/06/2026;01:00:00;Cerrada
;REQ 2026-030998;REQ;SIC;PBARDALES;19_Reunion Proveedores;09/06/2026;01:00:00;Cerrada
;REQ 2026-029029;REQ;SIC;PBARDALES;01_Reunion de Entendimiento;09/06/2026;01:00:00;Cerrada
;REQ 2026-026548;REQ;SIC;PBARDALES;02_Analisis;09/06/2026;02:00:00;Cerrada
;REQ 2026-028161;EXP;HIS;PBARDALES;04_Desarrollo;09/06/2026;01:00:00;Cerrada
;REQ 2026-027884;EXP;SIC;PBARDALES;02_Analisis;09/06/2026;02:00:00;Cerrado
;INC 2026-028090;INC;SIC;PBARDALES;02_Analisis;09/06/2026;00:40:00;Cerrado
;REQ 2026-028767;REQ;SIC;PBARDALES;10_Acompañamiento PRD;09/06/2026;01:30:00;Cerrado
;REQ 2024-022552;PRY;MAC;CRODRIGUEZ;05_Pruebas Unitarias;10/06/2026;07:30:00;Cerrado
;REQ 2024-006886;PRY;HIS;CRODRIGUEZ;07_Documentación;10/06/2026;02:00:00;Cerrado
;REQ 2025-034476;PRY;CHATBOT;AMOROMISATO;14_Seguimiento Requerimiento;10/06/2026;01:30:00;Cerrado
;REQ 2026-023770;REQ;AGENDA CITAS;AMOROMISATO;10_Acompañamiento PRD;10/06/2026;01:00:00;Cerrado
;REQ 2026-014614;REQ;SIC;AMOROMISATO;10_Acompañamiento PRD;10/06/2026;01:00:00;Cerrado
;REQ 2025-011741;REQ;AGENDA PROCEDMIENTOS;AMOROMISATO;10_Acompañamiento PRD;10/06/2026;02:00:00;Cerrado
;REQ 2026-028631;REQ;AGENDA CITAS;AMOROMISATO;03_Estimación de Actividades;10/06/2026;01:00:00;Cerrada
;REQ 2026-028631;REQ;AGENDA CITAS;AMOROMISATO;04_Desarrollo;10/06/2026;02:30:00;Cerrada
;REQ 2026-024864;REQ;GITHUB;JGUILLEN;05_Pruebas Unitarias;10/06/2026;02:00:00;Cerrado
;REQ 2026-012922;REQ;HCE;JGUILLEN;04_Desarrollo;10/06/2026;07:00:00;Cerrada
;REQ 2026-029419;EXP;AGENDA CITAS;JROSALES;11_Reunion Interna DEV;10/06/2026;03:30:00;Cerrada
;INC 2026-029193;INC;APP/ WEB;JROSALES;02_Analisis;10/06/2026;01:00:00;Cerrada
;INC 2026-029247;INC;APP/ WEB;JROSALES;02_Analisis;10/06/2026;01:30:00;Cerrada
;REQ 2026-015355;REQ;APP/ WEB;JROSALES;02_Analisis;10/06/2026;03:30:00;Cerrada
;REQ 2026-011346;PRY;SIC;RGREY;04_Desarrollo;10/06/2026;09:30:00;Cerrada
;REQ 2026-027655;INC;SIC;JREBAZA;02_Analisis;10/06/2026;01:30:00;Cerrada
;REQ 2026-029008;REQ;SIL;JREBAZA;02_Analisis;10/06/2026;01:50:00;Cerrada
;INC 2026-028985;INC;SIL;JREBAZA;02_Analisis;10/06/2026;01:50:00;Cerrada
;REQ 2026-028621;REQ;SIC;JREBAZA;02_Analisis;10/06/2026;01:30:00;Cerrada
;REQ 2026-027401;REQ;SIC;JREBAZA;02_Analisis;10/06/2026;01:00:00;Cerrada
;REQ 2024-023822;PRY;HCE UNIFICADA;FPINEDO;04_Desarrollo;10/06/2026;10:00:00;Cerrada
;INC 2026-028502;INC;SIC;AGARCIA;04_Desarrollo;10/06/2026;00:40:00;Cerrada
;REQ 2024-022552;PRY;MAC;AGARCIA;07_Documentación;10/06/2026;03:00:00;Cerrada
;INC 2026-028852;INC;SIC;AGARCIA;04_Desarrollo;10/06/2026;01:00:00;Cerrada
;REQ 2024-022552;PRY;MAC;AGARCIA;06_Pruebas Usuario Final;10/06/2026;02:30:00;Cerrada
;REQ 2026-029232;REQ;SIC;AGARCIA;02_Analisis;10/06/2026;02:30:00;Cerrada
;REQ 2024-023822;PRY;HCE UNIFICADA;MCARRASCO;04_Desarrollo;10/06/2026;10:00:00;Cerrada
;REQ 2026-028663;EXP;SIC;JREBAZA;02_Analisis;10/06/2026;01:00:00;Cerrada
;REQ 2026-028663;EXP;SIC;JREBAZA;02_Analisis;10/06/2026;01:20:00;Cerrada
;REQ 2026-014152;REQ;MAC;YSUYCO;02_Analisis;10/06/2026;10:00:00;Cerrada
;REQ 2026-027050;REQ;SIC;FGONZALES;01_Reunion de Entendimiento;10/06/2026;01:00:00;Cerrada
;REQ 2025-003378;PRY;HIS;FGONZALES;04_Desarrollo;10/06/2026;08:30:00;Cerrada
;REQ 2026-029565;EXP;SIC;CGARIBAY;02_Analisis;10/06/2026;09:30:00;Cerrada
;REQ 2024-023822;PRY;HCE UNIFICADA;TMACASSI;02_Analisis;10/06/2026;03:00:00;Cerrada
;REQ 2026-014175;REQ;SIC;TMACASSI;04_Desarrollo;10/06/2026;06:30:00;Cerrada
;REQ 2024-021925;REQ;SIC;SRODRIGUEZ;02_Analisis;10/06/2026;10:00:00;Cerrada
;INC 2026-028046;INC;SAP;PBARDALES;02_Analisis;10/06/2026;02:00:00;Cerrada
;REQ 2026-029449;REQ;SIC;PBARDALES;19_Reunion Proveedores;10/06/2026;02:00:00;Cerrada
;REQ 2026-029449;REQ;SIC;PBARDALES;02_Analisis;10/06/2026;01:00:00;Cerrada
;INC 2026-028156;INC;SIC;PBARDALES;02_Analisis;10/06/2026;00:40:00;Cerrada
;INC 2026-028058;EXP;SIC;PBARDALES;04_Desarrollo;10/06/2026;01:00:00;Cerrada
;REQ 2026-027533;REQ;SIL;PBARDALES;02_Analisis;10/06/2026;00:30:00;Cerrada
;REQ 2026-028181;EXP;SIC;PBARDALES;04_Desarrollo;10/06/2026;01:00:00;Cerrada
;INC 2026-028046;INC;SAP;PBARDALES;02_Analisis;10/06/2026;00:30:00;Cerrada
;REQ 2026-029062;REQ;SAP;PBARDALES;02_Analisis;10/06/2026;01:00:00;Cerrada
;REQ 2026-015231;REQ;APP/ WEB;AMOROMISATO;05_Pruebas Unitarias;11/06/2026;00:30:00;Cerrada
;REQ 2025-034476;PRY;CHATBOT;AMOROMISATO;04_Desarrollo;11/06/2026;04:30:00;Cerrada
;REQ 2025-034476;PRY;CHATBOT;AMOROMISATO;04_Desarrollo;11/06/2026;04:30:00;Cerrada
;REQ 2026-012922;REQ;HCE;JGUILLEN;04_Desarrollo;11/06/2026;09:30:00;Cerrada
;REQ 2026-024864;REQ;GITHUB;JGUILLEN;11_Reunion Interna DEV;11/06/2026;02:00:00;Cerrada
;REQ 2026-029419;EXP;AGENDA CITAS;JROSALES;02_Analisis;11/06/2026;03:00:00;Cerrada
;REQ 2026-015355;REQ;APP/ WEB;JROSALES;09_Acompañamiento QA;11/06/2026;06:00:00;Cerrada
;REQ 2026-029569;EXP;APP/ WEB;JROSALES;02_Analisis;11/06/2026;00:30:00;Cerrado
;REQ 2026-028851;REQ;HCE;CRODRIGUEZ;04_Desarrollo;11/06/2026;09:30:00;Cerrado
;REQ 2026-011346;PRY;SIC;RGREY;04_Desarrollo;11/06/2026;09:30:00;Cerrado
;INC 2026-029211;EXP;SIC;JREBAZA;02_Analisis;11/06/2026;01:10:00;Cerrado
;REQ 2026-029071;REQ;SIC;JREBAZA;02_Analisis;11/06/2026;01:30:00;Cerrada
;INC 2026-029478;INC;SIC;JREBAZA;02_Analisis;11/06/2026;01:00:00;Cerrada
;REQ 2026-028663;EXP;SIC;JREBAZA;02_Analisis;11/06/2026;01:30:00;Cerrada
;REQ 2026-028663;EXP;SIC;JREBAZA;02_Analisis;11/06/2026;01:30:00;Cerrada
;REQ 2026-027796;REQ;SIC;JREBAZA;02_Analisis;11/06/2026;01:30:00;Cerrada
;REQ 2026-029490;REQ;MAC;JREBAZA;02_Analisis;11/06/2026;01:30:00;Cerrada
;REQ 2026-014152;REQ;MAC;YSUYCO;02_Analisis;11/06/2026;10:00:00;Cerrada
;INC 2026-029411;INC;SIC;TMACASSI;02_Analisis;11/06/2026;04:00:00;Cerrada
;REQ 2026-014175;REQ;SIC;TMACASSI;04_Desarrollo;11/06/2026;03:00:00;Cerrada
;REQ 2026-018147;REQ;SIC;TMACASSI;02_Analisis;11/06/2026;02:30:00;Cerrada
;INC 2026-029411;INC;SIC;AGARCIA;02_Analisis;11/06/2026;07:00:00;Cerrada
;REQ 2026-023092;REQ;SIL;AGARCIA;15_Acompañamiento SD;11/06/2026;01:30:00;Cerrada
;REQ 2026-024708;REQ;SIC;AGARCIA;02_Analisis;11/06/2026;01:00:00;Cerrada
;REQ 2024-023822;PRY;HCE UNIFICADA;MCARRASCO;04_Desarrollo;11/06/2026;10:00:00;Cerrada
;REQ 2024-023822;PRY;HCE UNIFICADA;FPINEDO;04_Desarrollo;11/06/2026;10:00:00;Cerrada
;REQ 2026-013917;REQ;SIC;FGONZALES;04_Desarrollo;11/06/2026;02:00:00;Cerrada
;REQ 2026-029099;REQ;SIC;FGONZALES;01_Reunion de Entendimiento;11/06/2026;01:00:00;Cerrada
;REQ 2025-003378;PRY;HIS;FGONZALES;04_Desarrollo;11/06/2026;06:00:00;Cerrada
;REQ 2026-029565;EXP;SIC;CGARIBAY;03_Estimación de Actividades;11/06/2026;09:30:00;Cerrada
;REQ 2024-021925;REQ;SIC;SRODRIGUEZ;02_Analisis;11/06/2026;10:00:00;Cerrada
;INC 2026-028046;INC;SAP;PBARDALES;19_Reunion Proveedores;11/06/2026;01:00:00;Cerrada
;REQ 2026-021343;REQ;DATOS;PBARDALES;04_Desarrollo;11/06/2026;02:00:00;Cerrada
;REQ 2026-029449;REQ;SIC;PBARDALES;02_Analisis;11/06/2026;01:00:00;Cerrada
;INC 2026-029379;INC;SIC;PBARDALES;02_Analisis;11/06/2026;01:30:00;Cerrada
;REQ 2026-029250;REQ;SIC;PBARDALES;02_Analisis;11/06/2026;00:30:00;Cerrada
;INC 2026-028373;INC;SIC;PBARDALES;02_Analisis;11/06/2026;00:30:00;Cerrada
;INC 2026-028635;INC;SIC;PBARDALES;02_Analisis;11/06/2026;00:30:00;Cerrada
;INC 2026-028578;INC;SIC;PBARDALES;02_Analisis;24/16/2026;00:30:00;Cerrada
;INC 2026-028968;INC;SIC;PBARDALES;04_Desarrollo;11/06/2026;01:00:00;Cerrada
;INC 2026-028834;INC;SIC;PBARDALES;02_Analisis;11/06/2026;01:00:00;Cerrada
;REQ 2026-012922;REQ;HCE;JGUILLEN;04_Desarrollo;12/06/2026;09:30:00;Cerrada
;REQ 2024-006886;PRY;HIS;CRODRIGUEZ;01_Reunion de Entendimiento;12/06/2026;01:00:00;Cerrada
;REQ 2026-028851;REQ;HCE;CRODRIGUEZ;04_Desarrollo;12/06/2026;08:00:00;Cerrada
;REQ 2026-011346;PRY;SIC;RGREY;04_Desarrollo;12/06/2026;09:30:00;Cerrada
;REQ 2026-028631;REQ;AGENDA CITAS;AMOROMISATO;02_Analisis;12/06/2026;01:30:00;Cerrada
;REQ 2026-028631;REQ;AGENDA CITAS;AMOROMISATO;04_Desarrollo;12/06/2026;07:30:00;Cerrado
;INC 2026-029493;EXP;PORTAL PROVEEDORES;JREBAZA;02_Analisis;12/06/2026;01:20:00;Cerrado
;INC 2026-029662;INC;HCE;JREBAZA;02_Analisis;12/06/2026;01:20:00;Cerrado
;REQ 2026-029714;REQ;SIC;JREBAZA;02_Analisis;12/06/2026;00:30:00;Cerrado
;INC 2026-029667;EXP;HCE;JREBAZA;02_Analisis;12/06/2026;02:00:00;Cerrada
;REQ 2026-014152;REQ;MAC;YSUYCO;02_Analisis;12/06/2026;10:00:00;Cerrada
;INC 2026-029772;EXP;SIC;TMACASSI;02_Analisis;12/06/2026;03:00:00;Cerrada
;REQ 2026-014175;REQ;SIC;TMACASSI;05_Pruebas Unitarias;12/06/2026;06:30:00;Cerrada
;INC 2026-029194;INC;SIC;AGARCIA;02_Analisis;12/06/2026;00:30:00;Cerrada
;REQ 2026-029232;REQ;SIC;AGARCIA;04_Desarrollo;12/06/2026;02:00:00;Cerrada
;REQ 2026-029734;REQ;SIL;AGARCIA;02_Analisis;12/06/2026;02:00:00;Cerrada
;REQ 2026-024708;REQ;SIC;AGARCIA;02_Analisis;12/06/2026;02:00:00;Cerrada
;INC 2026-029194;INC;SIC;AGARCIA;04_Desarrollo;12/06/2026;00:30:00;Cerrada
;REQ 2024-022552;PRY;MAC;AGARCIA;07_Documentación;12/06/2026;02:00:00;Cerrada
;REQ 2026-031132;REQ;SIC;AGARCIA;02_Analisis;12/06/2026;00:30:00;Cerrada
;INC 2026-029667;EXP;HCE;JREBAZA;02_Analisis;12/06/2026;02:00:00;Cerrada
;INC 2026-029667;EXP;HCE;JREBAZA;02_Analisis;12/06/2026;02:10:00;Cerrada
;REQ 2024-023822;PRY;HCE UNIFICADA;MCARRASCO;04_Desarrollo;12/06/2026;10:00:00;Cerrada
;REQ 2024-023822;PRY;HCE UNIFICADA;FPINEDO;04_Desarrollo;12/06/2026;10:00:00;Cerrada
;REQ 2025-003378;PRY;HIS;FGONZALES;04_Desarrollo;12/06/2026;08:00:00;Cerrada
;REQ 2026-029099;REQ;SIC;FGONZALES;04_Desarrollo;12/06/2026;01:00:00;Cerrada
;REQ 2026-029565;EXP;SIC;CGARIBAY;04_Desarrollo;12/06/2026;09:30:00;Cerrada
;REQ 2026-014850;REQ;APP/ WEB;JROSALES;24_Validaciones QA;12/06/2026;06:30:00;Cerrada
;INC 2026-029731;INC;APP/ WEB;JROSALES;02_Analisis;12/06/2026;03:00:00;Cerrada
;REQ 2024-021925;REQ;SIC;SRODRIGUEZ;02_Analisis;24/16/2026;05:00:00;Cerrada
;REQ 2026-029011;REQ;HCE;SRODRIGUEZ;04_Desarrollo;12/06/2026;05:00:00;Cerrada
;REQ 2026-028182;REQ;SAP;PBARDALES;02_Analisis;12/06/2026;01:00:00;Cerrada
;REQ 2026-029327;REQ;SIC;PBARDALES;04_Desarrollo;12/06/2026;01:00:00;Cerrada
;INC 2026-029168;EXP;SIC;PBARDALES;04_Desarrollo;12/06/2026;00:30:00;Cerrada
;REQ 2026-029167;EXP;SAP;PBARDALES;04_Desarrollo;12/06/2026;01:00:00;Cerrada
;REQ 2026-029235;EXP;SIC;PBARDALES;02_Analisis;12/06/2026;00:30:00;Cerrada
;REQ 2026-028784;REQ;SIC;PBARDALES;02_Analisis;12/06/2026;01:30:00;Cerrada
;REQ 2026-029292;REQ;SAP;PBARDALES;02_Analisis;12/06/2026;00:40:00;Cerrada
;REQ 2026-029755;REQ;SAP;PBARDALES;02_Analisis;12/06/2026;00:30:00;Cerrada
;REQ 2026-029029;REQ;SIC;PBARDALES;04_Desarrollo;12/06/2026;01:30:00;Cerrada
;INC 2026-028128;INC;SIC;PBARDALES;02_Analisis;12/06/2026;01:30:00;Cerrada
;REQ 2024-006886;PRY;HIS;CRODRIGUEZ;04_Desarrollo;15/06/2026;03:00:00;Cerrada
;REQ 2024-022552;PRY;MAC;CRODRIGUEZ;04_Desarrollo;15/06/2026;01:00:00;Cerrada
;REQ 2026-028851;REQ;HCE;CRODRIGUEZ;04_Desarrollo;15/06/2026;05:30:00;Cerrada
;REQ 2026-011346;PRY;SIC;RGREY;04_Desarrollo;15/06/2026;09:30:00;Cerrada
;INC 2026-030177;INC;APP/ WEB;JROSALES;02_Analisis;15/06/2026;03:00:00;Cerrada
;INC 2026-030034;EXP;SIC;JROSALES;02_Analisis;15/06/2026;01:30:00;Cerrada
;INC 2026-029948;EXP;SIC;JROSALES;02_Analisis;15/06/2026;01:00:00;Cerrada
;INC 2026-025330;INC;SIC;JROSALES;02_Analisis;15/06/2026;01:20:00;Cerrada
;INC 2026-030086;INC;AGENDA CITAS;JROSALES;02_Analisis;15/06/2026;00:45:00;Cerrada
;REQ 2026-015355;REQ;APP/ WEB;JROSALES;02_Analisis;15/06/2026;02:00:00;Cerrada
;REQ 2026-028631;REQ;AGENDA CITAS;AMOROMISATO;04_Desarrollo;15/06/2026;09:30:00;Cerrada
;INC 2026-029892;INC;SIC;JREBAZA;02_Analisis;15/06/2026;01:00:00;Cerrada
;INC 2026-029893;INC;SIC;JREBAZA;02_Analisis;15/06/2026;00:50:00;Cerrada
;REQ 2026-027867;REQ;MAC;JREBAZA;02_Analisis;15/06/2026;00:30:00;Cerrada
;REQ 2026-028916;REQ;MAC;JREBAZA;02_Analisis;15/06/2026;00:20:00;Cerrada
;REQ 2026-029546;REQ;MAC;JREBAZA;02_Analisis;15/06/2026;00:20:00;Cerrada
;INC 2026-029764;INC;SIC;JREBAZA;02_Analisis;15/06/2026;00:30:00;Cerrada
;REQ 2026-029012;REQ;HCE;JREBAZA;02_Analisis;15/06/2026;00:20:00;Cerrado
;REQ 2026-029439;REQ;MAC;JREBAZA;02_Analisis;15/06/2026;00:30:00;Cerrado
;REQ 2026-029317;REQ;MAC;JREBAZA;02_Analisis;15/06/2026;00:20:00;Cerrado
;REQ 2026-029200;REQ;MAC;JREBAZA;02_Analisis;15/06/2026;00:20:00;Cerrado
;REQ 2026-029721;REQ;MAC;JREBAZA;02_Analisis;15/06/2026;00:20:00;Cerrada
;REQ 2026-029045;REQ;MAC;JREBAZA;02_Analisis;15/06/2026;00:20:00;Cerrada
;REQ 2024-023822;PRY;HCE UNIFICADA;TMACASSI;02_Analisis;15/06/2026;01:30:00;Cerrada
;INC 2026-029686;INC;SIC;TMACASSI;02_Analisis;15/06/2026;01:00:00;Cerrada
;INC 2026-029719;INC;SIC;TMACASSI;02_Analisis;15/06/2026;01:30:00;Cerrada
;REQ 2026-014175;REQ;SIC;TMACASSI;05_Pruebas Unitarias;15/06/2026;05:00:00;Cerrada
;REQ 2024-023822;PRY;HCE UNIFICADA;FPINEDO;04_Desarrollo;15/06/2026;10:00:00;Cerrada
;REQ 2024-022552;PRY;MAC;AGARCIA;07_Documentación;15/06/2026;05:30:00;Cerrada
;INC 2026-024865;INC;SIC;AGARCIA;02_Analisis;15/06/2026;01:20:00;Cerrada
;REQ 2026-024708;REQ;SIC;AGARCIA;01_Reunion de Entendimiento;15/06/2026;00:40:00;Cerrada
;INC 2026-029975;INC;SIC;AGARCIA;04_Desarrollo;15/06/2026;00:20:00;Cerrada
;INC 2026-030205;INC;SIC;AGARCIA;04_Desarrollo;15/06/2026;00:30:00;Cerrada
;INC 2026-030197;INC;SIL;AGARCIA;02_Analisis;15/06/2026;00:40:00;Cerrada
;REQ 2024-023822;PRY;HCE UNIFICADA;MCARRASCO;04_Desarrollo;15/06/2026;10:00:00;Cerrada
;REQ 2026-014152;REQ;MAC;YSUYCO;04_Desarrollo;15/06/2026;10:00:00;Cerrada
;REQ 2026-029317;REQ;MAC;JREBAZA;02_Analisis;15/06/2026;00:20:00;Cerrada
;INC 2026-029813;EXP;SIC;JREBAZA;02_Analisis;15/06/2026;00:50:00;Cerrada
;INC 2026-030010;EXP;PORTAL PROVEEDORES;JREBAZA;02_Analisis;15/06/2026;00:30:00;Cerrada
;REQ 2026-029467;EXP;SIC;JREBAZA;02_Analisis;15/06/2026;02:30:00;Cerrada
;REQ 2024-021925;REQ;SIC;FGONZALES;04_Desarrollo;15/06/2026;06:00:00;Cerrada
;REQ 2026-029565;EXP;SIC;CGARIBAY;05_Pruebas Unitarias;15/06/2026;09:30:00;Cerrada
;REQ 2026-012922;REQ;HCE;JGUILLEN;04_Desarrollo;15/06/2026;08:00:00;Cerrada
;REQ 2026-029011;REQ;HCE;SRODRIGUEZ;04_Desarrollo;15/06/2026;10:00:00;Cerrada
;REQ 2026-029029;REQ;SIC;PBARDALES;04_Desarrollo;15/06/2026;04:00:00;Cerrada
;REQ 2026-014614;REQ;SIC;PBARDALES;02_Analisis;15/06/2026;01:00:00;Cerrada
;REQ 2026-029611;REQ;SIC;PBARDALES;02_Analisis;15/06/2026;01:00:00;Cerrada
;INC 2026-029510;EXP;PORTAL PROVEEDORES;PBARDALES;04_Desarrollo;15/06/2026;01:00:00;Cerrada
;INC 2026-029699;INC;SIC;PBARDALES;02_Analisis;15/06/2026;01:30:00;Cerrada
;REQ 2026-028835;REQ;SIC;PBARDALES;02_Analisis;15/06/2026;00:40:00;Cerrada
;REQ 2026-030091;REQ;SIC;PBARDALES;04_Desarrollo;15/06/2026;00:40:00;Cerrada
;REQ 2024-006886;PRY;HIS;CRODRIGUEZ;04_Desarrollo;16/06/2026;03:30:00;Cerrada
;REQ 2026-028851;REQ;HCE;CRODRIGUEZ;04_Desarrollo;16/06/2026;05:00:00;Cerrada
;REQ 2024-006886;PRY;HIS;CRODRIGUEZ;01_Reunion de Entendimiento;16/06/2026;01:00:00;Cerrada
;REQ 2026-011346;PRY;SIC;RGREY;04_Desarrollo;16/06/2026;09:30:00;Cerrada
;INC 2026-030011;INC;SIC;JROSALES;02_Analisis;16/06/2026;01:45:00;Cerrada
;INC 2026-030396;INC;APP/ WEB;JROSALES;02_Analisis;16/06/2026;01:45:00;Cerrada
;INC 2026-030477;INC;APP/ WEB;JROSALES;02_Analisis;16/06/2026;02:45:00;Cerrada
;INC 2026-030380;INC;APP/ WEB;JROSALES;02_Analisis;16/06/2026;00:45:00;Cerrada
;INC 2026-030368;INC;SIC;JROSALES;02_Analisis;16/06/2026;02:30:00;Cerrada
;REQ 2026-028631;REQ;AGENDA CITAS;AMOROMISATO;04_Desarrollo;16/06/2026;09:30:00;Cerrada
;REQ 2026-014152;REQ;MAC;YSUYCO;05_Pruebas Unitarias;16/06/2026;09:30:00;Cerrada
;REQ 2024-023822;PRY;HCE UNIFICADA;MCARRASCO;04_Desarrollo;16/06/2026;10:00:00;Cerrada
;REQ 2026-029439;REQ;MAC;JREBAZA;02_Analisis;16/06/2026;00:50:00;Cerrada
;INC 2026-030269;INC;HIS;JREBAZA;02_Analisis;16/06/2026;00:50:00;Cerrada
;INC 2026-030289;INC;HIS;JREBAZA;02_Analisis;16/06/2026;00:50:00;Cerrada
;INC 2026-029775;INC;SIC;JREBAZA;02_Analisis;16/06/2026;02:30:00;Cerrada
;REQ 2026-029403;REQ;MAC;JREBAZA;02_Analisis;16/06/2026;00:30:00;Cerrada
;INC 2026-029860;INC;SIC;JREBAZA;02_Analisis;16/06/2026;02:30:00;Cerrada
;REQ 2026-029177;REQ;MAC;JREBAZA;02_Analisis;16/06/2026;00:30:00;Cerrada
;REQ 2026-029506;REQ;SIC;JREBAZA;02_Analisis;16/06/2026;00:50:00;Cerrada
;INC 2026-030483;EXP;SIC;JREBAZA;02_Analisis;16/06/2026;01:30:00;Cerrada
;REQ 2024-023822;PRY;HCE UNIFICADA;FPINEDO;04_Desarrollo;16/06/2026;10:00:00;Cerrada
;REQ 2024-022552;PRY;MAC;AGARCIA;07_Documentación;16/06/2026;07:00:00;Cerrada
;REQ 2026-030998;REQ;SIC;AGARCIA;11_Reunion Interna DEV;16/06/2026;01:00:00;Cerrada
;REQ 2024-022552;PRY;MAC;AGARCIA;11_Reunion Interna DEV;16/06/2026;00:30:00;Cerrada
;INC 2026-030502;INC;SIC;AGARCIA;04_Desarrollo;16/06/2026;00:20:00;Cerrada
;INC 2026-029838;EXP;SIC;AGARCIA;02_Analisis;16/06/2026;01:00:00;Cerrado
;REQ 2026-029565;EXP;SIC;CGARIBAY;06_Pruebas Usuario Final;16/06/2026;09:30:00;Cerrado
;REQ 2026-012922;REQ;HCE;JGUILLEN;04_Desarrollo;16/06/2026;09:30:00;Cerrado
;REQ 2024-021925;REQ;SIC;FGONZALES;04_Desarrollo;16/06/2026;06:00:00;Cerrado
;REQ 2026-032154;REQ;SIC;FGONZALES;11_Reunion Interna DEV;16/06/2026;01:00:00;Cerrado
;REQ 2025-003378;PRY;HIS;FGONZALES;04_Desarrollo;16/06/2026;06:00:00;Cerrado
;REQ 2024-021925;REQ;SIC;SRODRIGUEZ;02_Analisis;16/06/2026;10:00:00;Cerrada
;REQ 2026-029029;REQ;SIC;PBARDALES;04_Desarrollo;16/06/2026;04:00:00;Cerrada
;REQ 2026-030819;REQ;SIC;PBARDALES;04_Desarrollo;16/06/2026;02:00:00;Cerrada
;REQ 2026-030819;REQ;SIC;PBARDALES;04_Desarrollo;16/06/2026;02:00:00;Cerrada
;INC 2026-030073;INC;SIC;PBARDALES;02_Analisis;16/06/2026;00:30:00;Cerrada
;INC 2026-030031;EXP;SAP;PBARDALES;04_Desarrollo;16/06/2026;01:00:00;Cerrada
;REQ 2026-028851;REQ;HCE;CRODRIGUEZ;04_Desarrollo;17/06/2026;06:00:00;Cerrada
;REQ 2024-006886;PRY;HIS;CRODRIGUEZ;04_Desarrollo;17/06/2026;03:30:00;Cerrada
;REQ 2026-011346;PRY;SIC;RGREY;04_Desarrollo;17/06/2026;09:30:00;Cerrada
;REQ 2026-030588;EXP;SIC;JROSALES;02_Analisis;17/06/2026;00:45:00;Cerrada
;REQ 2026-030591;EXP;APP/ WEB;JROSALES;02_Analisis;17/06/2026;00:30:00;Cerrada
;INC 2026-030704;EXP;APP/ WEB;JROSALES;02_Analisis;17/06/2026;00:45:00;Cerrada
;REQ 2026-030738;EXP;SIC;JROSALES;02_Analisis;17/06/2026;00:45:00;Cerrada
;INC 2026-030332;INC;APP/ WEB;JROSALES;02_Analisis;17/06/2026;01:00:00;Cerrada
;INC 2026-030697;INC;APP/ WEB;JROSALES;02_Analisis;17/06/2026;01:00:00;Cerrada
;INC 2026-030742;INC;APP/ WEB;JROSALES;02_Analisis;17/06/2026;01:30:00;Cerrada
;REQ 2026-030626;REQ;MAC;JROSALES;02_Analisis;17/06/2026;00:45:00;Cerrada
;REQ 2026-014850;REQ;APP/ WEB;JROSALES;02_Analisis;17/06/2026;02:30:00;Cerrada
;REQ 2026-028631;REQ;AGENDA CITAS;AMOROMISATO;04_Desarrollo;17/06/2026;09:30:00;Cerrada
;INC 2026-030104;INC;SIC;TMACASSI;02_Analisis;17/06/2026;01:45:00;Cerrada
;REQ 2026-027221;REQ;SIC;TMACASSI;02_Analisis;17/06/2026;02:00:00;Cerrada
;INC 2026-030483;EXP;SIC;JREBAZA;02_Analisis;17/06/2026;02:00:00;Cerrada
;INC 2026-030483;EXP;SIC;JREBAZA;02_Analisis;17/06/2026;01:30:00;Cerrada
;INC 2026-030483;EXP;SIC;JREBAZA;02_Analisis;17/06/2026;01:30:00;Cerrada
;INC 2026-030651;INC;PORTAL PROVEEDORES;JREBAZA;02_Analisis;17/06/2026;00:30:00;Cerrada
;REQ 2026-030411;EXP;HCE;JREBAZA;02_Analisis;17/06/2026;02:00:00;Cerrada
;REQ 2026-014175;REQ;SIC;TMACASSI;05_Pruebas Unitarias;17/06/2026;05:50:00;Cerrada
;REQ 2024-023822;PRY;HCE UNIFICADA;MCARRASCO;04_Desarrollo;17/06/2026;10:00:00;Cerrada
;REQ 2026-030411;EXP;HCE;JREBAZA;02_Analisis;17/06/2026;01:30:00;Cerrada
;INC 2026-030450;EXP;AGENDA CITAS;JREBAZA;02_Analisis;17/06/2026;01:00:00;Cerrada
;REQ 2024-023822;PRY;HCE UNIFICADA;FPINEDO;04_Desarrollo;17/06/2026;10:00:00;Cerrada
;REQ 2024-022552;PRY;MAC;AGARCIA;07_Documentación;17/06/2026;07:00:00;Cerrada
;REQ 2026-032335;REQ;SIC;AGARCIA;19_Reunion Proveedores;17/06/2026;02:00:00;Cerrada
;REQ 2026-030998;REQ;SIC;AGARCIA;07_Documentación;17/06/2026;01:00:00;Cerrada
;REQ 2026-014152;REQ;MAC;YSUYCO;05_Pruebas Unitarias;17/06/2026;10:00:00;Cerrada
;REQ 2026-029565;EXP;SIC;CGARIBAY;07_Documentación;17/06/2026;09:30:00;Cerrada
;REQ 2026-023556;REQ;SIC;JGUILLEN;05_Pruebas Unitarias;17/06/2026;09:30:00;Cerrada
;REQ 2026-030998;REQ;SIC;FGONZALES;11_Reunion Interna DEV;17/06/2026;03:00:00;Cerrada
;REQ 2024-021925;REQ;SIC;FGONZALES;04_Desarrollo;17/06/2026;02:00:00;Cerrada
;REQ 2025-003378;PRY;HIS;FGONZALES;04_Desarrollo;17/06/2026;04:30:00;Cerrada
;REQ 2024-021925;REQ;SIC;SRODRIGUEZ;02_Analisis;17/06/2026;10:00:00;Cerrada
;REQ 2024-023822;PRY;HCE UNIFICADA;MABANTO;17_Capacitaciones;17/06/2026;09:30:00;Cerrada
;REQ 2026-029029;REQ;SIC;PBARDALES;04_Desarrollo;17/06/2026;01:00:00;Cerrada
;REQ 2026-032335;REQ;SIC;PBARDALES;19_Reunion Proveedores;17/06/2026;02:00:00;Cerrada
;REQ 2026-030998;REQ;SIC;PBARDALES;07_Documentación;17/06/2026;01:00:00;Cerrada
;REQ 2026-032154;REQ;SIC;PBARDALES;02_Analisis;17/06/2026;01:30:00;Cerrada
;INC 2026-030107;INC;SIC;PBARDALES;02_Analisis;17/06/2026;01:00:00;Cerrada
;INC 2026-030256;INC;HIS;PBARDALES;02_Analisis;17/06/2026;00:30:00;Cerrada
;REQ 2026-030629;EXP;SIC;PBARDALES;04_Desarrollo;17/06/2026;01:30:00;Cerrada
;REQ 2024-022552;PRY;MAC;CRODRIGUEZ;05_Pruebas Unitarias;18/06/2026;03:30:00;Cerrada
;REQ 2024-006886;PRY;HIS;CRODRIGUEZ;04_Desarrollo;18/06/2026;06:00:00;Cerrada
;REQ 2026-011346;PRY;SIC;RGREY;04_Desarrollo;18/06/2026;09:30:00;Cerrada
;REQ 2024-022552;PRY;MAC;AMOROMISATO;11_Reunion Interna DEV;18/06/2026;00:30:00;Cerrado
;REQ 2026-028631;REQ;AGENDA CITAS;AMOROMISATO;07_Documentación;18/06/2026;08:00:00;Cerrado
;INC 2026-030870;INC;SIC;JREBAZA;02_Analisis;18/06/2026;01:00:00;Cerrado
;INC 2026-030824;INC;SIC;JREBAZA;02_Analisis;18/06/2026;00:40:00;Cerrado
;REQ 2026-030656;REQ;MAC;JREBAZA;02_Analisis;18/06/2026;00:30:00;Cerrado
;REQ 2026-030708;REQ;MAC;JREBAZA;02_Analisis;18/06/2026;00:30:00;Cerrado
;REQ 2026-029763;REQ;SIC;JREBAZA;02_Analisis;18/06/2026;01:30:00;Cerrado
;REQ 2026-014175;REQ;SIC;TMACASSI;07_Documentación;18/06/2026;04:00:00;Cerrado
;REQ 2026-030312;REQ;SIC;TMACASSI;02_Analisis;18/06/2026;01:00:00;Cerrada
;REQ 2026-030863;REQ;MAC;JREBAZA;02_Analisis;18/06/2026;00:30:00;Cerrado
;REQ 2026-030890;REQ;SIC;JREBAZA;02_Analisis;18/06/2026;01:30:00;Cerrado
;INC 2026-030920;INC;PORTAL PROVEEDORES;JREBAZA;02_Analisis;18/06/2026;00:40:00;Cerrada
;REQ 2026-030562;EXP;SIC;JREBAZA;02_Analisis;18/06/2026;02:00:00;Cerrada
;REQ 2026-030562;EXP;SIC;JREBAZA;02_Analisis;18/06/2026;01:10:00;Cerrado
;REQ 2024-023822;PRY;HCE UNIFICADA;FPINEDO;04_Desarrollo;18/06/2026;10:00:00;Cerrado
;REQ 2026-014175;REQ;SIC;TMACASSI;07_Documentación;18/06/2026;04:00:00;Cerrada
;INC 2026-030104;INC;SIC;TMACASSI;02_Analisis;18/06/2026;01:00:00;Cerrada
;REQ 2024-023822;PRY;HCE UNIFICADA;MCARRASCO;04_Desarrollo;18/06/2026;10:00:00;Cerrada
;REQ 2024-022552;PRY;MAC;AGARCIA;07_Documentación;18/06/2026;02:30:00;Cerrada
;REQ 2026-032335;REQ;SIC;AGARCIA;19_Reunion Proveedores;18/06/2026;01:00:00;Cerrada
;REQ 2026-023092;REQ;SIL;AGARCIA;15_Acompañamiento SD;18/06/2026;01:20:00;Cerrada
;REQ 2026-021343;REQ;DATOS;AGARCIA;02_Analisis;18/06/2026;01:20:00;Cerrada
;REQ 2026-030998;REQ;SIC;AGARCIA;07_Documentación;18/06/2026;03:00:00;Cerrada
;INC 2026-030818;INC;SIC;AGARCIA;04_Desarrollo;18/06/2026;00:30:00;Cerrada
;INC 2026-030977;INC;SIC;AGARCIA;02_Analisis;18/06/2026;01:00:00;Cerrada
;REQ 2026-014152;REQ;MAC;YSUYCO;05_Pruebas Unitarias;18/06/2026;10:00:00;Cerrada
;REQ 2026-029565;EXP;SIC;CGARIBAY;08_Desarrollo Iteración;18/06/2026;09:30:00;Cerrada
;REQ 2026-012922;REQ;HCE;JGUILLEN;04_Desarrollo;18/06/2026;09:30:00;Cerrada
;INC 2026-030845;EXP;HCE;JROSALES;02_Analisis;18/06/2026;01:30:00;Cerrada
;REQ 2026-018901;REQ;APP/ WEB;JROSALES;11_Reunion Interna DEV;18/06/2026;01:00:00;Cerrada
;REQ 2026-014839;REQ;AGENDA CITAS;JROSALES;02_Analisis;18/06/2026;03:00:00;Cerrada
;INC 2026-030984;INC;APP/ WEB;JROSALES;02_Analisis;18/06/2026;03:00:00;Cerrada
;REQ 2024-021925;REQ;SIC;FGONZALES;04_Desarrollo;18/06/2026;04:00:00;Cerrada
;REQ 2026-029944;REQ;SIC;FGONZALES;01_Reunion de Entendimiento;18/06/2026;01:00:00;Cerrada
;REQ 2025-003378;PRY;HIS;FGONZALES;04_Desarrollo;18/06/2026;01:30:00;Cerrada
;REQ 2026-029011;REQ;HCE;SRODRIGUEZ;04_Desarrollo;18/06/2026;05:00:00;Cerrada
;REQ 2024-021925;REQ;SIC;SRODRIGUEZ;02_Analisis;18/06/2026;05:00:00;Cerrada
;REQ 2024-023822;PRY;HCE UNIFICADA;MABANTO;01_Reunion de Entendimiento;18/06/2026;05:00:00;Cerrada
;REQ 2024-023822;PRY;HCE UNIFICADA;MABANTO;18_Configuraciones;18/06/2026;05:00:00;Cerrada
;REQ 2026-032335;REQ;SIC;PBARDALES;19_Reunion Proveedores;18/06/2026;03:30:00;Cerrada
;INC 2026-030494;INC;SAP;PBARDALES;02_Analisis;18/06/2026;00:40:00;Cerrada
;REQ 2026-030816;REQ;HIS;PBARDALES;04_Desarrollo;18/06/2026;01:00:00;Cerrada
;REQ 2026-030819;REQ;SIC;PBARDALES;02_Analisis;18/06/2026;00:30:00;Cerrada
;REQ 2026-030998;REQ;SIC;PBARDALES;07_Documentación;18/06/2026;01:00:00;Cerrada
;REQ 2026-030794;REQ;SAP;PBARDALES;02_Analisis;18/06/2026;00:40:00;Cerrada
;REQ 2026-031045;REQ;SIC;PBARDALES;04_Desarrollo;18/06/2026;01:30:00;Cerrada
;INC 2026-031046;INC;SIC;JREBAZA;02_Analisis;19/06/2026;00:40:00;Cerrada
;INC 2026-031039;INC;SIC;JREBAZA;02_Analisis;19/06/2026;01:30:00;Cerrada
;REQ 2026-028918;REQ;SIC;TMACASSI;31_Acompañamiento SD_Datos;19/06/2026;00:30:00;Cerrada
;REQ 2024-023822;PRY;HCE UNIFICADA;TMACASSI;02_Analisis;19/06/2026;01:00:00;Cerrada
;REQ 2026-022981;PRY;SIC;TMACASSI;02_Analisis;19/06/2026;01:30:00;Cerrada
;REQ 2026-031132;REQ;SIC;TMACASSI;02_Analisis;19/06/2026;01:30:00;Cerrada
;REQ 2026-030072;EXP;SIC;TMACASSI;04_Desarrollo;19/06/2026;02:00:00;Cerrada
;REQ 2024-023822;PRY;HCE UNIFICADA;TMACASSI;02_Analisis;19/06/2026;02:30:00;Cerrada
;REQ 2026-031229;EXP;SIC;TMACASSI;04_Desarrollo;19/06/2026;00:30:00;Cerrada
;REQ 2026-023092;REQ;SIL;AGARCIA;02_Analisis;19/06/2026;03:00:00;Cerrada
;INC 2026-031040;INC;SIC;AGARCIA;04_Desarrollo;19/06/2026;00:30:00;Cerrado
;REQ 2026-031132;REQ;SIC;AGARCIA;02_Analisis;19/06/2026;01:00:00;Cerrada
;INC 2026-029838;EXP;SIC;AGARCIA;02_Analisis;19/06/2026;03:00:00;Cerrada
;INC 2026-031222;INC;SIC;AGARCIA;04_Desarrollo;19/06/2026;00:30:00;Cerrada
;REQ 2026-030998;REQ;SIC;AGARCIA;02_Analisis;19/06/2026;01:30:00;Cerrada
;REQ 2026-014152;REQ;MAC;YSUYCO;05_Pruebas Unitarias;19/06/2026;13:00:00;Cerrada
;INC 2026-030961;INC;SIC;JREBAZA;02_Analisis;19/06/2026;01:00:00;Cerrada
;INC 2026-030960;INC;SIC;JREBAZA;02_Analisis;19/06/2026;01:00:00;Cerrada
;INC 2026-030987;INC;SIC;JREBAZA;02_Analisis;19/06/2026;01:30:00;Cerrada
;REQ 2026-030065;REQ;SIC;JREBAZA;02_Analisis;19/06/2026;01:30:00;Cerrada
;INC 2026-031194;INC;SIC;JREBAZA;02_Analisis;19/06/2026;00:30:00;Cerrada
;INC 2026-031227;INC;HIS;JREBAZA;02_Analisis;19/06/2026;01:30:00;Cerrada
;INC 2026-031235;INC;HIS;JREBAZA;02_Analisis;19/06/2026;01:00:00;Cerrada
;REQ 2024-023822;PRY;HCE UNIFICADA;CRODRIGUEZ;01_Reunion de Entendimiento;19/06/2026;03:30:00;Cerrada
;REQ 2026-013917;REQ;SIC;CRODRIGUEZ;02_Analisis;19/06/2026;06:00:00;Cerrada
;REQ 2024-023822;PRY;HCE UNIFICADA;RGREY;02_Analisis;19/06/2026;06:00:00;Cerrada
;REQ 2024-023822;PRY;HCE UNIFICADA;RGREY;01_Reunion de Entendimiento;19/06/2026;02:00:00;Cerrada
;REQ 2026-031234;REQ;HCE;RGREY;02_Analisis;19/06/2026;01:30:00;Cerrada
;REQ 2026-030193;REQ;HCE;CGARIBAY;02_Analisis;19/06/2026;07:30:00;Cerrada
;REQ 2026-030193;REQ;HCE;CGARIBAY;03_Estimación de Actividades;19/06/2026;02:00:00;Cerrada
;REQ 2025-034476;PRY;CHATBOT;AMOROMISATO;09_Acompañamiento QA;19/06/2026;01:00:00;Cerrada
;REQ 2026-028631;REQ;AGENDA CITAS;AMOROMISATO;07_Documentación;19/06/2026;08:30:00;Cerrada
;REQ 2026-022981;PRY;SIC;JGUILLEN;11_Reunion Interna DEV;19/06/2026;01:30:00;Cerrada
;REQ 2026-012922;REQ;HCE;JGUILLEN;04_Desarrollo;19/06/2026;09:30:00;Cerrada
;REQ 2024-023822;PRY;HCE UNIFICADA;FPINEDO;04_Desarrollo;19/06/2026;10:00:00;Cerrada
;REQ 2024-023822;PRY;HCE UNIFICADA;MCARRASCO;04_Desarrollo;19/06/2026;10:00:00;Cerrada
;REQ 2026-031128;EXP;APP/ WEB;JROSALES;02_Analisis;19/06/2026;00:45:00;Cerrada
;INC 2026-031076;INC;HIS;JROSALES;02_Analisis;19/06/2026;01:30:00;Cerrada
;INC 2026-030989;EXP;AGENDA CITAS;JROSALES;02_Analisis;19/06/2026;04:00:00;Cerrada
;INC 2026-031215;EXP;APP/ WEB;JROSALES;02_Analisis;19/06/2026;01:45:00;Cerrada
;INC 2026-031337;EXP;APP/ WEB;JROSALES;02_Analisis;19/06/2026;01:30:00;Cerrada
;REQ 2024-023822;PRY;HCE UNIFICADA;FGONZALES;11_Reunion Interna DEV;19/06/2026;03:00:00;Cerrada
;REQ 2024-021925;REQ;SIC;FGONZALES;04_Desarrollo;19/06/2026;03:00:00;Cerrada
;REQ 2025-003378;PRY;HIS;FGONZALES;04_Desarrollo;19/06/2026;04:00:00;Cerrada
;REQ 2026-029944;REQ;SIC;FGONZALES;07_Documentación;19/06/2026;01:30:00;Cerrada
;REQ 2026-029011;REQ;HCE;SRODRIGUEZ;04_Desarrollo;19/06/2026;10:00:00;Cerrada
;REQ 2024-023822;PRY;HCE UNIFICADA;MABANTO;01_Reunion de Entendimiento;19/06/2026;09:30:00;Cerrada
;REQ 2026-030978;REQ;SAP;PBARDALES;02_Analisis;19/06/2026;00:40:00;Cerrada
;REQ 2026-031129;REQ;SIC;PBARDALES;02_Analisis;19/06/2026;00:40:00;Cerrada
;INC 2026-031140;INC;HCE;PBARDALES;02_Analisis;19/06/2026;01:00:00;Cerrada
;INC 2026-031141;INC;HCE;PBARDALES;02_Analisis;19/06/2026;01:00:00;Cerrada
;REQ 2026-031213;REQ;SAP;PBARDALES;02_Analisis;19/06/2026;01:40:00;Cerrada
;INC 2026-031228;INC;SIC;PBARDALES;02_Analisis;19/06/2026;02:00:00;Cerrada
;INC 2026-031042;INC;SIC;PBARDALES;02_Analisis;19/06/2026;02:30:00;Cerrada
;REQ 2025-034476;PRY;CHATBOT;AMOROMISATO;09_Acompañamiento QA;22/06/2026;01:00:00;Cerrada
;REQ 2026-031127;EXP;MAC;AMOROMISATO;04_Desarrollo;22/06/2026;01:00:00;Cerrada
;REQ 2026-025209;REQ;HCE;AMOROMISATO;02_Analisis;22/06/2026;02:00:00;Cerrada
;REQ 2026-025209;REQ;HCE;AMOROMISATO;03_Estimación de Actividades;22/06/2026;01:00:00;Cerrado
;INC 2026-031108;INC;SIC;TMACASSI;02_Analisis;22/06/2026;02:00:00;Cerrado
;REQ 2026-016325;REQ;SIC;TMACASSI;02_Analisis;22/06/2026;01:30:00;Cerrado
;REQ 2026-014175;REQ;SIC;TMACASSI;07_Documentación;22/06/2026;04:30:00;Cerrado
;REQ 2026-028918;REQ;SIC;TMACASSI;02_Analisis;22/06/2026;00:30:00;Cerrado
;REQ 2026-018360;REQ;SIL;JREBAZA;04_Desarrollo;22/06/2026;01:30:00;Cerrado
;REQ 2026-018360;REQ;SIL;JREBAZA;04_Desarrollo;22/06/2026;01:00:00;Cerrada
;INC 2026-031410;INC;SIC;JREBAZA;02_Analisis;22/06/2026;01:30:00;Cerrada
;INC 2026-031196;INC;SIL;JREBAZA;02_Analisis;22/06/2026;01:00:00;Cerrada
;REQ 2026-031230;REQ;MAC;JREBAZA;02_Analisis;22/06/2026;01:00:00;Cerrado
;INC 2026-031478;INC;PORTAL PROVEEDORES;JREBAZA;02_Analisis;22/06/2026;00:40:00;Cerrada
;INC 2026-031507;INC;SIC;JREBAZA;02_Analisis;22/06/2026;00:40:00;Cerrada
;INC 2026-031216;INC;SIC;JREBAZA;02_Analisis;22/06/2026;01:30:00;Cerrada
;INC 2026-031216;INC;SIC;JREBAZA;02_Analisis;22/06/2026;00:40:00;Cerrada
;REQ 2026-018360;REQ;SIL;JREBAZA;04_Desarrollo;22/06/2026;00:40:00;Cerrada
;REQ 2026-031234;REQ;HCE;RGREY;04_Desarrollo;22/06/2026;09:30:00;Cerrada
;REQ 2026-030193;REQ;HCE;CGARIBAY;04_Desarrollo;22/06/2026;09:30:00;Cerrada
;REQ 2026-025209;REQ;HCE;AMOROMISATO;04_Desarrollo;22/06/2026;04:00:00;Cerrada
;REQ 2026-012922;REQ;HCE;JGUILLEN;04_Desarrollo;22/06/2026;09:30:00;Cerrada
;REQ 2026-013917;REQ;SIC;CRODRIGUEZ;02_Analisis;22/06/2026;06:00:00;Cerrada
;REQ 2024-006886;PRY;HIS;CRODRIGUEZ;04_Desarrollo;22/06/2026;02:30:00;Cerrada
;REQ 2024-023822;PRY;HCE UNIFICADA;FPINEDO;04_Desarrollo;22/06/2026;05:00:00;Cerrada
;REQ 2024-023822;PRY;HCE UNIFICADA;FPINEDO;17_Capacitaciones;22/06/2026;06:00:00;Cerrada
;REQ 2024-023822;PRY;HCE UNIFICADA;MCARRASCO;04_Desarrollo;22/06/2026;10:00:00;Cerrada
;INC 2026-031017;INC;SIC;JROSALES;02_Analisis;22/06/2026;04:00:00;Cerrada
;REQ 2026-031419;EXP;HCE;JROSALES;02_Analisis;22/06/2026;02:30:00;Cerrada
;REQ 2026-031130;REQ;SIC;JROSALES;02_Analisis;22/06/2026;03:30:00;Cerrada
;REQ 2026-014152;REQ;MAC;YSUYCO;05_Pruebas Unitarias;22/06/2026;10:00:00;Cerrada
;INC 2026-029838;EXP;SIC;AGARCIA;19_Reunion Proveedores;22/06/2026;02:00:00;Cerrada
;INC 2026-031400;INC;SIC;AGARCIA;04_Desarrollo;22/06/2026;00:20:00;Cerrada
;INC 2026-031477;INC;SIC;AGARCIA;04_Desarrollo;22/06/2026;00:20:00;Cerrada
;INC 2026-031515;INC;SIC;AGARCIA;04_Desarrollo;22/06/2026;01:00:00;Cerrada
;INC 2026-031535;INC;SIC;AGARCIA;04_Desarrollo;22/06/2026;00:20:00;Cerrada
;INC 2026-031579;INC;SIC;AGARCIA;04_Desarrollo;22/06/2026;00:20:00;Cerrada
;REQ 2026-015880;REQ;SIC;AGARCIA;02_Analisis;22/06/2026;01:30:00;Cerrada
;INC 2026-031640;INC;SIC;AGARCIA;04_Desarrollo;22/06/2026;00:50:00;Cerrada
;REQ 2026-023092;REQ;SIL;AGARCIA;15_Acompañamiento SD;22/06/2026;01:30:00;Cerrada
;INC 2026-031645;INC;SIC;AGARCIA;04_Desarrollo;22/06/2026;01:00:00;Cerrada
;REQ 2026-029011;REQ;HCE;FGONZALES;11_Reunion Interna DEV;22/06/2026;02:00:00;Cerrada
;REQ 2025-003378;PRY;HIS;FGONZALES;04_Desarrollo;22/06/2026;04:00:00;Cerrada
;REQ 2025-003378;PRY;HIS;FGONZALES;05_Pruebas Unitarias;22/06/2026;01:00:00;Cerrada
;REQ 2026-029944;REQ;SIC;FGONZALES;04_Desarrollo;22/06/2026;02:00:00;Cerrada
;REQ 2026-029011;REQ;HCE;SRODRIGUEZ;04_Desarrollo;22/06/2026;10:00:00;Cerrada
;REQ 2024-023822;PRY;HCE UNIFICADA;MABANTO;04_Desarrollo;22/06/2026;09:30:00;Cerrada
;REQ 2026-014175;REQ;SIC;PBARDALES;07_Documentación;22/06/2026;01:00:00;Cerrada
;REQ 2026-030248;REQ;SIC;PBARDALES;02_Analisis;22/06/2026;01:30:00;Cerrada
;INC 2026-030622;INC;HIS;PBARDALES;02_Analisis;22/06/2026;00:40:00;Cerrada
;INC 2026-031649;INC;SIC;PBARDALES;02_Analisis;22/06/2026;00:40:00;Cerrada
;REQ 2026-032335;REQ;SIC;PBARDALES;19_Reunion Proveedores;22/06/2026;03:00:00;Cerrada
;REQ 2026-016325;REQ;SIC;PBARDALES;02_Analisis;22/06/2026;01:30:00;Cerrada
;REQ 2026-031753;REQ;SIC;PBARDALES;02_Analisis;22/06/2026;00:40:00;Cerrada
;REQ 2026-031826;REQ;SIC;PBARDALES;02_Analisis;22/06/2026;00:30:00;Cerrado
;INC 2026-031744;INC;SIC;JREBAZA;02_Analisis;23/06/2026;01:00:00;Cerrado
;INC 2026-031831;INC;SIC;JREBAZA;02_Analisis;23/06/2026;00:50:00;Cerrado
;REQ 2026-030193;REQ;HCE;CGARIBAY;05_Pruebas Unitarias;23/06/2026;04:00:00;Cerrado
;REQ 2026-030193;REQ;HCE;CGARIBAY;07_Documentación;23/06/2026;03:30:00;Cerrada
;REQ 2026-005649;REQ;SIC;CGARIBAY;02_Analisis;23/06/2026;02:00:00;Cerrada
;INC 2026-031108;INC;SIC;TMACASSI;02_Analisis;23/06/2026;01:00:00;Cerrado
;REQ 2026-017224;REQ;SIC;TMACASSI;03_Estimación de Actividades;23/06/2026;08:30:00;Cerrada
;REQ 2025-034476;PRY;CHATBOT;AMOROMISATO;04_Desarrollo;23/06/2026;02:00:00;Cerrada
;REQ 2025-034476;PRY;CHATBOT;AMOROMISATO;05_Pruebas Unitarias;23/06/2026;01:00:00;Cerrada
;REQ 2026-025209;REQ;HCE;AMOROMISATO;04_Desarrollo;23/06/2026;06:30:00;Cerrada
;REQ 2026-012922;REQ;HCE;JGUILLEN;04_Desarrollo;23/06/2026;09:30:00;Cerrada
;REQ 2026-013917;REQ;SIC;CRODRIGUEZ;02_Analisis;23/06/2026;06:00:00;Cerrada
;REQ 2024-023822;PRY;HCE UNIFICADA;FPINEDO;04_Desarrollo;23/06/2026;10:00:00;Cerrada
;REQ 2024-023822;PRY;HCE UNIFICADA;MCARRASCO;04_Desarrollo;23/06/2026;10:00:00;Cerrada
;REQ 2026-031130;REQ;SIC;JROSALES;02_Analisis;23/06/2026;02:00:00;Cerrada
;INC 2026-031768;EXP;SIC;JROSALES;02_Analisis;23/06/2026;03:00:00;Cerrada
;INC 2026-031786;INC;AGENDA CITAS;JROSALES;02_Analisis;23/06/2026;01:00:00;Cerrada
;INC 2026-031765;INC;APP/ WEB;JROSALES;02_Analisis;23/06/2026;00:45:00;Cerrada
;INC 2026-031905;INC;APP/ WEB;JROSALES;02_Analisis;23/06/2026;03:00:00;Cerrada
;REQ 2026-014152;REQ;MAC;YSUYCO;05_Pruebas Unitarias;23/06/2026;12:00:00;Cerrada
;INC 2026-029838;EXP;SIC;AGARCIA;19_Reunion Proveedores;23/06/2026;02:30:00;Cerrada
;REQ 2024-022552;PRY;MAC;AGARCIA;07_Documentación;23/06/2026;04:00:00;Cerrada
;INC 2026-031771;INC;SIC;AGARCIA;04_Desarrollo;23/06/2026;00:25:00;Cerrada
;INC 2026-031477;INC;SIC;AGARCIA;04_Desarrollo;23/06/2026;00:20:00;Cerrada
;INC 2026-031791;INC;SIC;AGARCIA;04_Desarrollo;23/06/2026;00:20:00;Cerrada
;REQ 2026-015880;REQ;SIC;AGARCIA;02_Analisis;23/06/2026;02:00:00;Cerrada
;REQ 2026-031548;REQ;MAC;JREBAZA;02_Analisis;23/06/2026;00:30:00;Cerrada
;REQ 2026-031875;REQ;MAC;JREBAZA;02_Analisis;23/06/2026;00:50:00;Cerrada
;INC 2026-031770;INC;SIC;JREBAZA;02_Analisis;23/06/2026;01:00:00;Cerrada
;REQ 2026-018360;REQ;SIL;JREBAZA;02_Analisis;23/06/2026;02:30:00;Cerrada
;REQ 2026-018360;REQ;SIL;JREBAZA;02_Analisis;23/06/2026;02:00:00;Cerrada
;INC 2026-031425;EXP;SIC;JREBAZA;02_Analisis;23/06/2026;01:20:00;Cerrada
;REQ 2026-029944;REQ;SIC;FGONZALES;04_Desarrollo;23/06/2026;03:00:00;Cerrada
;REQ 2026-029944;REQ;SIC;FGONZALES;05_Pruebas Unitarias;23/06/2026;00:30:00;Cerrada
;REQ 2026-029944;REQ;SIC;FGONZALES;07_Documentación;23/06/2026;02:00:00;Cerrada
;REQ 2026-030435;REQ;SIC;FGONZALES;01_Reunion de Entendimiento;23/06/2026;02:00:00;Cerrada
;REQ 2025-003378;PRY;HIS;FGONZALES;04_Desarrollo;23/06/2026;02:00:00;Cerrada
;REQ 2026-013917;REQ;SIC;CRODRIGUEZ;03_Estimación de Actividades;23/06/2026;01:30:00;Cerrada
;REQ 2026-029011;REQ;HCE;SRODRIGUEZ;04_Desarrollo;23/06/2026;03:00:00;Cerrada
;REQ 2026-011753;REQ;HCE;SRODRIGUEZ;04_Desarrollo;23/06/2026;03:00:00;Cerrada
;REQ 2024-021925;REQ;SIC;SRODRIGUEZ;02_Analisis;23/06/2026;04:00:00;Cerrada
;REQ 2024-023822;PRY;HCE UNIFICADA;MABANTO;04_Desarrollo;23/06/2026;08:30:00;Cerrada
;REQ 2024-023822;PRY;HCE UNIFICADA;MABANTO;09_Acompañamiento QA;23/06/2026;01:00:00;Cerrada
;REQ 2026-031234;REQ;HCE;RGREY;04_Desarrollo;23/06/2026;09:30:00;Cerrada
;REQ 2026-031714;REQ;SIL;PBARDALES;04_Desarrollo;23/06/2026;01:30:00;Cerrada
;REQ 2026-031826;REQ;SIC;PBARDALES;02_Analisis;23/06/2026;01:00:00;Cerrada
;REQ 2026-032335;REQ;SIC;PBARDALES;19_Reunion Proveedores;23/06/2026;03:30:00;Cerrada
;REQ 2026-031713;REQ;SIC;PBARDALES;01_Reunion de Entendimiento;23/06/2026;01:00:00;Cerrada
;REQ 2026-031713;REQ;SIC;PBARDALES;04_Desarrollo;23/06/2026;02:30:00;Cerrada
;INC 2026-031460;INC;SIC;PBARDALES;02_Analisis;23/06/2026;00:20:00;Cerrada
;INC 2026-031982;INC;SIC;JROSALES;02_Analisis;24/06/2026;01:00:00;Cerrada
;INC 2026-032169;INC;SIC;JROSALES;02_Analisis;24/06/2026;02:00:00;Cerrada
;REQ 2026-031487;REQ;MAC;JREBAZA;02_Analisis;24/06/2026;00:20:00;Cerrada
;REQ 2026-031835;REQ;MAC;JREBAZA;02_Analisis;24/06/2026;00:30:00;Cerrada
;REQ 2026-030422;REQ;MAC;JREBAZA;02_Analisis;24/06/2026;00:30:00;Cerrada
;REQ 2026-030429;REQ;MAC;JREBAZA;02_Analisis;24/06/2026;00:30:00;Cerrada
;REQ 2026-030431;REQ;MAC;JREBAZA;02_Analisis;24/06/2026;00:30:00;Cerrada
;REQ 2026-030438;REQ;MAC;JREBAZA;02_Analisis;24/06/2026;00:30:00;Cerrada
;INC 2026-032055;EXP;SIL;JREBAZA;02_Analisis;24/06/2026;00:50:00;Cerrado
;INC 2026-032136;EXP;SIC;JREBAZA;02_Analisis;24/06/2026;00:50:00;Cerrado
;INC 2026-031425;EXP;SIC;JREBAZA;02_Analisis;24/06/2026;02:00:00;Cerrado
;INC 2026-031425;EXP;SIC;JREBAZA;02_Analisis;24/06/2026;01:20:00;Cerrado
;REQ 2024-023822;PRY;HCE UNIFICADA;MABANTO;04_Desarrollo;24/06/2026;09:30:00;Cerrado
;REQ 2026-017224;REQ;SIC;TMACASSI;04_Desarrollo;24/06/2026;08:00:00;Cerrado
;INC 2026-031425;EXP;SIC;JROSALES;02_Analisis;24/06/2026;01:30:00;Cerrado
;INC 2026-032179;INC;SIC;JROSALES;02_Analisis;24/06/2026;02:40:00;Cerrada
;REQ 2026-031562;REQ;MAC;JROSALES;02_Analisis;24/06/2026;00:50:00;Cerrada
;REQ 2026-021343;REQ;DATOS;AGARCIA;02_Analisis;24/06/2026;02:00:00;Cerrada
;REQ 2024-022552;PRY;MAC;AGARCIA;01_Reunion de Entendimiento;24/06/2026;00:30:00;Cerrado
;REQ 2026-031755;EXP;SIC;AGARCIA;04_Desarrollo;24/06/2026;01:30:00;Cerrado
;REQ 2026-023092;REQ;SIL;AGARCIA;15_Acompañamiento SD;24/06/2026;01:30:00;Cerrada
;REQ 2025-003378;PRY;HIS;FGONZALES;04_Desarrollo;24/06/2026;05:00:00;Cerrada
;REQ 2026-017224;REQ;SIC;FGONZALES;11_Reunion Interna DEV;24/06/2026;00:30:00;Cerrado
;REQ 2026-029944;REQ;SIC;FGONZALES;09_Acompañamiento QA;24/06/2026;01:00:00;Cerrada
;REQ 2025-003378;PRY;HIS;FGONZALES;10_Acompañamiento PRD;24/06/2026;01:00:00;Cerrado
;REQ 2026-018360;REQ;SIL;JREBAZA;04_Desarrollo;24/06/2026;02:10:00;Cerrada
;REQ 2026-011346;PRY;SIC;RGREY;04_Desarrollo;24/06/2026;11:00:00;Cerrada
;REQ 2026-031069;EXP;HIS;CRODRIGUEZ;04_Desarrollo;24/06/2026;06:00:00;Cerrada
;REQ 2026-013917;REQ;SIC;CRODRIGUEZ;02_Analisis;24/06/2026;02:00:00;Cerrada
;REQ 2026-015880;REQ;SIC;AGARCIA;02_Analisis;24/06/2026;02:30:00;Cerrada
;INC 2026-031976;EXP;SIC;JGUILLEN;04_Desarrollo;24/06/2026;04:00:00;Cerrada
;REQ 2026-012922;REQ;HCE;JGUILLEN;04_Desarrollo;24/06/2026;06:00:00;Cerrada
;REQ 2026-014152;REQ;MAC;YSUYCO;05_Pruebas Unitarias;24/06/2026;11:00:00;Cerrada
;REQ 2024-024413;REQ;SIC;CGARIBAY;02_Analisis;24/06/2026;09:30:00;Cerrada
;REQ 2024-023822;PRY;HCE UNIFICADA;FPINEDO;04_Desarrollo;24/06/2026;11:30:00;Cerrada
;REQ 2026-029011;REQ;HCE;SRODRIGUEZ;04_Desarrollo;24/06/2026;04:00:00;Cerrada
;REQ 2024-021925;REQ;SIC;SRODRIGUEZ;02_Analisis;24/06/2026;04:00:00;Cerrada
;REQ 2026-025209;REQ;HCE;AMOROMISATO;05_Pruebas Unitarias;24/06/2026;04:30:00;Cerrada
;REQ 2026-025209;REQ;HCE;AMOROMISATO;07_Documentación;24/06/2026;03:30:00;Cerrada
;REQ 2024-023822;PRY;HCE UNIFICADA;MCARRASCO;04_Desarrollo;24/06/2026;10:00:00;Cerrada
;REQ 2026-031713;REQ;SIC;PBARDALES;04_Desarrollo;24/06/2026;04:00:00;Cerrada
;REQ 2025-020052;REQ;SAP;PBARDALES;02_Analisis;24/06/2026;01:00:00;Cerrada
;REQ 2026-031715;REQ;SIC;PBARDALES;04_Desarrollo;24/06/2026;01:00:00;Cerrada
;INC 2026-031780;INC;SIC;PBARDALES;02_Analisis;24/06/2026;00:10:00;Cerrada
;INC 2026-031954;EXP;SAP;PBARDALES;04_Desarrollo;24/06/2026;00:40:00;Cerrada
;REQ 2026-031843;EXP;SIC;PBARDALES;02_Analisis;24/06/2026;01:00:00;Cerrada
;INC 2026-031788;INC;SIC;PBARDALES;02_Analisis;24/06/2026;01:00:00;Cerrada
;INC 2026-031976;EXP;SIC;PBARDALES;04_Desarrollo;24/06/2026;00:40:00;Cerrada
;INC 2026-032250;INC;SIL;JREBAZA;02_Analisis;25/06/2026;01:20:00;Cerrada
;REQ 2026-031177;REQ;MAC;JREBAZA;02_Analisis;25/06/2026;00:20:00;Cerrada
;REQ 2026-032335;REQ;SIC;PBARDALES;01_Reunion de Entendimiento;25/06/2026;04:00:00;Cerrada
;REQ 2026-024324;REQ;GITHUB;RGREY;09_Acompañamiento QA;25/06/2026;04:00:00;Cerrada
;INC 2026-032246;INC;SIC;JREBAZA;02_Analisis;25/06/2026;01:50:00;Cerrada
;REQ 2024-024413;REQ;SIC;CGARIBAY;03_Estimación de Actividades;25/06/2026;01:30:00;Cerrada
;REQ 2024-024413;REQ;SIC;CGARIBAY;04_Desarrollo;25/06/2026;08:00:00;Cerrada
;REQ 2026-031852;REQ;MAC;JREBAZA;02_Analisis;25/06/2026;00:30:00;Cerrada
;REQ 2026-031638;REQ;MAC;JREBAZA;02_Analisis;25/06/2026;00:20:00;Cerrada
;REQ 2026-031641;REQ;MAC;JREBAZA;02_Analisis;25/06/2026;00:20:00;Cerrada
;REQ 2026-018360;REQ;SIL;JREBAZA;11_Reunion Interna DEV;25/06/2026;00:50:00;Cerrada
;REQ 2026-018360;REQ;SIL;JREBAZA;04_Desarrollo;25/06/2026;04:30:00;Cerrada
;REQ 2026-017224;REQ;SIC;TMACASSI;04_Desarrollo;25/06/2026;09:30:00;Cerrada
;INC 2026-032364;INC;SIC;JROSALES;02_Analisis;25/06/2026;01:45:00;Cerrada
;REQ 2026-031203;REQ;MAC;JROSALES;02_Analisis;25/06/2026;00:30:00;Cerrada
;REQ 2026-031932;REQ;MAC;JROSALES;02_Analisis;25/06/2026;00:40:00;Cerrada
;REQ 2026-031848;REQ;SIC;JROSALES;02_Analisis;25/06/2026;00:40:00;Cerrada
;INC 2026-032311;INC;APP/ WEB;JROSALES;02_Analisis;25/06/2026;01:20:00;Cerrada
;INC 2026-032207;EXP;APP/ WEB;JROSALES;02_Analisis;25/06/2026;02:00:00;Cerrada
;REQ 2026-032285;EXP;APP/ WEB;JROSALES;02_Analisis;25/06/2026;02:00:00;Cerrada
;REQ 2026-032249;INC;SIC;JROSALES;02_Analisis;25/06/2026;00:30:00;Cerrada
;REQ 2026-032229;REQ;MAC;JROSALES;02_Analisis;25/06/2026;00:35:00;Cerrada
;REQ 2024-023822;PRY;HCE UNIFICADA;FPINEDO;04_Desarrollo;25/06/2026;13:00:00;Cerrada
;REQ 2026-032335;REQ;SIC;AGARCIA;19_Reunion Proveedores;25/06/2026;04:00:00;Cerrada
;INC 2026-032320;INC;SIC;AGARCIA;04_Desarrollo;25/06/2026;00:30:00;Cerrada
;INC 2026-032320;INC;SIC;AGARCIA;01_Reunion de Entendimiento;25/06/2026;00:30:00;Cerrado
;REQ 2026-015880;REQ;SIC;AGARCIA;02_Analisis;25/06/2026;05:00:00;Cerrado
;REQ 2026-032478;EXP;SIC;PBARDALES;04_Desarrollo;25/06/2026;01:00:00;Cerrado
;REQ 2026-013917;REQ;SIC;CRODRIGUEZ;04_Desarrollo;25/06/2026;09:30:00;Cerrado
;REQ 2026-018360;REQ;SIL;FGONZALES;05_Pruebas Unitarias;25/06/2026;00:50:00;Cerrado
;REQ 2026-011753;REQ;HCE;FGONZALES;05_Pruebas Unitarias;25/06/2026;02:00:00;Cerrado
;REQ 2026-014152;REQ;MAC;FGONZALES;04_Desarrollo;25/06/2026;00:15:00;Cerrado
;REQ 2025-003378;PRY;HIS;FGONZALES;04_Desarrollo;25/06/2026;05:00:00;Cerrada
;REQ 2025-003378;PRY;HIS;FGONZALES;15_Acompañamiento SD;25/06/2026;00:30:00;Cerrada
;REQ 2026-014152;REQ;MAC;YSUYCO;05_Pruebas Unitarias;25/06/2026;09:30:00;Cerrado
;REQ 2024-023822;PRY;HCE UNIFICADA;MABANTO;04_Desarrollo;25/06/2026;09:30:00;Cerrado
;REQ 2026-025209;REQ;HCE;AMOROMISATO;11_Reunion Interna DEV;25/06/2026;01:00:00;Cerrada
;REQ 2026-016325;REQ;SIC;AMOROMISATO;01_Reunion de Entendimiento;25/06/2026;01:00:00;Cerrada
;REQ 2026-011346;PRY;SIC;RGREY;04_Desarrollo;25/06/2026;05:30:00;Cerrada
;REQ 2026-025209;REQ;HCE;AMOROMISATO;07_Documentación;25/06/2026;07:30:00;Cerrada
;REQ 2024-023822;PRY;HCE UNIFICADA;MCARRASCO;04_Desarrollo;25/06/2026;10:00:00;Cerrado
;REQ 2025-020052;REQ;SAP;PBARDALES;02_Analisis;25/06/2026;01:00:00;Cerrada
;REQ 2026-031536;REQ;SIC;PBARDALES;02_Analisis;25/06/2026;00:40:00;Cerrada
;REQ 2026-032060;EXP;SIC;PBARDALES;04_Desarrollo;25/06/2026;00:40:00;Cerrada
;REQ 2026-032004;EXP;SIC;PBARDALES;04_Desarrollo;25/06/2026;00:40:00;Cerrada
;REQ 2026-032154;REQ;SIC;PBARDALES;02_Analisis;25/06/2026;00:20:00;Cerrada
;INC 2026-032193;INC;SIC;PBARDALES;02_Analisis;25/06/2026;00:30:00;Cerrada
;INC 2026-032192;INC;SIC;PBARDALES;02_Analisis;25/06/2026;00:20:00;Cerrada
;REQ 2026-031431;REQ;SIL;PBARDALES;02_Analisis;25/06/2026;00:40:00;Cerrada
;REQ 2026-012922;REQ;HCE;JGUILLEN;04_Desarrollo;25/06/2026;09:30:00;Cerrada
;REQ 2026-011753;REQ;HCE;SRODRIGUEZ;04_Desarrollo;25/06/2026;09:30:00;Cerrada
;INC 2026-032375;INC;SIC;JREBAZA;02_Analisis;26/06/2026;01:30:00;Cerrada
;REQ 2024-024413;REQ;SIC;CGARIBAY;02_Analisis;26/06/2026;09:30:00;Cerrada
;REQ 2026-025209;REQ;HCE;AMOROMISATO;09_Acompañamiento QA;26/06/2026;01:00:00;Cerrada
;INC 2026-032629;INC;APP/ WEB;JROSALES;02_Analisis;26/06/2026;00:45:00;Cerrada
;INC 2026-032587;INC;SIC;JROSALES;02_Analisis;26/06/2026;01:00:00;Cerrada
;INC 2026-032506;INC;SIC;JROSALES;02_Analisis;26/06/2026;01:30:00;Cerrada
;INC 2026-032479;EXP;SIC;JROSALES;02_Analisis;26/06/2026;01:00:00;Cerrada
;REQ 2026-032501;EXP;APP/ WEB;JROSALES;02_Analisis;26/06/2026;01:30:00;Cerrada
;INC 2026-032542;EXP;SIC;JROSALES;02_Analisis;26/06/2026;00:30:00;Cerrada
;INC 2026-032551;EXP;SIC;JROSALES;02_Analisis;26/06/2026;00:30:00;Cerrada
;REQ 2026-032588;REQ;MAC;JROSALES;02_Analisis;26/06/2026;00:45:00;Cerrada
;REQ 2026-032589;REQ;SIC;JROSALES;02_Analisis;26/06/2026;00:45:00;Cerrada
;REQ 2026-032555;REQ;SIC;JROSALES;02_Analisis;26/06/2026;00:45:00;Cerrada
;REQ 2026-032526;REQ;MAC;JROSALES;02_Analisis;26/06/2026;00:30:00;Cerrada
;REQ 2026-021343;REQ;DATOS;PBARDALES;04_Desarrollo;26/06/2026;02:00:00;Cerrada
;REQ 2026-032335;REQ;SIC;PBARDALES;19_Reunion Proveedores;26/06/2026;01:30:00;Cerrada
;REQ 2026-031491;EXP;SIL;PBARDALES;04_Desarrollo;26/06/2026;00:30:00;Cerrada
;REQ 2026-030302;REQ;SAP;PBARDALES;02_Analisis;26/06/2026;00:30:00;Cerrada
;REQ 2026-031439;EXP;SIC;PBARDALES;04_Desarrollo;26/06/2026;00:30:00;Cerrada
;INC 2026-031512;EXP;SAP;PBARDALES;04_Desarrollo;26/06/2026;00:30:00;Cerrada
;REQ 2026-028658;REQ;SIC;PBARDALES;04_Desarrollo;26/06/2026;00:30:00;Cerrada
;REQ 2026-032422;EXP;SIC;PBARDALES;04_Desarrollo;26/06/2026;00:30:00;Cerrada
;INC 2026-032481;INC;SAP;PBARDALES;02_Analisis;26/06/2026;00:20:00;Cerrada
;REQ 2025-020052;REQ;SAP;PBARDALES;02_Analisis;26/06/2026;03:00:00;Cerrada
;REQ 2024-022552;PRY;MAC;AGARCIA;01_Reunion de Entendimiento;26/06/2026;00:50:00;Cerrada
;INC 2026-032550;INC;SIL;AGARCIA;02_Analisis;26/06/2026;00:30:00;Cerrada
;REQ 2026-032167;REQ;SIL;AGARCIA;02_Analisis;26/06/2026;01:30:00;Cerrada
;REQ 2026-032160;REQ;SIC;AGARCIA;02_Analisis;26/06/2026;01:30:00;Cerrada
;REQ 2026-023092;REQ;SIL;AGARCIA;02_Analisis;26/06/2026;01:30:00;Cerrada
;REQ 2026-015880;REQ;SIC;AGARCIA;02_Analisis;26/06/2026;01:30:00;Cerrada
;REQ 2026-018360;REQ;SIL;AGARCIA;02_Analisis;26/06/2026;00:30:00;Cerrada
;REQ 2025-003378;PRY;HIS;FGONZALES;04_Desarrollo;26/06/2026;05:00:00;Cerrada
;REQ 2026-029011;REQ;HCE;FGONZALES;04_Desarrollo;26/06/2026;02:30:00;Cerrada
;REQ 2026-013917;REQ;SIC;CRODRIGUEZ;04_Desarrollo;26/06/2026;06:00:00;Cerrada
;REQ 2024-022552;PRY;MAC;CRODRIGUEZ;04_Desarrollo;26/06/2026;03:30:00;Cerrada
;REQ 2026-011346;PRY;SIC;RGREY;04_Desarrollo;26/06/2026;09:30:00;Cerrada
;REQ 2024-023822;PRY;HCE UNIFICADA;MCARRASCO;04_Desarrollo;26/06/2026;10:00:00;Cerrada
;REQ 2026-016325;REQ;SIC;AMOROMISATO;02_Analisis;26/06/2026;08:30:00;Cerrada
;REQ 2026-018360;REQ;SIL;JREBAZA;04_Desarrollo;26/06/2026;08:30:00;Cerrada
;REQ 2026-014152;REQ;MAC;YSUYCO;09_Acompañamiento QA;26/06/2026;09:30:00;Cerrada
;REQ 2026-012922;REQ;HCE;JGUILLEN;07_Documentación;26/06/2026;09:30:00;Cerrada
;REQ 2024-023822;PRY;HCE UNIFICADA;FPINEDO;04_Desarrollo;26/06/2026;10:00:00;Cerrada
;REQ 2026-011753;REQ;HCE;SRODRIGUEZ;04_Desarrollo;26/06/2026;09:30:00;Cerrada
;REQ 2024-023822;PRY;HCE UNIFICADA;MABANTO;04_Desarrollo;26/06/2026;09:30:00;Cerrada
;INC 2026-032975;INC;SIL;JREBAZA;02_Analisis;30/06/2026;00:40:00;Cerrada
;REQ 2026-025764;REQ;SIL;JREBAZA;02_Analisis;30/06/2026;02:30:00;Cerrada
;REQ 2026-025764;REQ;SIL;JREBAZA;02_Analisis;30/06/2026;02:30:00;Cerrada
;INC 2026-032991;INC;SIC;JREBAZA;02_Analisis;30/06/2026;01:30:00;Cerrada
;REQ 2026-016325;REQ;SIC;TMACASSI;02_Analisis;30/06/2026;00:30:00;Cerrada
;REQ 2026-017224;REQ;SIC;TMACASSI;04_Desarrollo;30/06/2026;09:00:00;Cerrado
;INC 2026-028913;INC;SIC;PBARDALES;02_Analisis;30/06/2026;00:20:00;Cerrado
;REQ 2026-032808;REQ;SIC;PBARDALES;02_Analisis;30/06/2026;00:20:00;Cerrada
;INC 2026-032556;INC;SIC;PBARDALES;02_Analisis;30/06/2026;00:20:00;Cerrada
;REQ 2026-032490;REQ;SIC;PBARDALES;02_Analisis;30/06/2026;00:40:00;Cerrada
;REQ 2026-032875;REQ;SIC;PBARDALES;02_Analisis;30/06/2026;00:20:00;Cerrada
;REQ 2026-032838;EXP;SIC;PBARDALES;04_Desarrollo;30/06/2026;01:00:00;Cerrada
;INC 2026-032884;INC;SIC;PBARDALES;02_Analisis;30/06/2026;00:30:00;Cerrada
;INC 2026-032659;INC;SAP;PBARDALES;02_Analisis;30/06/2026;00:20:00;Cerrada
;REQ 2026-032965;REQ;SIC;PBARDALES;02_Analisis;30/06/2026;00:20:00;Cerrada
;REQ 2026-032562;REQ;SIC;PBARDALES;02_Analisis;30/06/2026;00:30:00;Cerrada
;REQ 2026-032595;REQ;SAP;PBARDALES;02_Analisis;30/06/2026;00:30:00;Cerrada
;REQ 2026-032932;REQ;SAP;PBARDALES;04_Desarrollo;30/06/2026;01:00:00;Cerrada
;REQ 2026-033147;REQ;SIC;PBARDALES;02_Analisis;30/06/2026;00:30:00;Cerrada
;REQ 2026-033128;EXP;SIC;PBARDALES;04_Desarrollo;30/06/2026;01:00:00;Cerrada
;INC 2026-033079;INC;SIC;PBARDALES;02_Analisis;30/06/2026;00:40:00;Cerrada
;REQ 2026-016325;REQ;SIC;PBARDALES;01_Reunion de Entendimiento;30/06/2026;00:40:00;Cerrada
;INC 2026-028046;INC;SAP;PBARDALES;19_Reunion Proveedores;30/06/2026;01:30:00;Cerrada
;REQ 2026-032675;REQ;HCE;JREBAZA;02_Analisis;30/06/2026;02:40:00;Cerrada
;REQ 2024-024413;REQ;SIC;CGARIBAY;04_Desarrollo;30/06/2026;09:30:00;Cerrada
;REQ 2026-013917;REQ;SIC;CRODRIGUEZ;04_Desarrollo;30/06/2026;09:30:00;Cerrada
;REQ 2026-012922;REQ;HCE;JGUILLEN;07_Documentación;30/06/2026;04:00:00;Cerrada
;REQ 2026-029272;REQ;PORTAL PROVEEDORES;JGUILLEN;04_Desarrollo;30/06/2026;05:30:00;Cerrada
;REQ 2024-023822;PRY;HCE UNIFICADA;MCARRASCO;04_Desarrollo;30/06/2026;10:00:00;Cerrada
;REQ 2026-015880;REQ;SIC;AGARCIA;02_Analisis;30/06/2026;03:00:00;Cerrada
;REQ 2026-015880;REQ;SIC;AGARCIA;01_Reunion de Entendimiento;30/06/2026;01:30:00;Cerrada
;REQ 2026-032791;INC;SIC;AGARCIA;02_Analisis;30/06/2026;00:20:00;Cerrada
;REQ 2026-032792;INC;SIC;AGARCIA;02_Analisis;30/06/2026;00:15:00;Cerrada
;REQ 2026-032793;INC;SIC;AGARCIA;02_Analisis;30/06/2026;00:30:00;Cerrada
;REQ 2026-032794;INC;SIC;AGARCIA;04_Desarrollo;30/06/2026;00:15:00;Cerrada
;INC 2026-032996;INC;SIC;AGARCIA;02_Analisis;30/06/2026;00:20:00;Cerrada
;INC 2026-032996;INC;SIC;AGARCIA;02_Analisis;30/06/2026;02:00:00;Cerrada
;REQ 2026-024708;REQ;SIC;AGARCIA;04_Desarrollo;30/06/2026;01:30:00;Cerrada
;INC 2026-032480;INC;SIC;JROSALES;02_Analisis;30/06/2026;02:00:00;Cerrada
;INC 2026-033012;INC;APP/ WEB;JROSALES;02_Analisis;30/06/2026;01:20:00;Cerrada
;INC 2026-032999;INC;SIC;JROSALES;02_Analisis;30/06/2026;01:30:00;Cerrada
;INC 2026-032758;EXP;SIC;JROSALES;02_Analisis;30/06/2026;00:45:00;Cerrada
;INC 2026-032878;EXP;SIC;JROSALES;02_Analisis;30/06/2026;00:45:00;Cerrada
;INC 2026-032902;INC;AGENDA CITAS;JROSALES;02_Analisis;30/06/2026;01:20:00;Cerrada
;REQ 2026-028579;REQ;APP/ WEB;JROSALES;05_Pruebas Unitarias;30/06/2026;02:30:00;Cerrada
;REQ 2024-023822;PRY;HCE UNIFICADA;FPINEDO;04_Desarrollo;30/06/2026;10:00:00;Cerrada
;REQ 2026-033398;REQ;SIRI;AMOROMISATO;04_Desarrollo;30/06/2026;01:30:00;Cerrada
;REQ 2026-025209;REQ;HCE;AMOROMISATO;02_Analisis;30/06/2026;01:00:00;Cerrada
;REQ 2026-014621;REQ;HIS;AMOROMISATO;04_Desarrollo;30/06/2026;07:00:00;Cerrada
;REQ 2026-012922;REQ;HCE;FGONZALES;05_Pruebas Unitarias;30/06/2026;01:00:00;Cerrada
;REQ 2024-021925;REQ;SIC;FGONZALES;09_Acompañamiento QA;30/06/2026;01:00:00;Cerrada
;REQ 2026-014152;REQ;MAC;FGONZALES;11_Reunion Interna DEV;30/06/2026;01:00:00;Cerrada
;REQ 2026-011753;REQ;HCE;FGONZALES;05_Pruebas Unitarias;30/06/2026;02:00:00;Cerrada
;REQ 2025-003378;PRY;HIS;FGONZALES;15_Acompañamiento SD;30/06/2026;01:00:00;Cerrada
;REQ 2025-003378;PRY;HIS;FGONZALES;04_Desarrollo;30/06/2026;01:00:00;Cerrado
;REQ 2025-003378;PRY;HIS;FGONZALES;07_Documentación;30/06/2026;03:00:00;Cerrado
;REQ 2026-011346;PRY;SIC;RGREY;04_Desarrollo;30/06/2026;09:30:00;Cerrado
;REQ 2026-014152;REQ;MAC;YSUYCO;07_Documentación;30/06/2026;09:30:00;Cerrado
;REQ 2026-011753;REQ;HCE;SRODRIGUEZ;07_Documentación;30/06/2026;09:30:00;Cerrado
;REQ 2024-023822;PRY;HCE UNIFICADA;MABANTO;04_Desarrollo;30/06/2026;06:00:00;Cerrado
;REQ 2024-023822;PRY;HCE UNIFICADA;MABANTO;04_Desarrollo;30/06/2026;03:30:00;Cerrado
;REQ 2024-021925;REQ;SIC;RRUIZ;07_Documentación;02/01/2026;09:30:00;Cerrado
;REQ 2024-022552;PRY;MAC;AINGA;02_Analisis;05/01/2026;04:00:00;Cerrado
;REQ 2024-022552;PRY;MAC;AINGA;04_Desarrollo;05/01/2026;02:30:00;Cerrada
;REQ 2024-021925;REQ;SIC;RRUIZ;07_Documentación;05/01/2026;09:30:00;Cerrada
;REQ 2024-022552;PRY;MAC;AINGA;02_Analisis;06/01/2026;04:00:00;Cerrado
;REQ 2024-022552;PRY;MAC;AINGA;02_Analisis;06/01/2026;03:00:00;Cerrada
;REQ 2025-041033;REQ;HIS;RRUIZ;02_Analisis;06/01/2026;09:30:00;Cerrada
;REQ 2024-022552;PRY;MAC;AINGA;04_Desarrollo;06/01/2026;02:30:00;Cerrada
;REQ 2024-022552;PRY;MAC;AINGA;02_Analisis;07/01/2026;15:30:00;Cerrada
;REQ 2025-041033;REQ;HIS;RRUIZ;02_Analisis;07/01/2026;08:00:00;Cerrado
;REQ 2025-042937;REQ;SIC;RRUIZ;02_Analisis;07/01/2026;01:30:00;Cerrada
;REQ 2024-022552;PRY;MAC;AINGA;02_Analisis;08/01/2026;02:30:00;Cerrada
;REQ 2024-022552;PRY;MAC;AINGA;02_Analisis;08/01/2026;07:00:00;Cerrada
;REQ 2024-022552;PRY;MAC;AINGA;02_Analisis;08/01/2026;03:30:00;Cerrada
;REQ 2025-041033;REQ;HIS;RRUIZ;02_Analisis;08/01/2026;07:30:00;Cerrada
;REQ 2025-042937;REQ;SIC;RRUIZ;02_Analisis;08/01/2026;02:00:00;Cerrada
;REQ 2024-022552;PRY;MAC;AINGA;02_Analisis;09/01/2026;09:30:00;Cerrada
;REQ 2025-041033;REQ;HIS;RRUIZ;02_Analisis;09/01/2026;01:00:00;Cerrada
;REQ 2025-041033;REQ;HIS;RRUIZ;02_Analisis;09/01/2026;08:30:00;Cerrada
;REQ 2025-041033;REQ;HIS;RRUIZ;02_Analisis;12/01/2026;08:30:00;Cerrada
;REQ 2026-001688;EXP;SIC;AINGA;02_Analisis;12/01/2026;04:30:00;Cerrado
;REQ 2024-021925;REQ;SIC;RRUIZ;07_Documentación;12/01/2026;01:00:00;Cerrada
;REQ 2025-041033;REQ;HIS;RRUIZ;02_Analisis;13/01/2026;09:30:00;Cerrada
;REQ 2026-001929;EXP;SIC;AINGA;02_Analisis;13/01/2026;04:00:00;Cerrada
;REQ 2026-003857;REQ;DATOS;AINGA;02_Analisis;13/01/2026;02:00:00;Cerrada
;REQ 2026-001688;EXP;SIC;AINGA;04_Desarrollo;13/01/2026;03:00:00;Cerrada
;REQ 2026-001688;EXP;SIC;AINGA;10_Acompañamiento PRD;18/13/2026;00:30:00;Cerrada
;REQ 2026-001929;EXP;SIC;AINGA;20_Reunion Seguimiento;13/01/2026;00:30:00;Cerrada
;REQ 2025-042937;REQ;SIC;RRUIZ;02_Analisis;14/01/2026;09:30:00;Cerrada
;REQ 2026-001929;EXP;SIC;AINGA;02_Analisis;14/01/2026;02:00:00;Cerrada
;REQ 2026-001929;EXP;SIC;AINGA;02_Analisis;14/01/2026;02:00:00;Cerrada
;REQ 2026-001929;EXP;SIC;AINGA;02_Analisis;14/01/2026;03:30:00;Cerrada
;REQ 2026-001929;EXP;SIC;AINGA;14_Seguimiento Requerimiento;14/01/2026;00:30:00;Cerrada
;REQ 2024-022552;PRY;MAC;AINGA;02_Analisis;15/01/2026;03:00:00;Cerrada
;REQ 2026-001929;EXP;SIC;AINGA;02_Analisis;15/01/2026;04:30:00;Cerrada
;REQ 2024-021925;REQ;SIC;RRUIZ;04_Desarrollo;15/01/2026;09:30:00;Cerrada
;REQ 2024-022552;PRY;MAC;AINGA;17_Capacitaciones;15/01/2026;01:00:00;Cerrada
;REQ 2026-001929;EXP;SIC;AINGA;17_Capacitaciones;15/01/2026;01:00:00;Cerrada
;REQ 2024-022552;PRY;MAC;AINGA;02_Analisis;16/01/2026;09:30:00;Cerrada
;REQ 2026-002371;REQ;SIC;RRUIZ;02_Analisis;16/01/2026;02:30:00;Cerrada
;REQ 2024-021925;REQ;SIC;RRUIZ;04_Desarrollo;16/01/2026;07:00:00;Cerrada
;REQ 2024-022552;PRY;MAC;AINGA;02_Analisis;19/01/2026;09:30:00;Cerrada
;REQ 2024-021925;REQ;SIC;RRUIZ;04_Desarrollo;19/01/2026;09:00:00;Cerrada
;REQ 2024-022552;PRY;MAC;AINGA;02_Analisis;18/13/2026;09:30:00;Cerrada
;REQ 2024-021925;REQ;SIC;RRUIZ;05_Pruebas Unitarias;20/01/2026;09:30:00;Cerrada
;REQ 2026-003035;REQ;SIC;AINGA;01_Reunion de Entendimiento;21/01/2026;01:00:00;Cerrada
;REQ 2024-022552;PRY;MAC;AINGA;02_Analisis;21/01/2026;08:30:00;Cerrada
;REQ 2025-041033;REQ;HIS;RRUIZ;05_Pruebas Unitarias;21/01/2026;04:30:00;Cerrada
;REQ 2024-021925;REQ;SIC;RRUIZ;05_Pruebas Unitarias;21/01/2026;05:00:00;Cerrada
;REQ 2024-022552;PRY;MAC;AINGA;04_Desarrollo;22/01/2026;09:30:00;Cerrada
;REQ 2024-021925;REQ;SIC;RRUIZ;05_Pruebas Unitarias;22/01/2026;09:30:00;Cerrada
;REQ 2025-042937;REQ;SIC;RRUIZ;02_Analisis;23/01/2026;05:30:00;Cerrada
;REQ 2024-022552;PRY;MAC;AINGA;04_Desarrollo;23/01/2026;05:30:00;Cerrada
;REQ 2026-002819;REQ;SIC;AINGA;04_Desarrollo;23/01/2026;01:30:00;Cerrada
;REQ 2026-003035;REQ;SIC;AINGA;04_Desarrollo;23/01/2026;01:30:00;Cerrada
;REQ 2026-003448;REQ;SIC;AINGA;04_Desarrollo;23/01/2026;01:00:00;Cerrada
;REQ 2025-041033;REQ;HIS;RRUIZ;05_Pruebas Unitarias;23/01/2026;03:00:00;Cerrada
;REQ 2024-021925;REQ;SIC;RRUIZ;05_Pruebas Unitarias;23/01/2026;01:00:00;Cerrada
;REQ 2026-003857;REQ;DATOS;AINGA;01_Reunion de Entendimiento;26/01/2026;01:00:00;Cerrada
;REQ 2026-002922;REQ;GITHUB;AINGA;02_Analisis;26/01/2026;04:30:00;Cerrada
;REQ 2026-003035;REQ;SIC;AINGA;02_Analisis;26/01/2026;03:00:00;Cerrada
;REQ 2026-003448;REQ;SIC;AINGA;02_Analisis;26/01/2026;01:00:00;Cerrada
;REQ 2026-000485;REQ;SIC;RRUIZ;02_Analisis;26/01/2026;01:00:00;Cerrada
;INC 2026-002097;INC;SIC;RRUIZ;02_Analisis;26/01/2026;01:00:00;Cerrada
;INC 2026-003341;INC;SIC;RRUIZ;02_Analisis;26/01/2026;02:00:00;Cerrada
;REQ 2025-042937;REQ;SIC;RRUIZ;02_Analisis;26/01/2026;02:00:00;Cerrada
;REQ 2024-021925;REQ;SIC;RRUIZ;07_Documentación;26/01/2026;03:30:00;Cerrada
;REQ 2026-003857;REQ;DATOS;AINGA;01_Reunion de Entendimiento;27/01/2026;03:00:00;Cerrada
;REQ 2026-003857;REQ;DATOS;AINGA;01_Reunion de Entendimiento;27/01/2026;02:00:00;Cerrada
;REQ 2025-042937;REQ;SIC;RRUIZ;02_Analisis;27/01/2026;04:00:00;Cerrada
;REQ 2026-003857;REQ;DATOS;AINGA;02_Analisis;27/01/2026;02:00:00;Cerrada
;REQ 2026-003857;REQ;DATOS;AINGA;02_Analisis;27/01/2026;02:30:00;Cerrada
;REQ 2025-041033;REQ;HIS;RRUIZ;05_Pruebas Unitarias;27/01/2026;02:00:00;Cerrada
;REQ 2024-021925;REQ;SIC;RRUIZ;14_Seguimiento Requerimiento;27/01/2026;01:00:00;Cerrada
;REQ 2025-039723;REQ;SIC;RRUIZ;18_Configuraciones;27/01/2026;01:30:00;Cerrada
;INC 2026-003280;INC;SIC;RRUIZ;18_Configuraciones;27/01/2026;01:00:00;Cerrada
;INC 2026-003341;INC;SIC;RRUIZ;02_Analisis;18/13/2026;02:30:00;Cerrada
;REQ 2025-042937;REQ;SIC;RRUIZ;02_Analisis;28/01/2026;04:00:00;Cerrada
;REQ 2026-000485;REQ;SIC;RRUIZ;02_Analisis;28/01/2026;03:00:00;Cerrada
;REQ 2026-003857;REQ;DATOS;AINGA;02_Analisis;28/01/2026;09:30:00;Cerrada
;REQ 2026-003857;REQ;DATOS;AINGA;02_Analisis;29/01/2026;09:30:00;Cerrada
;INC 2026-003280;INC;SIC;RRUIZ;02_Analisis;29/01/2026;02:00:00;Cerrada
;REQ 2026-000485;REQ;SIC;RRUIZ;02_Analisis;29/01/2026;07:30:00;Cerrada
;REQ 2026-003857;REQ;DATOS;AINGA;01_Reunion de Entendimiento;30/01/2026;01:30:00;Cerrada
;REQ 2026-004526;EXP;SIC;AINGA;01_Reunion de Entendimiento;30/01/2026;01:00:00;Cerrada
;REQ 2026-003857;REQ;DATOS;AINGA;02_Analisis;30/01/2026;01:30:00;Cerrada
;REQ 2026-003857;REQ;DATOS;AINGA;02_Analisis;30/01/2026;01:30:00;Cerrada
;REQ 2026-004526;EXP;SIC;AINGA;04_Desarrollo;30/01/2026;02:00:00;Cerrada
;REQ 2026-004526;EXP;SIC;AINGA;20_Reunion Seguimiento;30/01/2026;01:00:00;Cerrada
;INC 2026-003578;INC;SIC;RRUIZ;02_Analisis;30/01/2026;02:30:00;Cerrada
;REQ 2026-000485;REQ;SIC;RRUIZ;04_Desarrollo;30/01/2026;07:00:00;Cerrada
;REQ 2026-003857;REQ;DATOS;AINGA;02_Analisis;02/02/2026;08:30:00;Cerrada
;INC 2026-005010;INC;SIC;RRUIZ;02_Analisis;02/02/2026;01:00:00;Cerrada
;INC 2026-005010;INC;SIC;RRUIZ;02_Analisis;02/02/2026;04:00:00;Cerrada
;REQ 2026-002646;REQ;SIC;RRUIZ;02_Analisis;02/02/2026;02:30:00;Cerrada
;REQ 2026-004412;EXP;SIC;RRUIZ;02_Analisis;02/02/2026;01:30:00;Cerrada
;INC 2026-004983;INC;SPRING;RRUIZ;02_Analisis;02/02/2026;00:30:00;Cerrado
;REQ 2026-003857;REQ;DATOS;AINGA;01_Reunion de Entendimiento;02/02/2026;02:00:00;Cerrado
;REQ 2026-003857;REQ;DATOS;AINGA;02_Analisis;03/02/2026;03:00:00;Cerrado
;REQ 2026-002646;REQ;SIC;RRUIZ;02_Analisis;03/02/2026;02:30:00;Cerrado
;REQ 2026-004412;EXP;SIC;RRUIZ;02_Analisis;03/02/2026;06:00:00;Cerrado
;INC 2026-003341;INC;SIC;RRUIZ;02_Analisis;03/02/2026;01:00:00;Cerrada
;REQ 2026-003857;REQ;DATOS;AINGA;01_Reunion de Entendimiento;03/02/2026;02:00:00;Cerrada
;REQ 2026-003857;REQ;DATOS;AINGA;04_Desarrollo;03/02/2026;05:00:00;Cerrado
;REQ 2026-003857;REQ;DATOS;AINGA;02_Analisis;04/02/2026;01:30:00;Cerrada
;REQ 2026-003857;REQ;DATOS;AINGA;02_Analisis;04/02/2026;01:30:00;Cerrada
;INC 2026-005010;INC;SIC;RRUIZ;02_Analisis;04/02/2026;02:30:00;Cerrada
;REQ 2026-003857;REQ;DATOS;AINGA;01_Reunion de Entendimiento;04/02/2026;01:30:00;Cerrada
;REQ 2026-003857;REQ;DATOS;AINGA;01_Reunion de Entendimiento;04/02/2026;02:30:00;Cerrada
;REQ 2026-003857;REQ;DATOS;AINGA;01_Reunion de Entendimiento;04/02/2026;01:30:00;Cerrada
;REQ 2026-004412;EXP;SIC;RRUIZ;04_Desarrollo;04/02/2026;07:00:00;Cerrada
;REQ 2026-003857;REQ;DATOS;AINGA;02_Analisis;05/02/2026;03:00:00;Cerrada
;REQ 2026-003857;REQ;DATOS;AINGA;02_Analisis;05/02/2026;02:00:00;Cerrada
;REQ 2026-003857;REQ;DATOS;AINGA;02_Analisis;05/02/2026;02:00:00;Cerrada
;REQ 2026-003857;REQ;DATOS;AINGA;02_Analisis;05/02/2026;02:00:00;Cerrada
;REQ 2026-005704;EXP;SIC;RRUIZ;02_Analisis;05/02/2026;03:30:00;Cerrada
;REQ 2026-005709;EXP;SIC;RRUIZ;02_Analisis;05/02/2026;03:00:00;Cerrada
;INC 2026-005010;INC;SIC;RRUIZ;02_Analisis;05/02/2026;03:00:00;Cerrada
;REQ 2026-003857;REQ;DATOS;AINGA;01_Reunion de Entendimiento;05/02/2026;01:30:00;Cerrada
;INC 2026-005010;INC;SIC;RRUIZ;02_Analisis;06/02/2026;03:30:00;Cerrada
;INC 2026-005010;INC;SIC;RRUIZ;02_Analisis;06/02/2026;01:00:00;Cerrada
;REQ 2026-003857;REQ;DATOS;AINGA;02_Analisis;06/02/2026;03:00:00;Cerrada
;REQ 2026-004796;REQ;SAP;AINGA;02_Analisis;06/02/2026;02:30:00;Cerrada
;REQ 2026-004796;REQ;SAP;AINGA;01_Reunion de Entendimiento;06/02/2026;02:00:00;Cerrada
;INC 2026-005010;INC;SIC;RRUIZ;04_Desarrollo;06/02/2026;05:00:00;Cerrada
;REQ 2026-004796;REQ;SAP;AINGA;02_Analisis;09/02/2026;01:30:00;Cerrada
;INC 2026-005010;INC;SIC;RRUIZ;02_Analisis;09/02/2026;02:00:00;Cerrada
;INC 2026-005304;INC;SIC;RRUIZ;02_Analisis;09/02/2026;01:00:00;Cerrada
;REQ 2026-005933;REQ;SIC;RRUIZ;02_Analisis;09/02/2026;04:00:00;Cerrada
;REQ 2026-004796;REQ;SAP;AINGA;01_Reunion de Entendimiento;09/02/2026;01:30:00;Cerrada
;REQ 2026-004796;REQ;SAP;AINGA;04_Desarrollo;09/02/2026;05:00:00;Cerrada
;REQ 2026-004796;REQ;SAP;AINGA;04_Desarrollo;09/02/2026;01:00:00;Cerrada
;REQ 2025-042937;REQ;SIC;RRUIZ;04_Desarrollo;09/02/2026;02:30:00;Cerrada
;REQ 2026-005306;REQ;SIC;RRUIZ;02_Analisis;10/02/2026;01:30:00;Cerrada
;INC 2026-005010;INC;SIC;RRUIZ;02_Analisis;10/02/2026;01:30:00;Cerrada
;REQ 2026-006100;REQ;SIC;RRUIZ;02_Analisis;10/02/2026;01:00:00;Cerrada
;REQ 2026-004796;REQ;SAP;AINGA;02_Analisis;10/02/2026;02:00:00;Cerrada
;REQ 2026-005252;REQ;DATOS;AINGA;02_Analisis;10/02/2026;01:30:00;Cerrada
;REQ 2026-005306;REQ;SIC;RRUIZ;01_Reunion de Entendimiento;10/02/2026;01:00:00;Cerrada
;REQ 2026-005252;REQ;DATOS;AINGA;01_Reunion de Entendimiento;10/02/2026;01:00:00;Cerrada
;REQ 2025-042937;REQ;SIC;RRUIZ;04_Desarrollo;10/02/2026;02:30:00;Cerrada
;REQ 2026-004796;REQ;SAP;AINGA;04_Desarrollo;10/02/2026;02:00:00;Cerrada
;REQ 2026-004796;REQ;SAP;AINGA;04_Desarrollo;10/02/2026;01:00:00;Cerrada
;REQ 2025-041033;REQ;HIS;RRUIZ;05_Pruebas Unitarias;10/02/2026;01:30:00;Cerrada
;INC 2026-005010;INC;SIC;RRUIZ;01_Reunion de Entendimiento;10/02/2026;01:30:00;Cerrada
;REQ 2026-006159;REQ;DATOS;AINGA;01_Reunion de Entendimiento;10/02/2026;01:30:00;Cerrada
;REQ 2024-023822;PRY;HCE UNIFICADA;AINGA;01_Reunion de Entendimiento;11/02/2026;02:00:00;Cerrada
;REQ 2026-006414;PRY;DATOS;AINGA;01_Reunion de Entendimiento;11/02/2026;01:00:00;Cerrada
;INC 2026-005010;INC;SIC;RRUIZ;02_Analisis;11/02/2026;07:00:00;Cerrada
;REQ 2026-003060;REQ;SIC;RRUIZ;02_Analisis;11/02/2026;00:30:00;Cerrada
;REQ 2026-005649;REQ;SIC;AINGA;01_Reunion de Entendimiento;11/02/2026;02:00:00;Cerrada
;REQ 2026-006165;REQ;DATOS;AINGA;04_Desarrollo;11/02/2026;04:30:00;Cerrada
;REQ 2026-006165;REQ;DATOS;AINGA;04_Desarrollo;11/02/2026;01:00:00;Cerrada
;REQ 2025-041033;REQ;HIS;RRUIZ;01_Reunion de Entendimiento;11/02/2026;01:00:00;Cerrado
;REQ 2024-002604;REQ;SIC;RRUIZ;01_Reunion de Entendimiento;11/02/2026;01:00:00;Cerrado
;REQ 2026-006414;PRY;DATOS;ACARRASCO;02_Analisis;11/02/2026;03:00:00;Cerrado
;REQ 2026-006414;PRY;DATOS;ACARRASCO;04_Desarrollo;11/02/2026;07:30:00;Cerrado
;INC 2026-005010;INC;SIC;RRUIZ;02_Analisis;12/02/2026;03:00:00;Cerrado
;REQ 2026-005933;REQ;SIC;RRUIZ;02_Analisis;12/02/2026;03:00:00;Cerrado
;INC 2026-005010;INC;SIC;RRUIZ;02_Analisis;12/02/2026;03:00:00;Cerrada
;INC 2026-005010;INC;SIC;RRUIZ;02_Analisis;12/02/2026;02:30:00;Cerrada
;REQ 2026-006165;REQ;DATOS;AINGA;01_Reunion de Entendimiento;12/02/2026;03:00:00;Cerrada
;REQ 2026-006532;REQ;DATOS;AINGA;01_Reunion de Entendimiento;12/02/2026;01:30:00;Cerrada
;REQ 2026-005649;REQ;SIC;AINGA;01_Reunion de Entendimiento;12/02/2026;00:30:00;Cerrada
;REQ 2025-019525;REQ;SIC;RRUIZ;01_Reunion de Entendimiento;12/02/2026;02:30:00;Cerrada
;REQ 2026-006165;REQ;DATOS;AINGA;04_Desarrollo;12/02/2026;02:00:00;Cerrada
;REQ 2026-006165;REQ;DATOS;AINGA;04_Desarrollo;12/02/2026;01:00:00;Cerrada
;REQ 2026-006532;REQ;DATOS;AINGA;04_Desarrollo;12/02/2026;02:30:00;Cerrada
;REQ 2026-006414;PRY;DATOS;ACARRASCO;04_Desarrollo;12/02/2026;05:00:00;Cerrada
;REQ 2026-006159;REQ;DATOS;ACARRASCO;01_Reunion de Entendimiento;12/02/2026;05:30:00;Cerrada
;REQ 2026-006696;REQ;SIC;AINGA;02_Analisis;13/02/2026;03:00:00;Cerrada
;REQ 2024-002604;REQ;SIC;RRUIZ;02_Analisis;13/02/2026;05:15:00;Cerrada
;REQ 2026-006696;REQ;SIC;AINGA;01_Reunion de Entendimiento;13/02/2026;00:30:00;Cerrada
;REQ 2024-002604;REQ;SIC;RRUIZ;01_Reunion de Entendimiento;13/02/2026;02:30:00;Cerrada
;REQ 2024-002604;REQ;SIC;RRUIZ;01_Reunion de Entendimiento;13/02/2026;03:00:00;Cerrada
;REQ 2024-002604;REQ;SIC;RRUIZ;01_Reunion de Entendimiento;13/02/2026;02:30:00;Cerrada
;REQ 2026-006532;REQ;DATOS;AINGA;04_Desarrollo;13/02/2026;03:00:00;Cerrada
;REQ 2026-005649;REQ;SIC;AINGA;04_Desarrollo;13/02/2026;02:00:00;Cerrada
;REQ 2026-006168;REQ;SIC;ACARRASCO;02_Analisis;13/02/2026;10:30:00;Cerrada
;REQ 2026-006194;REQ;DATOS;AINGA;02_Analisis;16/02/2026;02:00:00;Cerrada
;REQ 2026-006159;REQ;DATOS;AINGA;02_Analisis;16/02/2026;02:00:00;Cerrada
;REQ 2026-006339;REQ;SIC;RRUIZ;02_Analisis;16/02/2026;02:30:00;Cerrada
;REQ 2025-042937;REQ;SIC;RRUIZ;02_Analisis;16/02/2026;02:00:00;Cerrada
;REQ 2026-006532;REQ;DATOS;AINGA;01_Reunion de Entendimiento;16/02/2026;02:00:00;Cerrada
;REQ 2026-006532;REQ;DATOS;AINGA;04_Desarrollo;16/02/2026;01:30:00;Cerrada
;REQ 2026-006194;REQ;DATOS;AINGA;04_Desarrollo;16/02/2026;02:00:00;Cerrada
;REQ 2026-006159;REQ;DATOS;AINGA;04_Desarrollo;16/02/2026;02:00:00;Cerrada
;INC 2026-005010;INC;SIC;RRUIZ;05_Pruebas Unitarias;16/02/2026;04:30:00;Cerrada
;REQ 2025-041033;REQ;HIS;RRUIZ;01_Reunion de Entendimiento;16/02/2026;02:00:00;Cerrada
;REQ 2026-006159;REQ;DATOS;ACARRASCO;02_Analisis;16/02/2026;07:30:00;Cerrada
;REQ 2026-006414;PRY;DATOS;ACARRASCO;02_Analisis;16/02/2026;03:00:00;Cerrada
;INC 2026-005010;INC;SIC;RRUIZ;02_Analisis;17/02/2026;08:30:00;Cerrada
;REQ 2026-006159;REQ;DATOS;AINGA;04_Desarrollo;17/02/2026;09:30:00;Cerrada
;INC 2026-007178;INC;SIC;RRUIZ;14_Seguimiento Requerimiento;17/02/2026;02:30:00;Cerrada
;REQ 2026-006159;REQ;DATOS;ACARRASCO;02_Analisis;17/02/2026;10:30:00;Cerrada
;REQ 2026-005933;REQ;SIC;RRUIZ;02_Analisis;18/02/2026;01:00:00;Cerrada
;REQ 2026-005933;REQ;SIC;RRUIZ;02_Analisis;18/02/2026;03:00:00;Cerrada
;REQ 2025-042937;REQ;SIC;RRUIZ;02_Analisis;18/02/2026;03:00:00;Cerrada
;REQ 2026-006798;REQ;SIC;RRUIZ;01_Reunion de Entendimiento;18/02/2026;01:00:00;Cerrada
;REQ 2026-006159;REQ;DATOS;AINGA;04_Desarrollo;18/02/2026;09:30:00;Cerrada
;REQ 2024-021925;REQ;SIC;RRUIZ;05_Pruebas Unitarias;18/02/2026;01:30:00;Cerrada
;REQ 2026-005933;REQ;SIC;RRUIZ;01_Reunion de Entendimiento;18/02/2026;00:30:00;Cerrada
;REQ 2026-006159;REQ;DATOS;ACARRASCO;04_Desarrollo;18/02/2026;10:30:00;Cerrada
;REQ 2026-006159;REQ;DATOS;AINGA;04_Desarrollo;19/02/2026;11:00:00;Cerrada
;REQ 2026-006159;REQ;DATOS;ACARRASCO;04_Desarrollo;19/02/2026;10:00:00;Cerrada
;REQ 2026-006414;PRY;DATOS;ACARRASCO;01_Reunion de Entendimiento;19/02/2026;01:00:00;Cerrada
;REQ 2025-042937;REQ;SIC;RRUIZ;04_Desarrollo;19/02/2026;08:00:00;Cerrada
;REQ 2026-005933;REQ;SIC;RRUIZ;02_Analisis;19/02/2026;01:30:00;Cerrada
;REQ 2026-006159;REQ;DATOS;AINGA;04_Desarrollo;20/02/2026;11:00:00;Cerrada
;REQ 2026-006159;REQ;DATOS;ACARRASCO;04_Desarrollo;20/02/2026;11:00:00;Cerrada
;REQ 2026-005306;REQ;SIC;RRUIZ;01_Reunion de Entendimiento;20/02/2026;05:00:00;Cerrado
;REQ 2025-042937;REQ;SIC;RRUIZ;04_Desarrollo;20/02/2026;04:30:00;Cerrado
;REQ 2026-006159;REQ;DATOS;AINGA;04_Desarrollo;23/02/2026;10:00:00;Cerrado
;REQ 2026-006159;REQ;DATOS;ACARRASCO;02_Analisis;23/02/2026;03:00:00;Cerrada
;REQ 2026-006159;REQ;DATOS;ACARRASCO;04_Desarrollo;23/02/2026;04:30:00;Cerrada
;REQ 2026-006159;REQ;DATOS;ACARRASCO;01_Reunion de Entendimiento;23/02/2026;01:00:00;Cerrado
;REQ 2026-006159;REQ;DATOS;ACARRASCO;01_Reunion de Entendimiento;23/02/2026;01:00:00;Cerrada
;REQ 2026-006194;REQ;DATOS;ACARRASCO;02_Analisis;23/02/2026;00:30:00;Cerrado
;REQ 2026-006339;REQ;SIC;RRUIZ;04_Desarrollo;23/02/2026;00:30:00;Cerrada
;REQ 2026-007003;REQ;SIC;RRUIZ;02_Analisis;23/02/2026;01:00:00;Cerrada
;REQ 2025-042937;REQ;SIC;RRUIZ;04_Desarrollo;23/02/2026;04:30:00;Cerrada
;REQ 2026-005306;REQ;SIC;RRUIZ;04_Desarrollo;23/02/2026;04:30:00;Cerrada
;REQ 2026-006194;REQ;DATOS;AINGA;04_Desarrollo;24/02/2026;11:00:00;Cerrada
;REQ 2026-006194;REQ;DATOS;ACARRASCO;02_Analisis;24/02/2026;02:00:00;Cerrada
;REQ 2026-006194;REQ;DATOS;ACARRASCO;04_Desarrollo;24/02/2026;08:00:00;Cerrada
;REQ 2026-005306;REQ;SIC;RRUIZ;05_Pruebas Unitarias;24/02/2026;06:00:00;Cerrada
;REQ 2025-042937;REQ;SIC;RRUIZ;05_Pruebas Unitarias;24/02/2026;06:00:00;Cerrada
;REQ 2026-006194;REQ;DATOS;AINGA;04_Desarrollo;25/02/2026;10:30:00;Cerrada
;REQ 2026-006194;REQ;DATOS;ACARRASCO;04_Desarrollo;25/02/2026;05:00:00;Cerrada
;REQ 2026-006194;REQ;DATOS;ACARRASCO;04_Desarrollo;25/02/2026;05:00:00;Cerrada
;REQ 2025-042937;REQ;SIC;RRUIZ;07_Documentación;25/02/2026;03:00:00;Cerrada
;REQ 2026-005306;REQ;SIC;RRUIZ;07_Documentación;25/02/2026;02:00:00;Cerrada
;REQ 2025-019525;REQ;SIC;RRUIZ;01_Reunion de Entendimiento;25/02/2026;00:30:00;Cerrada
;REQ 2024-021925;REQ;SIC;RRUIZ;02_Analisis;25/02/2026;03:30:00;Cerrada
;REQ 2026-006194;REQ;DATOS;AINGA;04_Desarrollo;26/02/2026;10:30:00;Cerrada
;REQ 2026-006414;PRY;DATOS;ACARRASCO;02_Analisis;26/02/2026;02:00:00;Cerrada
;REQ 2026-006414;PRY;DATOS;ACARRASCO;03_Estimación de Actividades;26/02/2026;05:30:00;Cerrada
;REQ 2026-006194;REQ;DATOS;ACARRASCO;02_Analisis;26/02/2026;02:00:00;Cerrada
;REQ 2026-009014;REQ;DATOS;ACARRASCO;01_Reunion de Entendimiento;26/02/2026;01:00:00;Cerrada
;REQ 2024-021925;REQ;SIC;RRUIZ;04_Desarrollo;26/02/2026;03:30:00;Cerrada
;REQ 2024-022552;PRY;MAC;RRUIZ;05_Pruebas Unitarias;26/02/2026;06:00:00;Cerrada
;REQ 2026-006194;REQ;DATOS;AINGA;04_Desarrollo;27/02/2026;09:30:00;Cerrada
;REQ 2024-022552;PRY;MAC;AINGA;09_Acompañamiento QA;27/02/2026;04:00:00;Cerrada
;REQ 2024-021925;REQ;SIC;RRUIZ;04_Desarrollo;27/02/2026;03:00:00;Cerrada
;INC 2026-008769;INC;SIC;RRUIZ;02_Analisis;27/02/2026;05:00:00;Cerrada
;INC 2026-008462;EXP;SIC;RRUIZ;02_Analisis;27/02/2026;01:30:00;Cerrada
;REQ 2026-006194;REQ;DATOS;ACARRASCO;04_Desarrollo;27/02/2026;02:00:00;Cerrada
;REQ 2026-006194;REQ;DATOS;ACARRASCO;04_Desarrollo;27/02/2026;07:00:00;Cerrada
;REQ 2026-009014;REQ;DATOS;ACARRASCO;04_Desarrollo;27/02/2026;01:00:00;Cerrada
;REQ 2024-022552;PRY;MAC;ACARRASCO;09_Acompañamiento QA;27/02/2026;03:00:00;Cerrada
;REQ 2024-021925;REQ;SIC;RRUIZ;01_Reunion de Entendimiento;02/03/2026;00:30:00;Cerrada
;REQ 2026-006159;REQ;DATOS;ACARRASCO;02_Analisis;02/03/2026;02:30:00;Cerrada
;REQ 2026-006159;REQ;DATOS;AINGA;02_Analisis;02/03/2026;02:00:00;Cerrada
;INC 2026-008462;EXP;SIC;RRUIZ;02_Analisis;02/03/2026;04:00:00;Cerrada
;REQ 2026-009014;REQ;DATOS;ACARRASCO;03_Estimación de Actividades;02/03/2026;07:00:00;Cerrada
;REQ 2026-009014;REQ;DATOS;AINGA;03_Estimación de Actividades;02/03/2026;05:30:00;Cerrada
;REQ 2026-009109;EXP;SAP;AINGA;04_Desarrollo;02/03/2026;02:00:00;Cerrada
;REQ 2024-021925;REQ;SIC;RRUIZ;04_Desarrollo;02/03/2026;05:00:00;Cerrada
;REQ 2026-009014;REQ;DATOS;ACARRASCO;03_Estimación de Actividades;03/03/2026;06:00:00;Cerrada
;REQ 2026-006414;PRY;DATOS;ACARRASCO;03_Estimación de Actividades;03/03/2026;02:30:00;Cerrada
;REQ 2026-009305;EXP;SIC;AINGA;04_Desarrollo;03/03/2026;02:00:00;Cerrada
;REQ 2026-009109;EXP;SAP;AINGA;04_Desarrollo;03/03/2026;02:30:00;Cerrada
;REQ 2026-009014;REQ;DATOS;AINGA;04_Desarrollo;03/03/2026;04:00:00;Cerrada
;REQ 2026-006159;REQ;DATOS;AINGA;04_Desarrollo;03/03/2026;01:00:00;Cerrada
;INC 2026-008462;EXP;SIC;RRUIZ;04_Desarrollo;03/03/2026;03:30:00;Cerrada
;REQ 2024-021925;REQ;SIC;RRUIZ;04_Desarrollo;03/03/2026;06:30:00;Cerrada
;REQ 2026-006159;REQ;DATOS;ACARRASCO;14_Seguimiento Requerimiento;03/03/2026;01:00:00;Cerrada
;REQ 2026-009483;REQ;DATOS;AINGA;01_Reunion de Entendimiento;04/03/2026;00:30:00;Cerrada
;INC 2026-009203;EXP;SIC;RRUIZ;02_Analisis;04/03/2026;00:15:00;Cerrada
;INC 2026-009201;EXP;SIC;RRUIZ;02_Analisis;04/03/2026;00:15:00;Cerrada
;REQ 2026-008650;EXP;SIC;RRUIZ;02_Analisis;04/03/2026;00:45:00;Cerrada
;REQ 2026-006414;PRY;DATOS;ACARRASCO;02_Analisis;04/03/2026;00:30:00;Cerrada
;REQ 2026-009014;REQ;DATOS;AINGA;04_Desarrollo;04/03/2026;04:00:00;Cerrada
;REQ 2026-009014;REQ;DATOS;ACARRASCO;04_Desarrollo;04/03/2026;06:30:00;Cerrada
;REQ 2026-009483;REQ;DATOS;AINGA;04_Desarrollo;04/03/2026;02:00:00;Cerrada
;REQ 2026-009014;REQ;DATOS;AINGA;04_Desarrollo;04/03/2026;03:00:00;Cerrada
;REQ 2024-021925;REQ;SIC;RRUIZ;04_Desarrollo;04/03/2026;08:30:00;Cerrada
;REQ 2026-006414;PRY;DATOS;ACARRASCO;10_Acompañamiento PRD;04/03/2026;01:00:00;Cerrada
;REQ 2026-006159;REQ;DATOS;ACARRASCO;14_Seguimiento Requerimiento;04/03/2026;01:30:00;Cerrada
;REQ 2026-009483;REQ;DATOS;AINGA;01_Reunion de Entendimiento;05/03/2026;01:00:00;Cerrada
;REQ 2026-006194;REQ;DATOS;AINGA;01_Reunion de Entendimiento;05/03/2026;01:30:00;Cerrada
;REQ 2026-006414;PRY;DATOS;ACARRASCO;02_Analisis;05/03/2026;01:00:00;Cerrada
;REQ 2024-021925;REQ;SIC;RRUIZ;02_Analisis;05/03/2026;07:30:00;Cerrada
;REQ 2026-005306;REQ;SIC;RRUIZ;02_Analisis;05/03/2026;01:00:00;Cerrada
;REQ 2025-042937;REQ;SIC;RRUIZ;02_Analisis;05/03/2026;01:00:00;Cerrada
;REQ 2026-009014;REQ;DATOS;AINGA;04_Desarrollo;05/03/2026;04:00:00;Cerrada
;REQ 2026-009014;REQ;DATOS;ACARRASCO;04_Desarrollo;05/03/2026;05:00:00;Cerrada
;REQ 2026-009014;REQ;DATOS;ACARRASCO;04_Desarrollo;05/03/2026;02:00:00;Cerrada
;REQ 2026-009014;REQ;DATOS;AINGA;04_Desarrollo;05/03/2026;03:00:00;Cerrada
;REQ 2026-006194;REQ;DATOS;ACARRASCO;14_Seguimiento Requerimiento;05/03/2026;01:30:00;Cerrada
;REQ 2024-021925;REQ;SIC;RRUIZ;01_Reunion de Entendimiento;06/03/2026;02:00:00;Cerrada
;REQ 2026-006194;REQ;DATOS;AINGA;02_Analisis;06/03/2026;07:00:00;Cerrada
;REQ 2026-009014;REQ;DATOS;AINGA;02_Analisis;06/03/2026;02:30:00;Cerrada
;REQ 2024-021925;REQ;SIC;RRUIZ;02_Analisis;06/03/2026;02:00:00;Cerrada
;INC 2026-009201;EXP;SIC;RRUIZ;02_Analisis;06/03/2026;00:30:00;Cerrada
;INC 2026-009203;EXP;SIC;RRUIZ;02_Analisis;06/03/2026;00:30:00;Cerrada
;INC 2026-009626;EXP;SIC;RRUIZ;02_Analisis;06/03/2026;01:30:00;Cerrada
;REQ 2026-006414;PRY;DATOS;ACARRASCO;04_Desarrollo;06/03/2026;02:30:00;Cerrada
;REQ 2025-042937;REQ;SIC;RRUIZ;05_Pruebas Unitarias;06/03/2026;01:00:00;Cerrada
;REQ 2026-005306;REQ;SIC;RRUIZ;05_Pruebas Unitarias;06/03/2026;01:00:00;Cerrada
;REQ 2026-006194;REQ;DATOS;ACARRASCO;14_Seguimiento Requerimiento;06/03/2026;07:00:00;Cerrada
;INC 2026-009626;EXP;SIC;RRUIZ;02_Analisis;09/03/2026;02:00:00;Cerrada
;REQ 2026-006798;REQ;SIC;RRUIZ;02_Analisis;09/03/2026;00:30:00;Cerrada
;REQ 2025-042937;REQ;SIC;RRUIZ;02_Analisis;09/03/2026;01:30:00;Cerrada
;REQ 2026-009483;REQ;DATOS;AINGA;04_Desarrollo;09/03/2026;03:00:00;Cerrada
;REQ 2026-006194;REQ;DATOS;AINGA;04_Desarrollo;09/03/2026;06:30:00;Cerrada
;REQ 2026-006194;REQ;DATOS;ACARRASCO;04_Desarrollo;09/03/2026;03:30:00;Cerrada
;REQ 2024-021925;REQ;SIC;RRUIZ;04_Desarrollo;09/03/2026;03:00:00;Cerrada
;REQ 2024-021925;REQ;SIC;RRUIZ;04_Desarrollo;09/03/2026;02:30:00;Cerrada
;REQ 2026-006414;PRY;DATOS;ACARRASCO;10_Acompañamiento PRD;09/03/2026;03:00:00;Cerrada
;REQ 2026-006414;PRY;DATOS;ACARRASCO;14_Seguimiento Requerimiento;09/03/2026;03:00:00;Cerrada
;REQ 2026-010326;EXP;SIC;RRUIZ;02_Analisis;10/03/2026;05:00:00;Cerrada
;INC 2026-009626;EXP;SIC;RRUIZ;02_Analisis;10/03/2026;00:30:00;Cerrada
;REQ 2026-010211;REQ;SIC;AINGA;04_Desarrollo;10/03/2026;02:00:00;Cerrada
;REQ 2026-010291;REQ;SIC;AINGA;04_Desarrollo;10/03/2026;07:00:00;Cerrada
;REQ 2026-010291;REQ;SIC;ACARRASCO;04_Desarrollo;10/03/2026;05:00:00;Cerrada
;REQ 2026-006414;PRY;DATOS;ACARRASCO;04_Desarrollo;10/03/2026;01:30:00;Cerrada
;REQ 2024-021925;REQ;SIC;RRUIZ;04_Desarrollo;10/03/2026;01:30:00;Cerrada
;REQ 2025-042937;REQ;SIC;RRUIZ;07_Documentación;10/03/2026;02:30:00;Cerrada
;REQ 2026-010289;REQ;SIC;AINGA;11_Reunion Interna DEV;10/03/2026;00:30:00;Cerrada
;REQ 2026-010289;REQ;SIC;ACARRASCO;11_Reunion Interna DEV;10/03/2026;00:30:00;Cerrada
;REQ 2026-006414;PRY;DATOS;ACARRASCO;14_Seguimiento Requerimiento;10/03/2026;03:00:00;Cerrada
;REQ 2026-011358;REQ;DATOS;AINGA;02_Analisis;11/03/2026;09:30:00;Cerrada
;REQ 2026-011358;REQ;DATOS;ACARRASCO;02_Analisis;11/03/2026;08:30:00;Cerrada
;INC 2026-009626;EXP;SIC;RRUIZ;02_Analisis;11/03/2026;03:30:00;Cerrada
;REQ 2024-021925;REQ;SIC;RRUIZ;05_Pruebas Unitarias;11/03/2026;05:00:00;Cerrada
;REQ 2026-010602;REQ;SIC;RRUIZ;11_Reunion Interna DEV;11/03/2026;01:00:00;Cerrada
;REQ 2026-006414;PRY;DATOS;ACARRASCO;14_Seguimiento Requerimiento;11/03/2026;01:30:00;Cerrada
;REQ 2026-011358;REQ;DATOS;ACARRASCO;02_Analisis;12/03/2026;08:30:00;Cerrada
;REQ 2026-011358;REQ;DATOS;AINGA;02_Analisis;12/03/2026;09:00:00;Cerrada
;REQ 2026-006159;REQ;DATOS;AINGA;02_Analisis;12/03/2026;02:00:00;Cerrada
;INC 2026-009626;EXP;SIC;RRUIZ;02_Analisis;12/03/2026;06:30:00;Cerrada
;REQ 2025-042937;REQ;SIC;RRUIZ;07_Documentación;12/03/2026;00:30:00;Cerrada
;REQ 2026-005306;REQ;SIC;RRUIZ;07_Documentación;12/03/2026;00:30:00;Cerrada
;INC 2026-009203;EXP;SIC;RRUIZ;07_Documentación;12/03/2026;00:15:00;Cerrada
;INC 2026-009201;EXP;SIC;RRUIZ;07_Documentación;12/03/2026;00:15:00;Cerrada
;REQ 2026-006414;PRY;DATOS;ACARRASCO;10_Acompañamiento PRD;12/03/2026;01:00:00;Cerrada
;REQ 2026-006159;REQ;DATOS;ACARRASCO;14_Seguimiento Requerimiento;12/03/2026;01:30:00;Cerrada
;REQ 2026-006159;REQ;DATOS;AINGA;02_Analisis;13/03/2026;08:00:00;Cerrada
;REQ 2026-011358;REQ;DATOS;AINGA;02_Analisis;13/03/2026;02:00:00;Cerrada
;REQ 2026-011358;REQ;DATOS;ACARRASCO;02_Analisis;13/03/2026;01:30:00;Cerrada
;REQ 2026-010602;REQ;SIC;RRUIZ;05_Pruebas Unitarias;13/03/2026;09:30:00;Cerrada
;REQ 2026-006159;REQ;DATOS;ACARRASCO;14_Seguimiento Requerimiento;13/03/2026;08:00:00;Cerrada
;REQ 2026-011011;REQ;SIC;AINGA;01_Reunion de Entendimiento;16/03/2026;00:45:00;Cerrada
;REQ 2026-011358;REQ;DATOS;AINGA;02_Analisis;16/03/2026;04:00:00;Cerrada
;REQ 2026-011358;REQ;DATOS;AINGA;02_Analisis;16/03/2026;02:00:00;Cerrada
;REQ 2026-011358;REQ;DATOS;AINGA;02_Analisis;16/03/2026;02:00:00;Cerrada
;REQ 2026-010979;REQ;SIC;RRUIZ;02_Analisis;16/03/2026;00:30:00;Cerrada
;REQ 2026-011358;REQ;DATOS;ACARRASCO;04_Desarrollo;16/03/2026;04:30:00;Cerrado
;REQ 2026-010842;REQ;SIC;ACARRASCO;04_Desarrollo;16/03/2026;01:30:00;Cerrado
;REQ 2026-010842;REQ;SIC;ACARRASCO;04_Desarrollo;16/03/2026;02:00:00;Cerrado
;REQ 2026-010602;REQ;SIC;RRUIZ;04_Desarrollo;16/03/2026;09:00:00;Cerrado
;REQ 2026-006414;PRY;DATOS;ACARRASCO;14_Seguimiento Requerimiento;16/03/2026;01:00:00;Cerrado
;REQ 2026-006414;PRY;DATOS;AINGA;01_Reunion de Entendimiento;17/03/2026;01:30:00;Cerrada
;REQ 2026-010326;EXP;SIC;RRUIZ;01_Reunion de Entendimiento;17/03/2026;00:30:00;Cerrada
;REQ 2026-011358;REQ;DATOS;AINGA;02_Analisis;17/03/2026;06:00:00;Cerrada
;REQ 2026-011358;REQ;DATOS;ACARRASCO;02_Analisis;17/03/2026;04:30:00;Cerrada
;REQ 2026-003857;REQ;DATOS;AINGA;02_Analisis;17/03/2026;02:00:00;Cerrado
;INC 2026-011543;EXP;SIC;RRUIZ;02_Analisis;17/03/2026;00:30:00;Cerrada
;REQ 2026-010625;REQ;SIC;RRUIZ;02_Analisis;17/03/2026;00:30:00;Cerrada
;INC 2026-011551;EXP;SIC;RRUIZ;02_Analisis;17/03/2026;03:00:00;Cerrada
;INC 2026-011549;INC;SIC;RRUIZ;02_Analisis;17/03/2026;00:30:00;Cerrada
;REQ 2026-006414;PRY;DATOS;ACARRASCO;04_Desarrollo;17/03/2026;01:30:00;Cerrada
;REQ 2024-021925;REQ;SIC;RRUIZ;08_Desarrollo Iteración;17/03/2026;03:30:00;Cerrada
;REQ 2026-006414;PRY;DATOS;ACARRASCO;14_Seguimiento Requerimiento;17/03/2026;01:30:00;Cerrada
;REQ 2026-006414;PRY;DATOS;ACARRASCO;14_Seguimiento Requerimiento;17/03/2026;02:00:00;Cerrada
;REQ 2026-006159;REQ;DATOS;AINGA;01_Reunion de Entendimiento;18/03/2026;01:00:00;Cerrada
;REQ 2026-006414;PRY;DATOS;ACARRASCO;02_Analisis;18/03/2026;01:30:00;Cerrada
;INC 2026-011549;INC;SIC;RRUIZ;02_Analisis;18/03/2026;02:00:00;Cerrada
;INC 2026-011551;EXP;SIC;RRUIZ;02_Analisis;18/03/2026;02:30:00;Cerrada
;REQ 2026-011726;REQ;SIC;AINGA;04_Desarrollo;18/03/2026;02:00:00;Cerrada
;REQ 2026-006414;PRY;DATOS;ACARRASCO;04_Desarrollo;18/03/2026;01:30:00;Cerrada
;REQ 2026-006414;PRY;DATOS;ACARRASCO;04_Desarrollo;18/03/2026;04:00:00;Cerrada
;REQ 2026-003857;REQ;DATOS;AINGA;04_Desarrollo;18/03/2026;01:00:00;Cerrada
;REQ 2024-021925;REQ;SIC;RRUIZ;08_Desarrollo Iteración;18/03/2026;03:30:00;Cerrada
;REQ 2026-006159;REQ;DATOS;ACARRASCO;14_Seguimiento Requerimiento;18/03/2026;01:00:00;Cerrada
;REQ 2026-011358;REQ;DATOS;AINGA;01_Reunion de Entendimiento;19/03/2026;01:30:00;Cerrada
;REQ 2026-006414;PRY;DATOS;AINGA;01_Reunion de Entendimiento;19/03/2026;01:00:00;Cerrada
;REQ 2026-011358;REQ;DATOS;ACARRASCO;02_Analisis;19/03/2026;01:30:00;Cerrada
;INC 2026-011549;INC;SIC;RRUIZ;02_Analisis;19/03/2026;03:00:00;Cerrada
;REQ 2026-011726;REQ;SIC;AINGA;04_Desarrollo;19/03/2026;03:00:00;Cerrada
;REQ 2026-011722;REQ;SIC;AINGA;04_Desarrollo;19/03/2026;03:00:00;Cerrada
;REQ 2026-006414;PRY;DATOS;ACARRASCO;04_Desarrollo;19/03/2026;07:00:00;Cerrada
;INC 2026-011551;EXP;SIC;RRUIZ;04_Desarrollo;19/03/2026;02:00:00;Cerrada
;REQ 2024-021925;REQ;SIC;RRUIZ;08_Desarrollo Iteración;19/03/2026;04:30:00;Cerrada
;REQ 2026-006414;PRY;DATOS;ACARRASCO;10_Acompañamiento PRD;19/03/2026;01:00:00;Cerrada
;INC 2026-011549;INC;SIC;RRUIZ;02_Analisis;20/03/2026;06:30:00;Cerrada
;INC 2026-012109;EXP;SIC;RRUIZ;02_Analisis;20/03/2026;02:00:00;Cerrada
;REQ 2026-010842;REQ;SIC;ACARRASCO;04_Desarrollo;20/03/2026;05:00:00;Cerrada
;REQ 2026-010842;REQ;SIC;AINGA;04_Desarrollo;20/03/2026;05:00:00;Cerrada
;REQ 2026-010842;REQ;SIC;ACARRASCO;04_Desarrollo;20/03/2026;03:00:00;Cerrada
;REQ 2026-010842;REQ;SIC;AINGA;04_Desarrollo;20/03/2026;04:30:00;Cerrada
;REQ 2026-006414;PRY;DATOS;ACARRASCO;04_Desarrollo;20/03/2026;01:30:00;Cerrada
;INC 2026-011549;INC;SIC;RRUIZ;01_Reunion de Entendimiento;23/03/2026;00:15:00;Cerrada
;INC 2026-012109;EXP;SIC;RRUIZ;02_Analisis;23/03/2026;04:30:00;Cerrada
;INC 2026-012539;EXP;SIC;RRUIZ;02_Analisis;23/03/2026;00:30:00;Cerrada
;REQ 2025-008088;PRY;SIC;RRUIZ;02_Analisis;23/03/2026;03:00:00;Cerrada
;REQ 2026-011358;REQ;DATOS;AINGA;03_Estimación de Actividades;23/03/2026;01:00:00;Cerrada
;REQ 2026-011722;REQ;SIC;AINGA;04_Desarrollo;23/03/2026;03:30:00;Cerrado
;REQ 2026-011358;REQ;DATOS;AINGA;04_Desarrollo;23/03/2026;01:00:00;Cerrado
;REQ 2026-006414;PRY;DATOS;ACARRASCO;04_Desarrollo;23/03/2026;09:30:00;Cerrado
;REQ 2026-009014;REQ;DATOS;AINGA;04_Desarrollo;23/03/2026;02:30:00;Cerrado
;REQ 2026-013903;REQ;SAP;RRUIZ;05_Pruebas Unitarias;23/03/2026;00:15:00;Cerrado
;REQ 2024-021925;REQ;SIC;RRUIZ;08_Desarrollo Iteración;23/03/2026;01:00:00;Cerrada
;REQ 2026-011722;REQ;SIC;AINGA;11_Reunion Interna DEV;23/03/2026;01:00:00;Cerrada
;REQ 2026-006414;PRY;DATOS;AINGA;01_Reunion de Entendimiento;24/03/2026;01:00:00;Cerrada
;INC 2026-011549;INC;SIC;RRUIZ;01_Reunion de Entendimiento;24/03/2026;00:30:00;Cerrada
;REQ 2026-010842;REQ;SIC;AINGA;02_Analisis;24/03/2026;02:00:00;Cerrada
;REQ 2026-011322;REQ;SIC;RRUIZ;02_Analisis;24/03/2026;01:00:00;Cerrada
;REQ 2026-011722;REQ;SIC;AINGA;04_Desarrollo;24/03/2026;02:00:00;Cerrada
;REQ 2026-003857;REQ;DATOS;AINGA;04_Desarrollo;24/03/2026;01:30:00;Cerrada
;REQ 2026-003857;REQ;DATOS;AINGA;04_Desarrollo;24/03/2026;03:00:00;Cerrada
;REQ 2026-006414;PRY;DATOS;ACARRASCO;04_Desarrollo;24/03/2026;05:00:00;Cerrada
;REQ 2026-006414;PRY;DATOS;ACARRASCO;04_Desarrollo;24/03/2026;01:00:00;Cerrada
;REQ 2026-006414;PRY;DATOS;ACARRASCO;04_Desarrollo;24/03/2026;01:30:00;Cerrada
;REQ 2026-006414;PRY;DATOS;ACARRASCO;04_Desarrollo;24/03/2026;02:00:00;Cerrada
;INC 2026-012109;EXP;SIC;RRUIZ;04_Desarrollo;24/03/2026;04:30:00;Cerrada
;INC 2026-012539;EXP;SIC;RRUIZ;04_Desarrollo;24/03/2026;01:30:00;Cerrada
;REQ 2024-021925;REQ;SIC;RRUIZ;08_Desarrollo Iteración;24/03/2026;02:00:00;Cerrada
;REQ 2026-003857;REQ;DATOS;AINGA;01_Reunion de Entendimiento;25/03/2026;01:00:00;Cerrada
;REQ 2026-003857;REQ;DATOS;ACARRASCO;01_Reunion de Entendimiento;25/03/2026;01:00:00;Cerrada
;REQ 2026-010842;REQ;SIC;AINGA;02_Analisis;25/03/2026;04:00:00;Cerrada
;REQ 2026-010842;REQ;SIC;AINGA;02_Analisis;25/03/2026;02:30:00;Cerrada
;REQ 2026-010981;EXP;SIC;RRUIZ;02_Analisis;25/03/2026;03:00:00;Cerrada
;REQ 2025-008088;PRY;SIC;RRUIZ;02_Analisis;25/03/2026;01:00:00;Cerrada
;REQ 2026-006414;PRY;DATOS;ACARRASCO;04_Desarrollo;25/03/2026;02:00:00;Cerrada
;REQ 2026-006414;PRY;DATOS;ACARRASCO;04_Desarrollo;25/03/2026;02:00:00;Cerrada
;REQ 2026-006414;PRY;DATOS;ACARRASCO;04_Desarrollo;25/03/2026;02:00:00;Cerrada
;REQ 2026-006414;PRY;DATOS;ACARRASCO;04_Desarrollo;25/03/2026;01:30:00;Cerrada
;REQ 2026-010842;REQ;SIC;AINGA;04_Desarrollo;25/03/2026;02:00:00;Cerrada
;REQ 2024-021925;REQ;SIC;RRUIZ;08_Desarrollo Iteración;25/03/2026;05:30:00;Cerrada
;REQ 2026-006414;PRY;DATOS;ACARRASCO;15_Acompañamiento SD;25/03/2026;01:00:00;Cerrada
;REQ 2025-008088;PRY;SIC;RRUIZ;01_Reunion de Entendimiento;26/03/2026;01:00:00;Cerrada
;REQ 2026-010842;REQ;SIC;AINGA;02_Analisis;26/03/2026;09:30:00;Cerrada
;REQ 2026-006414;PRY;DATOS;ACARRASCO;04_Desarrollo;26/03/2026;06:30:00;Cerrada
;INC 2026-012539;EXP;SIC;RRUIZ;04_Desarrollo;26/03/2026;03:00:00;Cerrada
;REQ 2026-010602;REQ;SIC;RRUIZ;05_Pruebas Unitarias;26/03/2026;05:00:00;Cerrada
;REQ 2026-006194;REQ;DATOS;ACARRASCO;14_Seguimiento Requerimiento;26/03/2026;01:00:00;Cerrada
;REQ 2024-021925;REQ;SIC;RRUIZ;01_Reunion de Entendimiento;27/03/2026;01:00:00;Cerrada
;REQ 2026-010842;REQ;SIC;AINGA;02_Analisis;27/03/2026;04:30:00;Cerrada
;INC 2026-012539;EXP;SIC;RRUIZ;02_Analisis;27/03/2026;04:30:00;Cerrada
;REQ 2026-006414;PRY;DATOS;ACARRASCO;04_Desarrollo;27/03/2026;02:00:00;Cerrada
;REQ 2026-006414;PRY;DATOS;ACARRASCO;04_Desarrollo;27/03/2026;07:30:00;Cerrada
;REQ 2026-012289;REQ;SIC;AINGA;04_Desarrollo;27/03/2026;01:00:00;Cerrada
;REQ 2024-021925;REQ;SIC;RRUIZ;05_Pruebas Unitarias;27/03/2026;05:00:00;Cerrada
;REQ 2026-010842;REQ;SIC;AINGA;11_Reunion Interna DEV;27/03/2026;01:00:00;Cerrada
;REQ 2026-006194;REQ;DATOS;ACARRASCO;14_Seguimiento Requerimiento;27/03/2026;01:30:00;Cerrada
;REQ 2026-006194;REQ;DATOS;AINGA;20_Reunion Seguimiento;27/03/2026;02:00:00;Cerrada
;REQ 2026-012289;REQ;SIC;AINGA;01_Reunion de Entendimiento;30/03/2026;01:30:00;Cerrada
;REQ 2026-003857;REQ;DATOS;AINGA;02_Analisis;30/03/2026;02:00:00;Cerrada
;REQ 2026-010842;REQ;SIC;AINGA;02_Analisis;30/03/2026;01:30:00;Cerrada
;REQ 2026-013487;REQ;SIC;AINGA;04_Desarrollo;30/03/2026;01:00:00;Cerrado
;REQ 2026-012272;REQ;HCE;AINGA;04_Desarrollo;30/03/2026;01:00:00;Cerrado
;REQ 2026-012289;REQ;SIC;AINGA;04_Desarrollo;30/03/2026;01:30:00;Cerrado
;REQ 2026-006414;PRY;DATOS;ACARRASCO;04_Desarrollo;30/03/2026;08:00:00;Cerrado
;REQ 2026-013856;EXP;SIC;AINGA;04_Desarrollo;30/03/2026;01:00:00;Cerrado
;REQ 2026-006414;PRY;DATOS;ACARRASCO;04_Desarrollo;30/03/2026;02:00:00;Cerrada
;REQ 2024-021925;REQ;SIC;RRUIZ;08_Desarrollo Iteración;30/03/2026;09:30:00;Cerrada
;REQ 2026-006414;PRY;DATOS;ACARRASCO;01_Reunion de Entendimiento;31/03/2026;02:00:00;Cerrada
;REQ 2026-013487;REQ;SIC;AINGA;02_Analisis;31/03/2026;00:30:00;Cerrada
;REQ 2026-012272;REQ;HCE;AINGA;02_Analisis;31/03/2026;00:30:00;Cerrada
;REQ 2026-006414;PRY;DATOS;ACARRASCO;02_Analisis;31/03/2026;03:00:00;Cerrada
;REQ 2026-014017;EXP;SIC;AINGA;04_Desarrollo;31/03/2026;03:00:00;Cerrada
;REQ 2026-006414;PRY;DATOS;ACARRASCO;04_Desarrollo;31/03/2026;03:30:00;Cerrada
;REQ 2024-021925;REQ;SIC;RRUIZ;04_Desarrollo;31/03/2026;00:40:00;Cerrada
;REQ 2026-010602;REQ;SIC;RRUIZ;05_Pruebas Unitarias;31/03/2026;00:40:00;Cerrada
;REQ 2024-021925;REQ;SIC;RRUIZ;08_Desarrollo Iteración;31/03/2026;00:45:00;Cerrada
;REQ 2024-021925;REQ;SIC;RRUIZ;08_Desarrollo Iteración;31/03/2026;07:00:00;Cerrada
;REQ 2026-014017;EXP;SIC;AINGA;14_Seguimiento Requerimiento;31/03/2026;03:30:00;Cerrada
;REQ 2026-014017;EXP;SIC;ACARRASCO;14_Seguimiento Requerimiento;31/03/2026;01:00:00;Cerrada
;REQ 2026-010842;REQ;SIC;AINGA;24_Analisis_Datos;01/04/2026;02:00:00;Cerrada
;REQ 2026-006194;REQ;DATOS;AINGA;25_Desarrollo_Datos;01/04/2026;01:30:00;Cerrada
;REQ 2026-013883;REQ;SIC;AINGA;25_Desarrollo_Datos;01/04/2026;01:30:00;Cerrada
;REQ 2024-021925;REQ;SIC;RRUIZ;08_Desarrollo Iteración;01/04/2026;09:30:00;Cerrada
;REQ 2026-014290;EXP;SIC;AINGA;25_Desarrollo_Datos;01/04/2026;01:30:00;Cerrada
;REQ 2026-014379;EXP;SIC;AINGA;25_Desarrollo_Datos;01/04/2026;01:30:00;Cerrada
;REQ 2026-006414;PRY;DATOS;ACARRASCO;24_Analisis_Datos;01/04/2026;04:00:00;Cerrada
;REQ 2026-006414;PRY;DATOS;ACARRASCO;25_Desarrollo_Datos;01/04/2026;06:30:00;Cerrada
;REQ 2026-006194;REQ;DATOS;AINGA;30_Reunion Interna DEV_Datos;01/04/2026;01:30:00;Cerrada
;REQ 2026-006194;REQ;DATOS;AINGA;24_Analisis_Datos;06/04/2026;02:00:00;Cerrada
;REQ 2026-013883;REQ;SIC;AINGA;25_Desarrollo_Datos;06/04/2026;02:00:00;Cerrada
;REQ 2026-014393;REQ;DATOS;AINGA;25_Desarrollo_Datos;06/04/2026;02:00:00;Cerrada
;REQ 2026-014394;REQ;DATOS;AINGA;25_Desarrollo_Datos;06/04/2026;02:00:00;Cerrada
;REQ 2025-042937;REQ;SIC;RRUIZ;05_Pruebas Unitarias;06/04/2026;06:00:00;Cerrada
;REQ 2025-042937;REQ;SIC;RRUIZ;11_Reunion Interna DEV;06/04/2026;02:00:00;Cerrada
;REQ 2026-005306;REQ;SIC;RRUIZ;05_Pruebas Unitarias;06/04/2026;01:30:00;Cerrada
;REQ 2026-006414;PRY;DATOS;ACARRASCO;25_Desarrollo_Datos;06/04/2026;02:00:00;Cerrada
;REQ 2026-006414;PRY;DATOS;ACARRASCO;25_Desarrollo_Datos;06/04/2026;05:00:00;Cerrada
;REQ 2026-006414;PRY;DATOS;ACARRASCO;25_Desarrollo_Datos;06/04/2026;02:00:00;Cerrada
;REQ 2026-006414;PRY;DATOS;ACARRASCO;26_Estimacion de Actividades_Datos;06/04/2026;01:00:00;Cerrada
;REQ 2026-013883;REQ;SIC;AINGA;30_Reunion Interna DEV_Datos;06/04/2026;01:00:00;Cerrada
;REQ 2026-006194;REQ;DATOS;AINGA;25_Desarrollo_Datos;07/04/2026;07:00:00;Cerrada
;REQ 2026-013883;REQ;SIC;AINGA;25_Desarrollo_Datos;07/04/2026;01:30:00;Cerrada
;REQ 2026-014394;REQ;DATOS;AINGA;25_Desarrollo_Datos;07/04/2026;01:00:00;Cerrada
;REQ 2025-042937;REQ;SIC;RRUIZ;07_Documentación;07/04/2026;04:30:00;Cerrada
;REQ 2025-042937;REQ;SIC;RRUIZ;01_Reunion de Entendimiento;07/04/2026;00:45:00;Cerrada
;REQ 2026-005306;REQ;SIC;RRUIZ;05_Pruebas Unitarias;07/04/2026;02:30:00;Cerrada
;REQ 2026-005306;REQ;SIC;RRUIZ;11_Reunion Interna DEV;07/04/2026;01:00:00;Cerrada
;REQ 2026-005306;REQ;SIC;RRUIZ;01_Reunion de Entendimiento;07/04/2026;01:30:00;Cerrada
;REQ 2026-006414;PRY;DATOS;ACARRASCO;24_Analisis_Datos;07/04/2026;00:30:00;Cerrada
;REQ 2026-006414;PRY;DATOS;ACARRASCO;25_Desarrollo_Datos;07/04/2026;05:00:00;Cerrada
;REQ 2026-006194;REQ;DATOS;ACARRASCO;27_Seguimiento Requerimiento_Datos;07/04/2026;04:00:00;Cerrada
;REQ 2026-006194;REQ;DATOS;AINGA;25_Desarrollo_Datos;08/04/2026;08:00:00;Cerrada
;REQ 2026-014394;REQ;DATOS;AINGA;25_Desarrollo_Datos;08/04/2026;01:30:00;Cerrado
;REQ 2026-006414;PRY;DATOS;ACARRASCO;24_Analisis_Datos;;02:00:00;Cerrado
;REQ 2026-006414;PRY;DATOS;ACARRASCO;25_Desarrollo_Datos;08/04/2026;03:00:00;Cerrado
;REQ 2026-006414;PRY;DATOS;ACARRASCO;25_Desarrollo_Datos;08/04/2026;04:30:00;Cerrada
;REQ 2026-006194;REQ;DATOS;AINGA;24_Analisis_Datos;;09:30:00;Cerrada
;REQ 2026-015171;EXP;SIC;AINGA;25_Desarrollo_Datos;09/04/2026;01:30:00;Cerrada
;REQ 2026-006414;PRY;DATOS;ACARRASCO;24_Analisis_Datos;09/04/2026;06:00:00;Cerrada
;REQ 2026-006194;REQ;DATOS;ACARRASCO;27_Seguimiento Requerimiento_Datos;09/04/2026;02:30:00;Cerrada
;REQ 2026-006414;PRY;DATOS;ACARRASCO;28_Reunion de Entendimiento_Datos;09/04/2026;01:00:00;Cerrada
;REQ 2026-006194;REQ;DATOS;AINGA;25_Desarrollo_Datos;10/04/2026;09:30:00;Cerrada
;REQ 2026-006414;PRY;DATOS;ACARRASCO;25_Desarrollo_Datos;10/04/2026;08:30:00;Cerrada
;REQ 2026-006414;PRY;DATOS;ACARRASCO;25_Desarrollo_Datos;10/04/2026;01:00:00;Cerrada
;REQ 2026-006194;REQ;DATOS;AINGA;25_Desarrollo_Datos;13/04/2026;02:00:00;Cerrada
;REQ 2026-006414;PRY;DATOS;ACARRASCO;25_Desarrollo_Datos;13/04/2026;02:00:00;Cerrada
;REQ 2026-006414;PRY;DATOS;ACARRASCO;25_Desarrollo_Datos;13/04/2026;02:30:00;Cerrada
;REQ 2026-012289;REQ;SIC;AINGA;25_Desarrollo_Datos;13/04/2026;03:00:00;Cerrada
;REQ 2026-006414;PRY;DATOS;AINGA;28_Reunion de Entendimiento_Datos;13/04/2026;02:00:00;Cerrada
;REQ 2026-006414;PRY;DATOS;ACARRASCO;28_Reunion de Entendimiento_Datos;13/04/2026;04:00:00;Cerrada
;REQ 2026-006414;PRY;DATOS;ACARRASCO;25_Desarrollo_Datos;14/04/2026;02:30:00;Cerrada
;REQ 2026-006414;PRY;DATOS;ACARRASCO;25_Desarrollo_Datos;14/04/2026;02:00:00;Cerrada
;REQ 2026-006414;PRY;DATOS;ACARRASCO;25_Desarrollo_Datos;14/04/2026;01:30:00;Cerrada
;REQ 2026-006414;PRY;DATOS;ACARRASCO;25_Desarrollo_Datos;14/04/2026;02:30:00;Cerrada
;REQ 2026-015762;EXP;DATOS;AINGA;25_Desarrollo_Datos;14/04/2026;02:30:00;Cerrada
;REQ 2026-016474;REQ;SIC;AINGA;25_Desarrollo_Datos;14/04/2026;02:30:00;Cerrada
;REQ 2026-016646;REQ;DATOS;AINGA;25_Desarrollo_Datos;14/04/2026;01:00:00;Cerrada
;REQ 2026-016652;REQ;DATOS;AINGA;25_Desarrollo_Datos;14/04/2026;02:30:00;Cerrada
;REQ 2026-006414;PRY;DATOS;ACARRASCO;25_Desarrollo_Datos;15/04/2026;04:30:00;Cerrada
;REQ 2026-006414;PRY;DATOS;ACARRASCO;25_Desarrollo_Datos;15/04/2026;03:00:00;Cerrada
;REQ 2026-015762;EXP;DATOS;AINGA;25_Desarrollo_Datos;15/04/2026;01:30:00;Cerrada
;REQ 2026-016474;REQ;SIC;AINGA;25_Desarrollo_Datos;15/04/2026;01:30:00;Cerrada
;REQ 2026-016652;REQ;DATOS;AINGA;25_Desarrollo_Datos;15/04/2026;03:00:00;Cerrada
;REQ 2026-016939;REQ;SIC;AINGA;25_Desarrollo_Datos;15/04/2026;01:30:00;Cerrada
;REQ 2026-003857;REQ;DATOS;AINGA;24_Analisis_Datos;16/04/2026;02:30:00;Cerrada
;INC 2026-016319;INC;SIC;AINGA;25_Desarrollo_Datos;16/04/2026;02:00:00;Cerrada
;REQ 2026-006414;PRY;DATOS;ACARRASCO;25_Desarrollo_Datos;16/04/2026;02:00:00;Cerrada
;REQ 2026-006414;PRY;DATOS;ACARRASCO;25_Desarrollo_Datos;16/04/2026;02:30:00;Cerrada
;REQ 2026-006414;PRY;DATOS;ACARRASCO;25_Desarrollo_Datos;16/04/2026;02:30:00;Cerrada
;REQ 2026-006414;PRY;DATOS;ACARRASCO;25_Desarrollo_Datos;16/04/2026;01:30:00;Cerrada
;REQ 2026-016652;REQ;DATOS;AINGA;25_Desarrollo_Datos;16/04/2026;02:00:00;Cerrada
;INC 2026-016319;INC;SIC;AINGA;28_Reunion de Entendimiento_Datos;16/04/2026;01:00:00;Cerrada
;REQ 2026-006414;PRY;DATOS;ACARRASCO;28_Reunion de Entendimiento_Datos;16/04/2026;02:00:00;Cerrada
;REQ 2026-006414;PRY;DATOS;AINGA;30_Reunion Interna DEV_Datos;16/04/2026;02:00:00;Cerrada
;REQ 2026-003857;REQ;DATOS;AINGA;25_Desarrollo_Datos;17/04/2026;01:30:00;Cerrada
;REQ 2026-006414;PRY;DATOS;ACARRASCO;25_Desarrollo_Datos;17/04/2026;01:00:00;Cerrada
;REQ 2026-006414;PRY;DATOS;ACARRASCO;25_Desarrollo_Datos;17/04/2026;02:30:00;Cerrada
;REQ 2026-006414;PRY;DATOS;ACARRASCO;25_Desarrollo_Datos;17/04/2026;02:00:00;Cerrada
;REQ 2026-006414;PRY;DATOS;ACARRASCO;25_Desarrollo_Datos;17/04/2026;01:30:00;Cerrada
;REQ 2026-006414;PRY;DATOS;ACARRASCO;25_Desarrollo_Datos;17/04/2026;01:00:00;Cerrada
;REQ 2026-011358;REQ;DATOS;AINGA;25_Desarrollo_Datos;17/04/2026;03:00:00;Cerrada
;REQ 2026-011358;REQ;DATOS;AINGA;25_Desarrollo_Datos;17/04/2026;01:00:00;Cerrada
;REQ 2026-006414;PRY;DATOS;AINGA;28_Reunion de Entendimiento_Datos;17/04/2026;01:00:00;Cerrada
;REQ 2026-006414;PRY;DATOS;AINGA;28_Reunion de Entendimiento_Datos;17/04/2026;01:00:00;Cerrada
;REQ 2026-006414;PRY;DATOS;ACARRASCO;28_Reunion de Entendimiento_Datos;17/04/2026;01:00:00;Cerrada
;REQ 2026-006414;PRY;DATOS;AINGA;30_Reunion Interna DEV_Datos;17/04/2026;02:00:00;Cerrada
;REQ 2026-006414;PRY;DATOS;ACARRASCO;24_Analisis_Datos;20/04/2026;02:30:00;Cerrada
;REQ 2026-006414;PRY;DATOS;AINGA;25_Desarrollo_Datos;20/04/2026;07:00:00;Cerrada
;REQ 2026-006414;PRY;DATOS;ACARRASCO;25_Desarrollo_Datos;20/04/2026;02:00:00;Cerrada
;REQ 2026-006414;PRY;DATOS;ACARRASCO;25_Desarrollo_Datos;20/04/2026;01:00:00;Cerrado
;REQ 2026-006414;PRY;DATOS;ACARRASCO;25_Desarrollo_Datos;20/04/2026;03:00:00;Cerrada
;REQ 2026-006414;PRY;DATOS;ACARRASCO;25_Desarrollo_Datos;20/04/2026;01:00:00;Cerrada
;REQ 2026-016689;REQ;SIC;AINGA;25_Desarrollo_Datos;20/04/2026;01:30:00;Cerrada
;REQ 2026-003857;REQ;DATOS;AINGA;25_Desarrollo_Datos;21/04/2026;09:30:00;Cerrada
;REQ 2026-006414;PRY;DATOS;ACARRASCO;25_Desarrollo_Datos;21/04/2026;03:00:00;Cerrada
;REQ 2026-006414;PRY;DATOS;ACARRASCO;25_Desarrollo_Datos;21/04/2026;03:00:00;Cerrada
;REQ 2026-006414;PRY;DATOS;ACARRASCO;25_Desarrollo_Datos;21/04/2026;02:00:00;Cerrada
;REQ 2026-006414;PRY;DATOS;ACARRASCO;25_Desarrollo_Datos;21/04/2026;04:00:00;Cerrada
;REQ 2026-003857;REQ;DATOS;ACARRASCO;24_Analisis_Datos;22/04/2026;09:30:00;Cerrada
;REQ 2026-003857;REQ;DATOS;AINGA;25_Desarrollo_Datos;22/04/2026;09:30:00;Cerrada
;REQ 2026-003857;REQ;DATOS;AINGA;25_Desarrollo_Datos;23/04/2026;09:30:00;Cerrada
;REQ 2026-006414;PRY;DATOS;ACARRASCO;25_Desarrollo_Datos;23/04/2026;01:30:00;Cerrada
;REQ 2026-006414;PRY;DATOS;ACARRASCO;25_Desarrollo_Datos;23/04/2026;02:00:00;Cerrada
;REQ 2026-006414;PRY;DATOS;ACARRASCO;25_Desarrollo_Datos;23/04/2026;02:30:00;Cerrada
;REQ 2026-006414;PRY;DATOS;ACARRASCO;25_Desarrollo_Datos;;02:00:00;Cerrada
;REQ 2026-006414;PRY;DATOS;ACARRASCO;25_Desarrollo_Datos;24/04/2026;05:00:00;Cerrada
;REQ 2026-006414;PRY;DATOS;ACARRASCO;25_Desarrollo_Datos;24/04/2026;04:30:00;Cerrada
;REQ 2026-006414;PRY;DATOS;AINGA;25_Desarrollo_Datos;24/04/2026;02:30:00;Cerrada
;REQ 2026-006532;REQ;DATOS;AINGA;25_Desarrollo_Datos;24/04/2026;02:00:00;Cerrada
;REQ 2026-018272;REQ;DATOS;AINGA;25_Desarrollo_Datos;24/04/2026;02:00:00;Cerrada
;REQ 2026-018477;EXP;SIC;AINGA;25_Desarrollo_Datos;24/04/2026;02:00:00;Cerrada
;REQ 2026-006532;REQ;DATOS;AINGA;30_Reunion Interna DEV_Datos;24/04/2026;01:00:00;Cerrada
;REQ 2026-003857;REQ;DATOS;AINGA;25_Desarrollo_Datos;27/04/2026;02:00:00;Cerrada
;REQ 2026-006414;PRY;DATOS;ACARRASCO;25_Desarrollo_Datos;27/04/2026;03:00:00;Cerrada
;REQ 2026-006414;PRY;DATOS;ACARRASCO;25_Desarrollo_Datos;27/04/2026;01:30:00;Cerrada
;REQ 2026-006414;PRY;DATOS;ACARRASCO;25_Desarrollo_Datos;27/04/2026;03:00:00;Cerrada
;REQ 2026-006414;PRY;DATOS;ACARRASCO;25_Desarrollo_Datos;27/04/2026;01:30:00;Cerrada
;REQ 2026-006414;PRY;DATOS;ACARRASCO;25_Desarrollo_Datos;27/04/2026;02:00:00;Cerrada
;REQ 2026-018477;EXP;SIC;AINGA;25_Desarrollo_Datos;27/04/2026;06:00:00;Cerrada
;REQ 2026-003857;REQ;DATOS;AINGA;28_Reunion de Entendimiento_Datos;27/04/2026;01:30:00;Cerrada
;REQ 2026-003857;REQ;DATOS;AINGA;25_Desarrollo_Datos;29/04/2026;02:00:00;Cerrada
;REQ 2026-003857;REQ;DATOS;AINGA;25_Desarrollo_Datos;29/04/2026;02:00:00;Cerrada
;REQ 2026-006194;REQ;DATOS;AINGA;25_Desarrollo_Datos;29/04/2026;00:30:00;Cerrada
;REQ 2026-006414;PRY;DATOS;ACARRASCO;25_Desarrollo_Datos;;09:30:00;Cerrada
;REQ 2026-016652;REQ;DATOS;AINGA;25_Desarrollo_Datos;;03:00:00;Cerrada
;REQ 2026-018477;EXP;SIC;AINGA;25_Desarrollo_Datos;29/04/2026;02:00:00;Cerrada
;REQ 2026-003857;REQ;DATOS;AINGA;25_Desarrollo_Datos;30/04/2026;02:30:00;Cerrada
;REQ 2026-003857;REQ;DATOS;AINGA;25_Desarrollo_Datos;30/04/2026;03:00:00;Cerrada
;REQ 2026-003857;REQ;DATOS;AINGA;25_Desarrollo_Datos;30/04/2026;01:00:00;Cerrada
;REQ 2026-019699;EXP;SIC;AINGA;25_Desarrollo_Datos;30/04/2026;01:30:00;Cerrada
;REQ 2026-020119;EXP;SIC;AINGA;25_Desarrollo_Datos;30/04/2026;01:30:00;Cerrada
;REQ 2026-006414;PRY;DATOS;ACARRASCO;25_Desarrollo_Datos;30/04/2026;09:30:00;Cerrada
;REQ 2026-019699;EXP;SIC;AINGA;25_Desarrollo_Datos;04/05/2026;02:00:00;Cerrada
;REQ 2026-006414;PRY;DATOS;ACARRASCO;25_Desarrollo_Datos;04/05/2026;06:00:00;Cerrada
;REQ 2026-020426;REQ;DATOS;AINGA;25_Desarrollo_Datos;04/05/2026;02:00:00;Cerrada
;REQ 2026-020179;REQ;DATOS;AINGA;25_Desarrollo_Datos;04/05/2026;02:00:00;Cerrada
;REQ 2026-020432;EXP;DATOS;AINGA;25_Desarrollo_Datos;04/05/2026;02:00:00;Cerrada
;REQ 2026-006414;PRY;DATOS;ACARRASCO;28_Reunion de Entendimiento_Datos;04/05/2026;04:00:00;Cerrada
;REQ 2026-006414;PRY;DATOS;AINGA;30_Reunion Interna DEV_Datos;04/05/2026;02:00:00;Cerrada
;REQ 2026-006414;PRY;DATOS;ACARRASCO;25_Desarrollo_Datos;05/05/2026;03:00:00;Cerrada
;REQ 2026-006414;PRY;DATOS;ACARRASCO;25_Desarrollo_Datos;05/05/2026;05:00:00;Cerrada
;INC 2026-020747;INC;DATOS;AINGA;25_Desarrollo_Datos;05/05/2026;02:30:00;Cerrada
;REQ 2026-020808;REQ;DATOS;AINGA;25_Desarrollo_Datos;05/05/2026;02:00:00;Cerrada
;REQ 2026-006414;PRY;DATOS;AINGA;28_Reunion de Entendimiento_Datos;05/05/2026;02:30:00;Cerrada
;REQ 2026-006414;PRY;DATOS;AINGA;28_Reunion de Entendimiento_Datos;05/05/2026;03:00:00;Cerrada
;REQ 2026-006414;PRY;DATOS;ACARRASCO;28_Reunion de Entendimiento_Datos;05/05/2026;02:00:00;Cerrado
;REQ 2026-021343;REQ;DATOS;AINGA;24_Analisis_Datos;06/05/2026;04:30:00;Cerrado
;REQ 2026-003857;REQ;DATOS;AINGA;25_Desarrollo_Datos;;05:00:00;Cerrado
;REQ 2026-006414;PRY;DATOS;ACARRASCO;25_Desarrollo_Datos;06/05/2026;01:30:00;Cerrado
;REQ 2026-006414;PRY;DATOS;ACARRASCO;25_Desarrollo_Datos;06/05/2026;05:30:00;Cerrado
;REQ 2026-006414;PRY;DATOS;ACARRASCO;25_Desarrollo_Datos;06/05/2026;03:00:00;Cerrado
;REQ 2026-006414;PRY;DATOS;ACARRASCO;25_Desarrollo_Datos;06/05/2026;02:00:00;Cerrado
;REQ 2026-020875;REQ;DATOS;AINGA;24_Analisis_Datos;07/05/2026;02:00:00;Cerrado
;REQ 2026-003857;REQ;DATOS;AINGA;25_Desarrollo_Datos;07/05/2026;03:30:00;Cerrado
;REQ 2026-006414;PRY;DATOS;ACARRASCO;25_Desarrollo_Datos;07/05/2026;04:00:00;Cerrado
;REQ 2026-006414;PRY;DATOS;ACARRASCO;25_Desarrollo_Datos;07/05/2026;03:00:00;Cerrado
;REQ 2026-006414;PRY;DATOS;ACARRASCO;25_Desarrollo_Datos;07/05/2026;01:00:00;Cerrada
;REQ 2026-021664;REQ;DATOS;ACARRASCO;25_Desarrollo_Datos;07/05/2026;00:30:00;Cerrada
;REQ 2026-006414;PRY;DATOS;AINGA;28_Reunion de Entendimiento_Datos;07/05/2026;04:00:00;Cerrada
;REQ 2026-006414;PRY;DATOS;ACARRASCO;28_Reunion de Entendimiento_Datos;07/05/2026;01:30:00;Cerrada
;REQ 2026-020875;REQ;DATOS;AINGA;25_Desarrollo_Datos;08/05/2026;01:45:00;Cerrada
;REQ 2026-021343;REQ;DATOS;AINGA;25_Desarrollo_Datos;08/05/2026;02:45:00;Cerrada
;REQ 2026-021343;REQ;DATOS;AINGA;25_Desarrollo_Datos;08/05/2026;05:00:00;Cerrado
;REQ 2026-006414;PRY;DATOS;ACARRASCO;25_Desarrollo_Datos;08/05/2026;10:00:00;Cerrada
;REQ 2026-006414;PRY;DATOS;AINGA;30_Reunion Interna DEV_Datos;11/05/2026;04:00:00;Cerrada
;REQ 2026-021542;REQ;DATOS;AINGA;25_Desarrollo_Datos;;01:30:00;Cerrada
;REQ 2026-021929;EXP;DATOS;AINGA;25_Desarrollo_Datos;11/05/2026;01:30:00;Cerrada
;REQ 2026-003857;REQ;DATOS;AINGA;32_Reunion Seguimiento_Datos;11/05/2026;01:30:00;Cerrada
;REQ 2026-022344;REQ;DATOS;AINGA;24_Analisis_Datos;11/05/2026;00:30:00;Cerrada
;REQ 2026-021343;REQ;DATOS;AINGA;32_Reunion Seguimiento_Datos;11/05/2026;01:00:00;Cerrada
;REQ 2026-006414;PRY;DATOS;ACARRASCO;28_Reunion de Entendimiento_Datos;11/05/2026;03:00:00;Cerrada
;REQ 2026-021343;REQ;DATOS;ACARRASCO;28_Reunion de Entendimiento_Datos;11/05/2026;01:00:00;Cerrada
;REQ 2026-006414;PRY;DATOS;ACARRASCO;25_Desarrollo_Datos;11/05/2026;06:00:00;Cerrada
;REQ 2026-006414;PRY;DATOS;AINGA;24_Analisis_Datos;12/05/2026;03:30:00;Cerrada
;REQ 2026-021343;REQ;DATOS;AINGA;24_Analisis_Datos;12/05/2026;02:00:00;Cerrada
;REQ 2026-021343;REQ;DATOS;AINGA;24_Analisis_Datos;12/05/2026;02:00:00;Cerrada
;REQ 2026-006414;PRY;DATOS;AINGA;24_Analisis_Datos;12/05/2026;02:00:00;Cerrada
;REQ 2026-021343;REQ;DATOS;AINGA;24_Analisis_Datos;12/05/2026;;Cerrada
;REQ 2026-006414;PRY;DATOS;ACARRASCO;24_Analisis_Datos;12/05/2026;01:30:00;Cerrada
;REQ 2026-006414;PRY;DATOS;ACARRASCO;25_Desarrollo_Datos;12/05/2026;08:30:00;Cerrada
;REQ 2026-022325;REQ;HIS;AINGA;25_Desarrollo_Datos;13/05/2026;02:00:00;Cerrada
;REQ 2026-021343;REQ;DATOS;AINGA;25_Desarrollo_Datos;13/05/2026;02:00:00;Cerrada
;REQ 2026-021343;REQ;DATOS;AINGA;25_Desarrollo_Datos;13/05/2026;02:00:00;Cerrada
;REQ 2026-006414;PRY;DATOS;AINGA;25_Desarrollo_Datos;13/05/2026;02:00:00;Cerrada
;REQ 2026-021343;REQ;DATOS;AINGA;25_Desarrollo_Datos;13/05/2026;02:00:00;Cerrada
;REQ 2026-006414;PRY;DATOS;ACARRASCO;25_Desarrollo_Datos;13/05/2026;03:00:00;Cerrada
;REQ 2026-006414;PRY;DATOS;ACARRASCO;25_Desarrollo_Datos;13/05/2026;07:00:00;Cerrada
;REQ 2026-006414;PRY;DATOS;AINGA;25_Desarrollo_Datos;14/05/2026;06:00:00;Cerrada
;REQ 2026-006414;PRY;DATOS;AINGA;25_Desarrollo_Datos;14/05/2026;03:30:00;Cerrada
;REQ 2026-006414;PRY;DATOS;ACARRASCO;30_Reunion Interna DEV_Datos;14/05/2026;03:30:00;Cerrada
;REQ 2026-006414;PRY;DATOS;ACARRASCO;25_Desarrollo_Datos;14/05/2026;06:30:00;Cerrada
;REQ 2026-006414;PRY;DATOS;ACARRASCO;25_Desarrollo_Datos;15/05/2026;10:00:00;Cerrada
;REQ 2026-006414;PRY;DATOS;AINGA;25_Desarrollo_Datos;15/05/2026;10:00:00;Cerrada
;REQ 2026-021343;REQ;DATOS;AINGA;25_Desarrollo_Datos;18/05/2026;08:00:00;Cerrada
;REQ 2026-023592;EXP;DATOS;AINGA;25_Desarrollo_Datos;18/05/2026;01:30:00;Cerrada
;REQ 2026-006414;PRY;DATOS;ACARRASCO;25_Desarrollo_Datos;18/05/2026;08:30:00;Cerrada
;REQ 2026-006414;PRY;DATOS;ACARRASCO;24_Analisis_Datos;18/05/2026;01:30:00;Cerrada
;REQ 2026-006414;PRY;DATOS;AINGA;25_Desarrollo_Datos;19/05/2026;02:00:00;Cerrada
;REQ 2026-023757;EXP;DATOS;AINGA;25_Desarrollo_Datos;19/05/2026;02:00:00;Cerrada
;REQ 2026-006414;PRY;DATOS;ACARRASCO;30_Reunion Interna DEV_Datos;19/05/2026;01:30:00;Cerrada
;REQ 2026-021343;REQ;DATOS;AINGA;25_Desarrollo_Datos;19/05/2026;05:00:00;Cerrada
;REQ 2026-006414;PRY;DATOS;AINGA;25_Desarrollo_Datos;19/05/2026;01:30:00;Cerrada
;REQ 2026-006414;PRY;DATOS;ACARRASCO;26_Estimacion de Actividades_Datos;19/05/2026;01:00:00;Cerrada
;REQ 2026-006414;PRY;DATOS;ACARRASCO;25_Desarrollo_Datos;19/05/2026;06:00:00;Cerrada
;REQ 2026-006414;PRY;DATOS;ACARRASCO;28_Reunion de Entendimiento_Datos;19/05/2026;01:30:00;Cerrada
;REQ 2026-021343;REQ;DATOS;AINGA;25_Desarrollo_Datos;20/05/2026;12:00:00;Cerrada
;REQ 2026-025359;REQ;DATOS;ACARRASCO;24_Analisis_Datos;20/05/2026;07:00:00;Cerrado
;REQ 2026-006414;PRY;DATOS;ACARRASCO;29_Acompañamiento PRD_Datos;20/05/2026;03:00:00;Cerrado
;REQ 2026-021343;REQ;DATOS;AINGA;20_Reunion Seguimiento;21/05/2026;01:30:00;Cerrado
;REQ 2026-024024;REQ;MAC;AINGA;24_Analisis_Datos;21/05/2026;01:30:00;Cerrada
;REQ 2026-023264;REQ;DATOS;AINGA;24_Analisis_Datos;21/05/2026;01:30:00;Cerrada
;REQ 2026-021343;REQ;DATOS;AINGA;24_Analisis_Datos;21/05/2026;05:30:00;Cerrada
;REQ 2026-025359;REQ;DATOS;ACARRASCO;24_Analisis_Datos;21/05/2026;10:00:00;Cerrada
;REQ 2026-025359;REQ;DATOS;ACARRASCO;25_Desarrollo_Datos;22/05/2026;12:00:00;Cerrada
;REQ 2026-021343;REQ;DATOS;AINGA;24_Analisis_Datos;22/05/2026;09:30:00;Cerrada
;REQ 2026-021343;REQ;DATOS;AINGA;24_Analisis_Datos;25/05/2026;09:30:00;Cerrada
;REQ 2026-025359;REQ;DATOS;ACARRASCO;24_Analisis_Datos;25/05/2026;10:00:00;Cerrada
;REQ 2026-021343;REQ;DATOS;AINGA;24_Analisis_Datos;26/05/2026;09:30:00;Cerrada
;REQ 2026-025359;REQ;DATOS;ACARRASCO;24_Analisis_Datos;26/05/2026;07:00:00;Cerrada
;REQ 2026-006414;PRY;DATOS;ACARRASCO;;24/16/2026;03:00:00;Cerrada
;REQ 2026-025359;REQ;DATOS;ACARRASCO;24_Analisis_Datos;27/05/2026;07:00:00;Cerrada
;REQ 2026-006414;PRY;DATOS;ACARRASCO;25_Desarrollo_Datos;27/05/2026;01:30:00;Cerrada
;REQ 2026-025359;REQ;DATOS;ACARRASCO;24_Analisis_Datos;27/05/2026;01:30:00;Cerrada
;REQ 2026-021343;REQ;DATOS;AINGA;25_Desarrollo_Datos;;06:30:00;Cerrada
;REQ 2026-021343;REQ;DATOS;AINGA;24_Analisis_Datos;27/05/2026;03:30:00;Cerrada
;REQ 2026-021343;REQ;DATOS;ACARRASCO;28_Reunion de Entendimiento_Datos;28/05/2026;01:00:00;Cerrada
;REQ 2026-021343;REQ;DATOS;AINGA;28_Reunion de Entendimiento_Datos;28/05/2026;02:00:00;Cerrada
;REQ 2026-025359;REQ;DATOS;ACARRASCO;25_Desarrollo_Datos;;09:00:00;Cerrada
;REQ 2026-021343;REQ;DATOS;AINGA;24_Analisis_Datos;28/05/2026;05:00:00;Cerrada
;REQ 2026-006414;PRY;DATOS;ACARRASCO;04_Desarrollo;29/05/2026;10:00:00;Cerrada
;REQ 2026-021343;REQ;DATOS;AINGA;24_Analisis_Datos;29/05/2026;10:00:00;Cerrada
;REQ 2026-021343;REQ;DATOS;AINGA;25_Desarrollo_Datos;01/06/2026;05:00:00;Cerrada
;REQ 2026-025749;REQ;SIC;AINGA;25_Desarrollo_Datos;01/06/2026;01:30:00;Cerrada
;REQ 2026-026932;EXP;DATOS;AINGA;25_Desarrollo_Datos;01/06/2026;02:00:00;Cerrada
;REQ 2026-026980;REQ;DATOS;AINGA;25_Desarrollo_Datos;01/06/2026;01:00:00;Cerrada
;REQ 2026-006414;PRY;DATOS;ACARRASCO;25_Desarrollo_Datos;01/06/2026;03:00:00;Cerrada
;REQ 2026-025359;REQ;DATOS;ACARRASCO;25_Desarrollo_Datos;01/06/2026;05:00:00;Cerrada
;REQ 2026-027056;EXP;DATOS;AINGA;25_Desarrollo_Datos;02/06/2026;02:30:00;Cerrada
;REQ 2026-026966;REQ;DATOS;AINGA;25_Desarrollo_Datos;02/06/2026;01:30:00;Cerrada
;REQ 2026-027003;REQ;DATOS;AINGA;25_Desarrollo_Datos;02/06/2026;01:30:00;Cerrada
;REQ 2026-021343;REQ;DATOS;AINGA;25_Desarrollo_Datos;02/06/2026;02:00:00;Cerrada
;REQ 2026-021343;REQ;DATOS;AINGA;25_Desarrollo_Datos;02/06/2026;02:00:00;Cerrada
;REQ 2026-021343;REQ;DATOS;ACARRASCO;27_Seguimiento Requerimiento_Datos;02/06/2026;02:00:00;Cerrada
;REQ 2026-006414;PRY;DATOS;ACARRASCO;25_Desarrollo_Datos;;08:00:00;Cerrada
;REQ 2026-021343;REQ;DATOS;AINGA;25_Desarrollo_Datos;;07:00:00;Cerrada
;REQ 2026-006414;PRY;DATOS;AINGA;28_Reunion de Entendimiento_Datos;03/06/2026;02:30:00;Cerrada
;REQ 2026-006414;PRY;DATOS;ACARRASCO;25_Desarrollo_Datos;;10:00:00;Cerrada
;REQ 2026-027024;REQ;DATOS;AINGA;24_Analisis_Datos;04/06/2026;01:30:00;Cerrada
;REQ 2026-027491;EXP;DATOS;AINGA;24_Analisis_Datos;24/16/2026;01:30:00;Cerrada
;REQ 2026-021343;REQ;DATOS;AINGA;25_Desarrollo_Datos;;06:00:00;Cerrada
;REQ 2026-025359;REQ;DATOS;ACARRASCO;24_Analisis_Datos;04/06/2026;04:00:00;Cerrada
;REQ 2026-006414;PRY;DATOS;ACARRASCO;24_Analisis_Datos;04/06/2026;02:00:00;Cerrada
;REQ 2026-025359;REQ;DATOS;ACARRASCO;24_Analisis_Datos;04/06/2026;04:00:00;Cerrada
;REQ 2026-006414;PRY;DATOS;AINGA;28_Reunion de Entendimiento_Datos;04/06/2026;01:00:00;Cerrada
;REQ 2026-021343;REQ;DATOS;AINGA;24_Analisis_Datos;05/06/2026;09:30:00;Cerrada
;REQ 2026-025359;REQ;DATOS;ACARRASCO;25_Desarrollo_Datos;05/06/2026;10:00:00;Cerrada
;REQ 2026-025359;REQ;DATOS;ACARRASCO;25_Desarrollo_Datos;07/06/2026;04:00:00;Cerrada
;REQ 2026-021343;REQ;DATOS;AINGA;24_Analisis_Datos;08/06/2026;09:30:00;Cerrada
;REQ 2026-025359;REQ;DATOS;ACARRASCO;25_Desarrollo_Datos;08/06/2026;10:00:00;Cerrada
;REQ 2026-025359;REQ;DATOS;ACARRASCO;25_Desarrollo_Datos;09/06/2026;06:00:00;Cerrada
;REQ 2026-006414;PRY;DATOS;ACARRASCO;25_Desarrollo_Datos;09/06/2026;04:00:00;Cerrada
;REQ 2026-021343;REQ;DATOS;AINGA;25_Desarrollo_Datos;09/06/2026;09:30:00;Cerrada
;REQ 2024-023822;PRY;HCE UNIFICADA;AINGA;25_Desarrollo_Datos;10/06/2026;04:00:00;Cerrada
;REQ 2026-024874;REQ;SIC;AINGA;25_Desarrollo_Datos;10/06/2026;02:00:00;Cerrada
;REQ 2026-028537;REQ;DATOS;AINGA;25_Desarrollo_Datos;10/06/2026;01:30:00;Cerrada
;REQ 2026-006414;PRY;DATOS;AINGA;32_Reunion Seguimiento_Datos;10/06/2026;01:30:00;Cerrada
;REQ 2024-023822;PRY;HCE UNIFICADA;AINGA;24_Analisis_Datos;10/06/2026;01:00:00;Cerrada
;REQ 2026-006414;PRY;DATOS;ACARRASCO;25_Desarrollo_Datos;10/06/2026;10:00:00;Cerrada
;REQ 2026-027796;REQ;SIC;AINGA;24_Analisis_Datos;11/06/2026;02:30:00;Cerrada
;REQ 2026-006414;PRY;DATOS;AINGA;24_Analisis_Datos;11/06/2026;01:30:00;Cerrado
;REQ 2026-027796;REQ;SIC;ACARRASCO;24_Analisis_Datos;11/06/2026;02:30:00;Cerrada
;REQ 2026-006414;PRY;DATOS;AINGA;32_Reunion Seguimiento_Datos;11/06/2026;;Cerrada
;REQ 2026-025359;REQ;DATOS;AINGA;25_Desarrollo_Datos;11/06/2026;02:00:00;Cerrada
;REQ 2026-025359;REQ;DATOS;ACARRASCO;27_Seguimiento Requerimiento_Datos;11/06/2026;02:00:00;Cerrado
;REQ 2026-006414;PRY;DATOS;ACARRASCO;30_Reunion Interna DEV_Datos;24/16/2026;01:30:00;Cerrada
;REQ 2026-016325;REQ;SIC;AINGA;32_Reunion Seguimiento_Datos;11/06/2026;01:00:00;Cerrada
;REQ 2026-021343;REQ;DATOS;AINGA;24_Analisis_Datos;11/06/2026;02:30:00;Cerrada
;REQ 2026-006414;PRY;DATOS;ACARRASCO;25_Desarrollo_Datos;11/06/2026;04:00:00;Cerrada
;REQ 2026-006414;PRY;DATOS;ACARRASCO;25_Desarrollo_Datos;12/06/2026;05:00:00;Cerrada
;REQ 2026-025359;REQ;DATOS;ACARRASCO;28_Reunion de Entendimiento_Datos;12/06/2026;05:00:00;Cerrada
;REQ 2026-006414;PRY;DATOS;ACARRASCO;25_Desarrollo_Datos;15/06/2026;02:30:00;Cerrada
;REQ 2026-025359;REQ;DATOS;ACARRASCO;24_Analisis_Datos;15/06/2026;02:00:00;Cerrada
;REQ 2026-030248;REQ;SIC;ACARRASCO;24_Analisis_Datos;15/06/2026;01:30:00;Cerrada
;REQ 2026-006414;PRY;DATOS;ACARRASCO;25_Desarrollo_Datos;15/06/2026;02:30:00;Cerrada
;REQ 2026-025359;REQ;DATOS;ACARRASCO;28_Reunion de Entendimiento_Datos;16/06/2026;02:00:00;Cerrada
;REQ 2026-025359;REQ;DATOS;ACARRASCO;24_Analisis_Datos;16/06/2026;02:00:00;Cerrada
;REQ 2026-030248;REQ;SIC;ACARRASCO;24_Analisis_Datos;16/06/2026;01:30:00;Cerrada
;REQ 2026-025359;REQ;DATOS;ACARRASCO;25_Desarrollo_Datos;16/06/2026;03:00:00;Cerrada
;REQ 2026-006414;PRY;DATOS;ACARRASCO;24_Analisis_Datos;17/06/2026;02:00:00;Cerrada
;REQ 2026-006414;PRY;DATOS;ACARRASCO;28_Reunion de Entendimiento_Datos;17/06/2026;01:00:00;Cerrada
;REQ 2026-006414;PRY;DATOS;ACARRASCO;25_Desarrollo_Datos;17/06/2026;02:00:00;Cerrada
;REQ 2026-006414;PRY;DATOS;ACARRASCO;25_Desarrollo_Datos;17/06/2026;03:30:00;Cerrada
;REQ 2026-006414;PRY;DATOS;ACARRASCO;24_Analisis_Datos;18/06/2026;02:00:00;Cerrada
;REQ 2026-006414;PRY;DATOS;ACARRASCO;24_Analisis_Datos;18/06/2026;02:30:00;Cerrada
;REQ 2026-028918;REQ;SIC;ACARRASCO;24_Analisis_Datos;19/06/2026;01:00:00;Cerrada
;REQ 2026-028918;REQ;SIC;ACARRASCO;24_Analisis_Datos;19/06/2026;01:30:00;Cerrada
;REQ 2026-006414;PRY;DATOS;ACARRASCO;25_Desarrollo_Datos;19/06/2026;02:00:00;Cerrada
;REQ 2026-028918;REQ;SIC;ACARRASCO;25_Desarrollo_Datos;19/06/2026;01:30:00;Cerrada
;REQ 2026-006414;PRY;DATOS;ACARRASCO;25_Desarrollo_Datos;19/06/2026;02:30:00;Cerrada
;REQ 2026-028918;REQ;SIC;ACARRASCO;24_Analisis_Datos;22/06/2026;01:00:00;Cerrada
;REQ 2026-006414;PRY;DATOS;ACARRASCO;25_Desarrollo_Datos;22/06/2026;02:30:00;Cerrada
;REQ 2026-006414;PRY;DATOS;ACARRASCO;25_Desarrollo_Datos;22/06/2026;03:00:00;Cerrada
;REQ 2026-006414;PRY;DATOS;ACARRASCO;24_Analisis_Datos;22/06/2026;02:00:00;Cerrada
;REQ 2026-006414;PRY;DATOS;ACARRASCO;28_Reunion de Entendimiento_Datos;23/06/2026;02:00:00;Cerrada
;REQ 2026-006414;PRY;DATOS;ACARRASCO;25_Desarrollo_Datos;23/06/2026;02:00:00;Cerrada
;REQ 2026-006414;PRY;DATOS;ACARRASCO;25_Desarrollo_Datos;23/06/2026;02:30:00;Cerrada
;REQ 2026-006414;PRY;DATOS;ACARRASCO;24_Analisis_Datos;24/16/2026;02:00:00;Cerrada
;REQ 2026-006414;PRY;DATOS;ACARRASCO;25_Desarrollo_Datos;24/06/2026;02:00:00;Cerrada
;REQ 2026-006414;PRY;DATOS;ACARRASCO;25_Desarrollo_Datos;24/06/2026;02:30:00;Cerrada
;REQ 2026-006414;PRY;DATOS;ACARRASCO;24_Analisis_Datos;24/06/2026;02:00:00;Cerrada
;REQ 2026-006414;PRY;DATOS;ACARRASCO;28_Reunion de Entendimiento_Datos;25/06/2026;02:00:00;Cerrada
;REQ 2026-006414;PRY;DATOS;ACARRASCO;25_Desarrollo_Datos;25/06/2026;02:00:00;Cerrada
;REQ 2026-006414;PRY;DATOS;ACARRASCO;25_Desarrollo_Datos;25/06/2026;02:30:00;Cerrado
;REQ 2026-006414;PRY;DATOS;ACARRASCO;25_Desarrollo_Datos;26/06/2026;02:30:00;Cerrado
;REQ 2026-006414;PRY;DATOS;ACARRASCO;25_Desarrollo_Datos;26/06/2026;02:30:00;Cerrada
;REQ 2026-006414;PRY;DATOS;ACARRASCO;26_Estimacion de Actividades_Datos;26/06/2026;01:30:00;Cerrada
;REQ 2026-006414;PRY;DATOS;ACARRASCO;25_Desarrollo_Datos;29/06/2026;02:00:00;Cerrado
;REQ 2026-006414;PRY;DATOS;ACARRASCO;25_Desarrollo_Datos;29/06/2026;02:00:00;Cerrada
;REQ 2026-006414;PRY;DATOS;ACARRASCO;25_Desarrollo_Datos;29/06/2026;03:00:00;Cerrada
;REQ 2026-006414;PRY;DATOS;ACARRASCO;24_Analisis_Datos;29/06/2026;02:30:00;Cerrada
;REQ 2026-006414;PRY;DATOS;ACARRASCO;25_Desarrollo_Datos;30/06/2026;02:00:00;Cerrada
;REQ 2026-006414;PRY;DATOS;ACARRASCO;25_Desarrollo_Datos;30/06/2026;02:00:00;Cerrada
;REQ 2026-006414;PRY;DATOS;ACARRASCO;25_Desarrollo_Datos;30/06/2026;03:00:00;Cerrada
;REQ 2026-006414;PRY;DATOS;ACARRASCO;26_Estimacion de Actividades_Datos;30/06/2026;02:30:00;Cerrada
;REQ 2026-006414;PRY;DATOS;AINGA;25_Desarrollo_Datos;12/06/2026;02:00:00;Cerrada
;REQ 2026-006414;PRY;DATOS;AINGA;25_Desarrollo_Datos;15/06/2026;02:00:00;Cerrada
;REQ 2026-006414;PRY;DATOS;AINGA;25_Desarrollo_Datos;16/06/2026;02:00:00;Cerrada
;REQ 2026-006414;PRY;DATOS;AINGA;25_Desarrollo_Datos;17/06/2026;02:00:00;Cerrada
;REQ 2026-006414;PRY;DATOS;AINGA;25_Desarrollo_Datos;18/06/2026;02:00:00;Cerrada
;REQ 2026-006414;PRY;DATOS;AINGA;25_Desarrollo_Datos;19/06/2026;02:00:00;Cerrada
;REQ 2026-006414;PRY;DATOS;AINGA;25_Desarrollo_Datos;22/06/2026;02:00:00;Cerrada
;REQ 2026-006414;PRY;DATOS;AINGA;25_Desarrollo_Datos;23/06/2026;02:00:00;Cerrada
;REQ 2026-006414;PRY;DATOS;AINGA;25_Desarrollo_Datos;24/06/2026;02:00:00;Cerrada
;REQ 2026-006414;PRY;DATOS;AINGA;25_Desarrollo_Datos;25/06/2026;02:00:00;Cerrada
;REQ 2026-006414;PRY;DATOS;AINGA;25_Desarrollo_Datos;26/06/2026;02:00:00;Cerrada
;REQ 2026-006414;PRY;DATOS;AINGA;25_Desarrollo_Datos;29/06/2026;02:00:00;Cerrada
;REQ 2026-006414;PRY;DATOS;AINGA;25_Desarrollo_Datos;30/06/2026;02:00:00;Cerrada
;REQ 2026-006414;PRY;DATOS;AINGA;28_Reunion de Entendimiento_Datos;12/06/2026;02:00:00;Cerrada
;REQ 2026-029514;REQ;DATOS;AINGA;24_Analisis_Datos;12/06/2026;05:30:00;Cerrada
;REQ 2026-006414;PRY;DATOS;AINGA;28_Reunion de Entendimiento_Datos;15/06/2026;02:00:00;Cerrada
;REQ 2026-016325;REQ;SIC;AINGA;28_Reunion de Entendimiento_Datos;15/06/2026;02:00:00;Cerrada
;REQ 2026-029514;REQ;DATOS;AINGA;28_Reunion de Entendimiento_Datos;15/06/2026;02:00:00;Cerrada
;REQ 2026-029514;REQ;DATOS;AINGA;25_Desarrollo_Datos;15/06/2026;01:30:00;Cerrada
;REQ 2024-023822;PRY;HCE UNIFICADA;AINGA;25_Desarrollo_Datos;16/06/2026;05:00:00;Cerrada
;REQ 2024-023822;PRY;HCE UNIFICADA;AINGA;25_Desarrollo_Datos;16/06/2026;03:30:00;Cerrada
;REQ 2026-006414;PRY;DATOS;AINGA;28_Reunion de Entendimiento_Datos;17/06/2026;02:00:00;Cerrada
;REQ 2026-029655;REQ;DATOS;AINGA;25_Desarrollo_Datos;17/06/2026;04:00:00;Cerrada
;REQ 2024-023822;PRY;HCE UNIFICADA;AINGA;25_Desarrollo_Datos;17/06/2026;01:30:00;Cerrada
;REQ 2026-029655;REQ;DATOS;AINGA;25_Desarrollo_Datos;18/06/2026;08:00:00;Cerrada
;REQ 2026-006414;PRY;DATOS;AINGA;28_Reunion de Entendimiento_Datos;19/06/2026;02:30:00;Cerrada
;REQ 2026-016325;REQ;SIC;AINGA;28_Reunion de Entendimiento_Datos;19/06/2026;02:00:00;Cerrada
;REQ 2024-023822;PRY;HCE UNIFICADA;AINGA;25_Desarrollo_Datos;19/06/2026;03:00:00;Cerrada
;REQ 2024-023822;PRY;HCE UNIFICADA;AINGA;25_Desarrollo_Datos;22/06/2026;02:00:00;Cerrada
;REQ 2026-016325;REQ;SIC;AINGA;28_Reunion de Entendimiento_Datos;22/06/2026;02:00:00;Cerrada
;REQ 2026-029655;REQ;DATOS;AINGA;25_Desarrollo_Datos;22/06/2026;03:30:00;Cerrada
;REQ 2026-031625;REQ;DATOS;AINGA;25_Desarrollo_Datos;23/06/2026;02:00:00;Cerrada
;REQ 2026-030068;REQ;DATOS;AINGA;25_Desarrollo_Datos;23/06/2026;02:30:00;Cerrada
;REQ 2026-031715;REQ;SIC;AINGA;25_Desarrollo_Datos;23/06/2026;03:00:00;Cerrada
;REQ 2024-023822;PRY;HCE UNIFICADA;AINGA;25_Desarrollo_Datos;24/06/2026;04:00:00;Cerrada
;REQ 2026-029514;REQ;DATOS;AINGA;25_Desarrollo_Datos;24/06/2026;03:30:00;Cerrado
;REQ 2026-031715;REQ;SIC;AINGA;25_Desarrollo_Datos;25/06/2026;06:30:00;Cerrada
;REQ 2026-029514;REQ;DATOS;AINGA;25_Desarrollo_Datos;25/06/2026;01:00:00;Cerrada
;REQ 2026-031715;REQ;SIC;AINGA;25_Desarrollo_Datos;26/06/2026;05:00:00;Cerrada
;REQ 2026-031715;REQ;SIC;AINGA;25_Desarrollo_Datos;26/06/2026;02:30:00;Cerrado
;REQ 2026-006414;PRY;DATOS;AINGA;25_Desarrollo_Datos;29/06/2026;06:00:00;Cerrada
;REQ 2026-006414;PRY;DATOS;AINGA;25_Desarrollo_Datos;29/06/2026;01:00:00;Cerrada
;REQ 2026-029514;REQ;DATOS;AINGA;25_Desarrollo_Datos;30/06/2026;07:30:00;Cerrada
